Entity,Code,Year,Total water withdrawal per capita
Afghanistan,AFG,1975,837.64197
Afghanistan,AFG,1976,917.6413
Afghanistan,AFG,1977,994.585
Afghanistan,AFG,1978,1069.1576
Afghanistan,AFG,1979,1159.7493
Afghanistan,AFG,1980,1300.0901
Afghanistan,AFG,1981,1541.8157
Afghanistan,AFG,1982,1791.3867
Afghanistan,AFG,1983,1921.0571
Afghanistan,AFG,1984,1989.087
Afghanistan,AFG,1985,2060.2861
Afghanistan,AFG,1986,2173.965
Afghanistan,AFG,1987,2292.8975
Afghanistan,AFG,1988,2219.9324
Afghanistan,AFG,1989,2109.702
Afghanistan,AFG,1990,2035.6403
Afghanistan,AFG,1991,1960.1855
Afghanistan,AFG,1992,1766.7267
Afghanistan,AFG,1993,1534.4908
Afghanistan,AFG,1994,1378.3944
Afghanistan,AFG,1995,1281.4988
Afghanistan,AFG,1996,1201.3383
Afghanistan,AFG,1997,1127.7601
Afghanistan,AFG,1998,1058.4229
Afghanistan,AFG,1999,1019.7736
Afghanistan,AFG,2000,1007.56934
Afghanistan,AFG,2001,1000.8101
Afghanistan,AFG,2002,950.4476
Afghanistan,AFG,2003,894.5927
Afghanistan,AFG,2004,863.93445
Afghanistan,AFG,2005,834.79865
Afghanistan,AFG,2006,801.3226
Afghanistan,AFG,2007,786.2994
Afghanistan,AFG,2008,769.29315
Afghanistan,AFG,2009,741.7471
Afghanistan,AFG,2010,720.2955
Afghanistan,AFG,2011,694.1905
Afghanistan,AFG,2012,666.65173
Afghanistan,AFG,2013,644.24915
Afghanistan,AFG,2014,621.2666
Afghanistan,AFG,2015,602.1826
Afghanistan,AFG,2016,587.1049
Afghanistan,AFG,2017,570.84644
Afghanistan,AFG,2018,554.46967
Afghanistan,AFG,2019,538.1666
Afghanistan,AFG,2020,521.4598
Afghanistan,AFG,2021,509.31726
Afghanistan,AFG,2022,502.0572
Afghanistan,AFG,2023,491.44897
Albania,ALB,1990,366.08066
Albania,ALB,1991,363.05948
Albania,ALB,1992,360.56653
Albania,ALB,1993,358.57318
Albania,ALB,1994,356.9819
Albania,ALB,1995,355.64713
Albania,ALB,1996,398.89355
Albania,ALB,1997,442.91357
Albania,ALB,1998,487.9051
Albania,ALB,1999,533.7836
Albania,ALB,2000,580.45306
Albania,ALB,2001,556.06464
Albania,ALB,2002,530.6545
Albania,ALB,2003,505.36746
Albania,ALB,2004,480.34995
Albania,ALB,2005,455.4706
Albania,ALB,2006,417.07632
Albania,ALB,2007,412.76434
Albania,ALB,2008,408.64966
Albania,ALB,2009,404.65585
Albania,ALB,2010,400.75507
Albania,ALB,2011,394.64825
Albania,ALB,2012,386.3706
Albania,ALB,2013,378.20554
Albania,ALB,2014,370.2041
Albania,ALB,2015,317.3911
Albania,ALB,2016,313.33395
Albania,ALB,2017,376.78006
Albania,ALB,2018,331.0033
Albania,ALB,2019,392.02643
Albania,ALB,2020,273.6813
Albania,ALB,2021,279.33398
Albania,ALB,2022,281.86368
Albania,ALB,2023,284.52994
Algeria,DZA,1970,145.09871
Algeria,DZA,1971,148.9474
Algeria,DZA,1972,152.4911
Algeria,DZA,1973,155.70895
Algeria,DZA,1974,158.58855
Algeria,DZA,1975,159.45305
Algeria,DZA,1976,158.44798
Algeria,DZA,1977,158.67426
Algeria,DZA,1978,159.93626
Algeria,DZA,1979,160.78369
Algeria,DZA,1980,161.22813
Algeria,DZA,1981,161.28441
Algeria,DZA,1982,161.02777
Algeria,DZA,1983,160.52055
Algeria,DZA,1984,159.83476
Algeria,DZA,1985,159.02914
Algeria,DZA,1986,162.66956
Algeria,DZA,1987,166.35654
Algeria,DZA,1988,170.05719
Algeria,DZA,1989,173.70589
Algeria,DZA,1990,177.33424
Algeria,DZA,1991,177.58281
Algeria,DZA,1992,177.62947
Algeria,DZA,1993,177.62286
Algeria,DZA,1994,177.86018
Algeria,DZA,1995,178.25822
Algeria,DZA,1996,178.7637
Algeria,DZA,1997,179.35054
Algeria,DZA,1998,180.34367
Algeria,DZA,1999,181.63081
Algeria,DZA,2000,182.8278
Algeria,DZA,2001,185.89018
Algeria,DZA,2002,190.88022
Algeria,DZA,2003,195.7074
Algeria,DZA,2004,200.2399
Algeria,DZA,2005,204.4723
Algeria,DZA,2006,208.37695
Algeria,DZA,2007,211.84343
Algeria,DZA,2008,214.81606
Algeria,DZA,2009,217.40166
Algeria,DZA,2010,219.74327
Algeria,DZA,2011,221.8919
Algeria,DZA,2012,223.79437
Algeria,DZA,2013,228.07555
Algeria,DZA,2014,232.05356
Algeria,DZA,2015,235.73491
Algeria,DZA,2016,244.25517
Algeria,DZA,2017,250.95169
Algeria,DZA,2018,252.26816
Algeria,DZA,2019,253.68861
Algeria,DZA,2020,255.30122
Algeria,DZA,2021,237.28194
Algeria,DZA,2022,241.02087
Algeria,DZA,2023,237.43497
Angola,AGO,1987,45.723614
Angola,AGO,1988,45.330353
Angola,AGO,1989,44.907196
Angola,AGO,1990,44.471226
Angola,AGO,1991,44.029057
Angola,AGO,1992,43.60458
Angola,AGO,1993,43.19569
Angola,AGO,1994,42.749672
Angola,AGO,1995,42.246613
Angola,AGO,1996,41.71311
Angola,AGO,1997,41.16266
Angola,AGO,1998,40.62225
Angola,AGO,1999,40.09347
Angola,AGO,2000,39.549564
Angola,AGO,2001,39.025013
Angola,AGO,2002,38.47135
Angola,AGO,2003,37.87845
Angola,AGO,2004,37.24324
Angola,AGO,2005,36.586704
Angola,AGO,2006,35.26306
Angola,AGO,2007,33.9677
Angola,AGO,2008,32.70825
Angola,AGO,2009,31.488161
Angola,AGO,2010,30.298574
Angola,AGO,2011,29.143188
Angola,AGO,2012,28.033085
Angola,AGO,2013,26.974327
Angola,AGO,2014,25.98601
Angola,AGO,2015,25.06588
Angola,AGO,2016,24.185255
Angola,AGO,2017,23.343931
Angola,AGO,2018,22.55157
Angola,AGO,2019,21.800346
Angola,AGO,2020,21.099436
Angola,AGO,2021,20.438759
Angola,AGO,2022,19.806355
Angola,AGO,2023,19.205492
Antigua and Barbuda,ATG,1990,79.281395
Antigua and Barbuda,ATG,1991,82.45644
Antigua and Barbuda,ATG,1992,84.67317
Antigua and Barbuda,ATG,1993,86.60253
Antigua and Barbuda,ATG,1994,88.366936
Antigua and Barbuda,ATG,1995,89.94674
Antigua and Barbuda,ATG,1996,91.36421
Antigua and Barbuda,ATG,1997,92.70075
Antigua and Barbuda,ATG,1998,94.09057
Antigua and Barbuda,ATG,1999,95.56583
Antigua and Barbuda,ATG,2000,97.00271
Antigua and Barbuda,ATG,2001,99.55873
Antigua and Barbuda,ATG,2002,100.218094
Antigua and Barbuda,ATG,2003,102.03208
Antigua and Barbuda,ATG,2004,103.828575
Antigua and Barbuda,ATG,2005,105.51372
Antigua and Barbuda,ATG,2006,109.70742
Antigua and Barbuda,ATG,2007,113.65067
Antigua and Barbuda,ATG,2008,117.336105
Antigua and Barbuda,ATG,2009,120.83956
Antigua and Barbuda,ATG,2010,124.40487
Antigua and Barbuda,ATG,2011,128.077
Antigua and Barbuda,ATG,2012,131.79005
Antigua and Barbuda,ATG,2013,130.5861
Antigua and Barbuda,ATG,2014,129.55557
Antigua and Barbuda,ATG,2015,128.62239
Antigua and Barbuda,ATG,2016,127.82181
Antigua and Barbuda,ATG,2017,127.11677
Antigua and Barbuda,ATG,2018,126.47648
Antigua and Barbuda,ATG,2019,125.870834
Antigua and Barbuda,ATG,2020,125.20959
Antigua and Barbuda,ATG,2021,124.52761
Antigua and Barbuda,ATG,2022,123.86902
Antigua and Barbuda,ATG,2023,123.23783
Argentina,ARG,1976,1050.1371
Argentina,ARG,1977,1035.5697
Argentina,ARG,1978,1021.04517
Argentina,ARG,1979,1006.74097
Argentina,ARG,1980,992.6716
Argentina,ARG,1981,978.70764
Argentina,ARG,1982,964.9157
Argentina,ARG,1983,951.3367
Argentina,ARG,1984,938.03516
Argentina,ARG,1985,925.099
Argentina,ARG,1986,912.49536
Argentina,ARG,1987,900.15283
Argentina,ARG,1988,887.9319
Argentina,ARG,1989,876.03644
Argentina,ARG,1990,864.6413
Argentina,ARG,1991,853.8499
Argentina,ARG,1992,843.64166
Argentina,ARG,1993,833.809
Argentina,ARG,1994,824.19946
Argentina,ARG,1995,814.9411
Argentina,ARG,1996,815.33466
Argentina,ARG,1997,815.94025
Argentina,ARG,1998,816.7319
Argentina,ARG,1999,817.5774
Argentina,ARG,2000,818.4591
Argentina,ARG,2001,827.21313
Argentina,ARG,2002,835.9169
Argentina,ARG,2003,844.6482
Argentina,ARG,2004,853.27435
Argentina,ARG,2005,861.52515
Argentina,ARG,2006,869.5112
Argentina,ARG,2007,877.5697
Argentina,ARG,2008,885.19183
Argentina,ARG,2009,892.1528
Argentina,ARG,2010,898.89923
Argentina,ARG,2011,905.3295
Argentina,ARG,2012,896.0735
Argentina,ARG,2013,887.21985
Argentina,ARG,2014,878.1131
Argentina,ARG,2015,868.96497
Argentina,ARG,2016,860.5861
Argentina,ARG,2017,853.0355
Argentina,ARG,2018,846.0441
Argentina,ARG,2019,840.0509
Argentina,ARG,2020,835.9893
Argentina,ARG,2021,833.76953
Argentina,ARG,2022,832.01373
Argentina,ARG,2023,829.62946
Armenia,ARM,1995,884.332
Armenia,ARM,1996,840.2203
Armenia,ARM,1997,796.2076
Armenia,ARM,1998,752.5805
Armenia,ARM,1999,708.63196
Armenia,ARM,2000,663.6425
Armenia,ARM,2001,617.2614
Armenia,ARM,2002,567.2807
Armenia,ARM,2003,650.089
Armenia,ARM,2004,927.2662
Armenia,ARM,2005,779.0175
Armenia,ARM,2006,945.3657
Armenia,ARM,2007,948.9653
Armenia,ARM,2008,858.8993
Armenia,ARM,2009,767.8336
Armenia,ARM,2010,675.86053
Armenia,ARM,2011,833.9974
Armenia,ARM,2012,1006.32074
Armenia,ARM,2013,1010.9433
Armenia,ARM,2014,978.46924
Armenia,ARM,2015,1119.4116
Armenia,ARM,2016,1089.4916
Armenia,ARM,2017,984.57495
Armenia,ARM,2018,932.6574
Armenia,ARM,2019,986.57996
Armenia,ARM,2020,978.5905
Armenia,ARM,2021,1033.6724
Armenia,ARM,2022,1066.3429
Armenia,ARM,2023,1043.6935
Australia,AUS,1993,1048.3605
Australia,AUS,1994,1181.1749
Australia,AUS,1995,1098.6251
Australia,AUS,1996,1212.2167
Australia,AUS,1997,1193.8451
Australia,AUS,1998,1176.0417
Australia,AUS,1999,1157.907
Australia,AUS,2000,1139.3197
Australia,AUS,2001,1120.5533
Australia,AUS,2002,1069.9347
Australia,AUS,2003,1020.79
Australia,AUS,2004,972.5926
Australia,AUS,2005,924.5367
Australia,AUS,2006,854.1414
Australia,AUS,2007,783.1951
Australia,AUS,2008,712.9308
Australia,AUS,2009,645.45715
Australia,AUS,2010,617.39044
Australia,AUS,2011,593.2444
Australia,AUS,2012,700.96924
Australia,AUS,2013,849.87823
Australia,AUS,2014,789.9778
Australia,AUS,2015,723.6512
Australia,AUS,2016,699.27026
Australia,AUS,2017,704.30927
Australia,AUS,2018,711.455
Australia,AUS,2019,615.3191
Australia,AUS,2020,524.78674
Australia,AUS,2021,631.0578
Australia,AUS,2022,660.6622
Australia,AUS,2023,633.62146
Australia and New Zealand (FAO),,2001,1054.2839
Australia and New Zealand (FAO),,2002,1027.8551
Australia and New Zealand (FAO),,2003,1001.8033
Australia and New Zealand (FAO),,2004,976.6735
Australia and New Zealand (FAO),,2005,951.73364
Australia and New Zealand (FAO),,2006,907.9269
Australia and New Zealand (FAO),,2007,849.53174
Australia and New Zealand (FAO),,2008,791.46216
Australia and New Zealand (FAO),,2009,735.40753
Australia and New Zealand (FAO),,2010,712.29193
Australia and New Zealand (FAO),,2011,687.71606
Australia and New Zealand (FAO),,2012,773.75555
Australia and New Zealand (FAO),,2013,894.32416
Australia and New Zealand (FAO),,2014,839.1487
Australia and New Zealand (FAO),,2015,778.14575
Australia and New Zealand (FAO),,2016,752.2277
Australia and New Zealand (FAO),,2017,753.69977
Australia and New Zealand (FAO),,2018,757.72675
Australia and New Zealand (FAO),,2019,674.94275
Australia and New Zealand (FAO),,2020,599.0391
Australia and New Zealand (FAO),,2021,686.37897
Australia and New Zealand (FAO),,2022,709.9658
Australia and New Zealand (FAO),,2023,686.95544
Austria,AUT,1980,442.76898
Austria,AUT,1981,447.92798
Austria,AUT,1982,453.8762
Austria,AUT,1983,460.8762
Austria,AUT,1984,467.18866
Austria,AUT,1985,473.24878
Austria,AUT,1986,478.93655
Austria,AUT,1987,484.6273
Austria,AUT,1988,489.91595
Austria,AUT,1989,493.6272
Austria,AUT,1990,495.7404
Austria,AUT,1991,481.55634
Austria,AUT,1992,467.17258
Austria,AUT,1993,454.2905
Austria,AUT,1994,443.51614
Austria,AUT,1995,433.8315
Austria,AUT,1996,445.5016
Austria,AUT,1997,457.23837
Austria,AUT,1998,458.22095
Austria,AUT,1999,458.81277
Austria,AUT,2000,454.05096
Austria,AUT,2001,448.73804
Austria,AUT,2002,442.90945
Austria,AUT,2003,436.70102
Austria,AUT,2004,430.03214
Austria,AUT,2005,423.19754
Austria,AUT,2006,417.2112
Austria,AUT,2007,411.9597
Austria,AUT,2008,406.77908
Austria,AUT,2009,406.80588
Austria,AUT,2010,406.91943
Austria,AUT,2011,402.0595
Austria,AUT,2012,396.75378
Austria,AUT,2013,390.96646
Austria,AUT,2014,384.4983
Austria,AUT,2015,376.82584
Austria,AUT,2016,369.42136
Austria,AUT,2017,363.5333
Austria,AUT,2018,358.45392
Austria,AUT,2019,353.56873
Austria,AUT,2020,351.9625
Austria,AUT,2021,350.17065
Austria,AUT,2022,346.39954
Austria,AUT,2023,343.90497
Azerbaijan,AZE,1992,2187.7507
Azerbaijan,AZE,1993,2177.685
Azerbaijan,AZE,1994,1922.9867
Azerbaijan,AZE,1995,1809.3135
Azerbaijan,AZE,1996,1718.916
Azerbaijan,AZE,1997,1576.8083
Azerbaijan,AZE,1998,1275.2991
Azerbaijan,AZE,1999,1477.4448
Azerbaijan,AZE,2000,1344.3778
Azerbaijan,AZE,2001,1202.5298
Azerbaijan,AZE,2002,1191.3093
Azerbaijan,AZE,2003,1252.0638
Azerbaijan,AZE,2004,1316.2739
Azerbaijan,AZE,2005,1372.5322
Azerbaijan,AZE,2006,1394.0386
Azerbaijan,AZE,2007,1368.8915
Azerbaijan,AZE,2008,1289.3286
Azerbaijan,AZE,2009,1231.4377
Azerbaijan,AZE,2010,1199.32
Azerbaijan,AZE,2011,1220.3778
Azerbaijan,AZE,2012,1277.1725
Azerbaijan,AZE,2013,1261.9407
Azerbaijan,AZE,2014,1203.5961
Azerbaijan,AZE,2015,1198.5215
Azerbaijan,AZE,2016,1203.6365
Azerbaijan,AZE,2017,1215.8287
Azerbaijan,AZE,2018,1211.8787
Azerbaijan,AZE,2019,1245.2432
Azerbaijan,AZE,2020,1198.6176
Azerbaijan,AZE,2021,1267.1029
Azerbaijan,AZE,2022,1259.6034
Azerbaijan,AZE,2023,1256.8075
Bahrain,BHR,1990,464.2611
Bahrain,BHR,1991,469.56372
Bahrain,BHR,1992,475.56918
Bahrain,BHR,1993,481.93652
Bahrain,BHR,1994,487.90317
Bahrain,BHR,1995,493.45905
Bahrain,BHR,1996,498.65332
Bahrain,BHR,1997,503.5586
Bahrain,BHR,1998,508.2584
Bahrain,BHR,1999,512.8452
Bahrain,BHR,2000,517.4307
Bahrain,BHR,2001,500.18564
Bahrain,BHR,2002,470.29382
Bahrain,BHR,2003,440.5406
Bahrain,BHR,2004,417.55243
Bahrain,BHR,2005,397.109
Bahrain,BHR,2006,378.85718
Bahrain,BHR,2007,362.4826
Bahrain,BHR,2008,347.78168
Bahrain,BHR,2009,334.77063
Bahrain,BHR,2010,331.92752
Bahrain,BHR,2011,339.0837
Bahrain,BHR,2012,341.73602
Bahrain,BHR,2013,335.767
Bahrain,BHR,2014,326.46582
Bahrain,BHR,2015,313.43774
Bahrain,BHR,2016,303.86038
Bahrain,BHR,2017,293.1184
Bahrain,BHR,2018,290.05917
Bahrain,BHR,2019,292.39322
Bahrain,BHR,2020,292.90454
Bahrain,BHR,2021,289.25992
Bahrain,BHR,2022,283.28113
Bahrain,BHR,2023,276.74686
Bangladesh,BGD,2008,239.97443
Bangladesh,BGD,2009,237.7485
Bangladesh,BGD,2010,235.67368
Bangladesh,BGD,2011,233.54222
Bangladesh,BGD,2012,231.31474
Bangladesh,BGD,2013,229.15422
Bangladesh,BGD,2014,227.07571
Bangladesh,BGD,2015,225.05511
Bangladesh,BGD,2016,223.05559
Bangladesh,BGD,2017,221.16562
Bangladesh,BGD,2018,219.35738
Bangladesh,BGD,2019,217.50856
Bangladesh,BGD,2020,215.6971
Bangladesh,BGD,2021,213.94635
Bangladesh,BGD,2022,211.76622
Bangladesh,BGD,2023,209.19478
Barbados,BRB,1962,127.53801
Barbados,BRB,1963,132.59976
Barbados,BRB,1964,137.52406
Barbados,BRB,1965,142.31705
Barbados,BRB,1966,146.94118
Barbados,BRB,1967,151.76564
Barbados,BRB,1968,156.9167
Barbados,BRB,1969,162.36142
Barbados,BRB,1970,168.41295
Barbados,BRB,1971,174.58101
Barbados,BRB,1972,180.24658
Barbados,BRB,1973,185.76038
Barbados,BRB,1974,191.4051
Barbados,BRB,1975,197.07336
Barbados,BRB,1976,202.82967
Barbados,BRB,1977,208.64299
Barbados,BRB,1978,214.6682
Barbados,BRB,1979,220.87881
Barbados,BRB,1980,226.61899
Barbados,BRB,1981,231.89394
Barbados,BRB,1982,237.06514
Barbados,BRB,1983,242.1336
Barbados,BRB,1984,247.13635
Barbados,BRB,1985,252.13089
Barbados,BRB,1986,257.19113
Barbados,BRB,1987,262.3606
Barbados,BRB,1988,267.68777
Barbados,BRB,1989,273.1404
Barbados,BRB,1990,278.4422
Barbados,BRB,1991,283.37622
Barbados,BRB,1992,288.16617
Barbados,BRB,1993,293.07312
Barbados,BRB,1994,298.14178
Barbados,BRB,1995,303.38937
Barbados,BRB,1996,308.82614
Barbados,BRB,1997,308.69904
Barbados,BRB,1998,308.64667
Barbados,BRB,1999,308.55087
Barbados,BRB,2000,309.08597
Barbados,BRB,2001,308.65903
Barbados,BRB,2002,306.64627
Barbados,BRB,2003,304.7679
Barbados,BRB,2004,303.03256
Barbados,BRB,2005,301.4447
Barbados,BRB,2006,299.99832
Barbados,BRB,2007,298.57513
Barbados,BRB,2008,297.01392
Barbados,BRB,2009,295.48834
Barbados,BRB,2010,294.28488
Barbados,BRB,2011,293.33054
Barbados,BRB,2012,292.48477
Barbados,BRB,2013,291.71844
Barbados,BRB,2014,291.00262
Barbados,BRB,2015,290.33298
Barbados,BRB,2016,289.70215
Barbados,BRB,2017,289.10916
Barbados,BRB,2018,288.5535
Barbados,BRB,2019,288.04352
Barbados,BRB,2020,287.542
Barbados,BRB,2021,287.0849
Barbados,BRB,2022,286.9105
Barbados,BRB,2023,286.8922
Belarus,BLR,1995,194.16592
Belarus,BLR,1996,191.99083
Belarus,BLR,1997,189.95563
Belarus,BLR,1998,187.90588
Belarus,BLR,1999,185.83112
Belarus,BLR,2000,183.85973
Belarus,BLR,2001,182.20851
Belarus,BLR,2002,180.74736
Belarus,BLR,2003,179.37044
Belarus,BLR,2004,177.93362
Belarus,BLR,2005,176.46136
Belarus,BLR,2006,174.27078
Belarus,BLR,2007,171.7847
Belarus,BLR,2008,169.0775
Belarus,BLR,2009,166.14537
Belarus,BLR,2010,163.10616
Belarus,BLR,2011,162.21996
Belarus,BLR,2012,161.1879
Belarus,BLR,2013,159.96698
Belarus,BLR,2014,165.84488
Belarus,BLR,2015,152.51979
Belarus,BLR,2016,152.85718
Belarus,BLR,2017,147.11783
Belarus,BLR,2018,146.72948
Belarus,BLR,2019,143.92577
Belarus,BLR,2020,142.1247
Belarus,BLR,2021,154.03133
Belarus,BLR,2022,154.14406
Belarus,BLR,2023,157.42107
Belgium,BEL,1980,918.3784
Belgium,BEL,1981,911.465
Belgium,BEL,1982,905.119
Belgium,BEL,1983,899.23004
Belgium,BEL,1984,893.4713
Belgium,BEL,1985,887.6923
Belgium,BEL,1986,881.8403
Belgium,BEL,1987,875.5078
Belgium,BEL,1988,868.7303
Belgium,BEL,1989,861.75183
Belgium,BEL,1990,854.425
Belgium,BEL,1991,845.9819
Belgium,BEL,1992,836.8496
Belgium,BEL,1993,828.4658
Belgium,BEL,1994,820.7844
Belgium,BEL,1995,813.9375
Belgium,BEL,1996,784.737
Belgium,BEL,1997,755.2941
Belgium,BEL,1998,748.64233
Belgium,BEL,1999,741.8894
Belgium,BEL,2000,735.0574
Belgium,BEL,2001,693.76855
Belgium,BEL,2002,652.0873
Belgium,BEL,2003,638.2872
Belgium,BEL,2004,624.0845
Belgium,BEL,2005,609.6259
Belgium,BEL,2006,597.50525
Belgium,BEL,2007,585.13055
Belgium,BEL,2008,568.5496
Belgium,BEL,2009,555.0759
Belgium,BEL,2010,518.0757
Belgium,BEL,2011,482.8497
Belgium,BEL,2012,449.6054
Belgium,BEL,2013,417.9108
Belgium,BEL,2014,384.65247
Belgium,BEL,2015,354.22452
Belgium,BEL,2016,365.97205
Belgium,BEL,2017,386.06332
Belgium,BEL,2018,371.8821
Belgium,BEL,2019,364.72015
Belgium,BEL,2020,352.11978
Belgium,BEL,2021,367.67242
Belgium,BEL,2022,422.79645
Belgium,BEL,2023,420.23093
Belize,BLZ,1987,116.728676
Belize,BLZ,1988,131.80179
Belize,BLZ,1989,146.15999
Belize,BLZ,1990,159.86469
Belize,BLZ,1991,172.99193
Belize,BLZ,1992,185.59512
Belize,BLZ,1993,197.71277
Belize,BLZ,1994,242.1165
Belize,BLZ,1995,283.49673
Belize,BLZ,1996,316.1981
Belize,BLZ,1997,345.4881
Belize,BLZ,1998,371.93576
Belize,BLZ,1999,396.35947
Belize,BLZ,2000,419.43695
Belize,BLZ,2001,406.63745
Belize,BLZ,2002,394.51816
Belize,BLZ,2003,382.89484
Belize,BLZ,2004,371.74927
Belize,BLZ,2005,361.0618
Belize,BLZ,2006,350.84247
Belize,BLZ,2007,341.10098
Belize,BLZ,2008,331.84222
Belize,BLZ,2009,323.08215
Belize,BLZ,2010,315.38354
Belize,BLZ,2011,308.58728
Belize,BLZ,2012,302.02084
Belize,BLZ,2013,295.64407
Belize,BLZ,2014,289.46255
Belize,BLZ,2015,283.44275
Belize,BLZ,2016,276.93616
Belize,BLZ,2017,270.6313
Belize,BLZ,2018,265.63113
Belize,BLZ,2019,261.77432
Belize,BLZ,2020,258.4366
Belize,BLZ,2021,255.47209
Belize,BLZ,2022,250.7865
Belize,BLZ,2023,245.67903
Benin,BEN,1985,24.239687
Benin,BEN,1986,24.557686
Benin,BEN,1987,24.828335
Benin,BEN,1988,25.054152
Benin,BEN,1989,25.239878
Benin,BEN,1990,25.388248
Benin,BEN,1991,25.505184
Benin,BEN,1992,25.590334
Benin,BEN,1993,25.303497
Benin,BEN,1994,25.168104
Benin,BEN,1995,24.103863
Benin,BEN,1996,22.9575
Benin,BEN,1997,21.781088
Benin,BEN,1998,20.626686
Benin,BEN,1999,19.520203
Benin,BEN,2000,18.465141
Benin,BEN,2001,17.459986
Benin,BEN,2002,18.072517
Benin,BEN,2003,18.631021
Benin,BEN,2004,19.13728
Benin,BEN,2005,19.564959
Benin,BEN,2006,19.966248
Benin,BEN,2007,20.358091
Benin,BEN,2008,20.69683
Benin,BEN,2009,21.001724
Benin,BEN,2010,21.273684
Benin,BEN,2011,21.512875
Benin,BEN,2012,21.721926
Benin,BEN,2013,21.90448
Benin,BEN,2014,22.05672
Benin,BEN,2015,22.181768
Benin,BEN,2016,20.43112
Benin,BEN,2017,19.435572
Benin,BEN,2018,18.896345
Benin,BEN,2019,18.386463
Benin,BEN,2020,17.903364
Benin,BEN,2021,17.445219
Benin,BEN,2022,17.006432
Benin,BEN,2023,16.582767
Bhutan,BTN,2008,492.45905
Bhutan,BTN,2009,487.04013
Bhutan,BTN,2010,481.734
Bhutan,BTN,2011,476.47443
Bhutan,BTN,2012,471.22495
Bhutan,BTN,2013,466.0314
Bhutan,BTN,2014,461.03094
Bhutan,BTN,2015,456.3756
Bhutan,BTN,2016,451.95264
Bhutan,BTN,2017,448.0771
Bhutan,BTN,2018,444.87793
Bhutan,BTN,2019,441.93173
Bhutan,BTN,2020,438.9576
Bhutan,BTN,2021,435.8807
Bhutan,BTN,2022,432.82587
Bhutan,BTN,2023,429.8149
Bolivia,BOL,1987,185.2914
Bolivia,BOL,1988,190.10023
Bolivia,BOL,1989,194.63034
Bolivia,BOL,1990,198.91544
Bolivia,BOL,1991,202.97644
Bolivia,BOL,1992,206.87611
Bolivia,BOL,1993,210.6544
Bolivia,BOL,1994,214.30746
Bolivia,BOL,1995,217.84447
Bolivia,BOL,1996,221.25963
Bolivia,BOL,1997,224.57648
Bolivia,BOL,1998,227.79504
Bolivia,BOL,1999,230.87787
Bolivia,BOL,2000,228.69836
Bolivia,BOL,2001,226.59467
Bolivia,BOL,2002,224.52968
Bolivia,BOL,2003,222.46507
Bolivia,BOL,2004,220.39029
Bolivia,BOL,2005,218.3164
Bolivia,BOL,2006,216.2092
Bolivia,BOL,2007,214.0983
Bolivia,BOL,2008,211.96124
Bolivia,BOL,2009,208.46072
Bolivia,BOL,2010,206.20264
Bolivia,BOL,2011,204.0069
Bolivia,BOL,2012,201.87508
Bolivia,BOL,2013,199.81131
Bolivia,BOL,2014,197.82047
Bolivia,BOL,2015,195.898
Bolivia,BOL,2016,194.04126
Bolivia,BOL,2017,192.25128
Bolivia,BOL,2018,190.52553
Bolivia,BOL,2019,188.86057
Bolivia,BOL,2020,186.95717
Bolivia,BOL,2021,184.70668
Bolivia,BOL,2022,182.56868
Bolivia,BOL,2023,180.07852
Botswana,BWA,1985,80.217834
Botswana,BWA,1986,80.36876
Botswana,BWA,1987,80.52256
Botswana,BWA,1988,80.81093
Botswana,BWA,1989,81.17937
Botswana,BWA,1990,81.489105
Botswana,BWA,1991,81.7585
Botswana,BWA,1992,81.882126
Botswana,BWA,1993,86.7066
Botswana,BWA,1994,91.27713
Botswana,BWA,1995,95.67424
Botswana,BWA,1996,99.953514
Botswana,BWA,1997,104.11713
Botswana,BWA,1998,108.133705
Botswana,BWA,1999,111.98559
Botswana,BWA,2000,115.65639
Botswana,BWA,2001,114.48174
Botswana,BWA,2002,113.50751
Botswana,BWA,2003,112.66618
Botswana,BWA,2004,111.82675
Botswana,BWA,2005,110.93627
Botswana,BWA,2006,108.27196
Botswana,BWA,2007,105.591225
Botswana,BWA,2008,102.90132
Botswana,BWA,2009,100.21889
Botswana,BWA,2010,97.560616
Botswana,BWA,2011,95.10331
Botswana,BWA,2012,92.14573
Botswana,BWA,2013,89.27059
Botswana,BWA,2014,86.50838
Botswana,BWA,2015,85.236824
Botswana,BWA,2016,90.076164
Botswana,BWA,2017,85.14404
Botswana,BWA,2018,88.72879
Botswana,BWA,2019,86.613556
Botswana,BWA,2020,93.16886
Botswana,BWA,2021,97.2839
Botswana,BWA,2022,87.415115
Botswana,BWA,2023,88.700935
Brazil,BRA,1987,248.32582
Brazil,BRA,1988,258.9465
Brazil,BRA,1989,269.25507
Brazil,BRA,1990,279.26178
Brazil,BRA,1991,289.0331
Brazil,BRA,1992,298.536
Brazil,BRA,1993,307.79126
Brazil,BRA,1994,316.85135
Brazil,BRA,1995,325.6354
Brazil,BRA,1996,334.16046
Brazil,BRA,1997,331.14996
Brazil,BRA,1998,328.15152
Brazil,BRA,1999,325.2709
Brazil,BRA,2000,322.66724
Brazil,BRA,2001,320.3041
Brazil,BRA,2002,318.14505
Brazil,BRA,2003,316.184
Brazil,BRA,2004,314.3832
Brazil,BRA,2005,312.68933
Brazil,BRA,2006,311.11188
Brazil,BRA,2007,330.20013
Brazil,BRA,2008,349.06204
Brazil,BRA,2009,367.76352
Brazil,BRA,2010,386.31522
Brazil,BRA,2011,370.63828
Brazil,BRA,2012,355.198
Brazil,BRA,2013,339.9868
Brazil,BRA,2014,325.01166
Brazil,BRA,2015,316.63235
Brazil,BRA,2016,326.29965
Brazil,BRA,2017,320.8544
Brazil,BRA,2018,322.64752
Brazil,BRA,2019,325.08182
Brazil,BRA,2020,321.38278
Brazil,BRA,2021,321.21167
Brazil,BRA,2022,323.01917
Brazil,BRA,2023,306.89957
Brunei,BRN,1991,289.41742
Brunei,BRN,1992,301.41373
Brunei,BRN,1993,312.90823
Brunei,BRN,1994,323.83932
Brunei,BRN,1995,315.93893
Brunei,BRN,1996,308.43967
Brunei,BRN,1997,301.30197
Brunei,BRN,1998,294.5079
Brunei,BRN,1999,288.0297
Brunei,BRN,2000,281.842
Brunei,BRN,2001,275.99033
Brunei,BRN,2002,270.50946
Brunei,BRN,2003,265.40732
Brunei,BRN,2004,260.68933
Brunei,BRN,2005,256.32773
Brunei,BRN,2006,252.28807
Brunei,BRN,2007,248.06369
Brunei,BRN,2008,243.51959
Brunei,BRN,2009,238.99052
Brunei,BRN,2010,234.49527
Brunei,BRN,2011,230.35216
Brunei,BRN,2012,226.84879
Brunei,BRN,2013,223.73431
Brunei,BRN,2014,220.75558
Brunei,BRN,2015,217.90027
Brunei,BRN,2016,215.17247
Brunei,BRN,2017,212.58307
Brunei,BRN,2018,210.13705
Brunei,BRN,2019,207.82506
Brunei,BRN,2020,205.63094
Brunei,BRN,2021,203.66576
Brunei,BRN,2022,202.03374
Brunei,BRN,2023,200.45822
Bulgaria,BGR,1980,1600.5352
Bulgaria,BGR,1981,1593.42
Bulgaria,BGR,1982,1586.9432
Bulgaria,BGR,1983,1581.27
Bulgaria,BGR,1984,1575.8544
Bulgaria,BGR,1985,1572.7458
Bulgaria,BGR,1986,1512.7551
Bulgaria,BGR,1987,1451.5118
Bulgaria,BGR,1988,1390.941
Bulgaria,BGR,1989,1339.2596
Bulgaria,BGR,1990,864.1296
Bulgaria,BGR,1991,859.5647
Bulgaria,BGR,1992,855.8765
Bulgaria,BGR,1993,847.62756
Bulgaria,BGR,1994,834.91376
Bulgaria,BGR,1995,823.006
Bulgaria,BGR,1996,811.5961
Bulgaria,BGR,1997,800.7933
Bulgaria,BGR,1998,790.2408
Bulgaria,BGR,1999,778.6918
Bulgaria,BGR,2000,766.5752
Bulgaria,BGR,2001,735.73
Bulgaria,BGR,2002,838.088
Bulgaria,BGR,2003,880.8262
Bulgaria,BGR,2004,852.85706
Bulgaria,BGR,2005,848.3615
Bulgaria,BGR,2006,843.8434
Bulgaria,BGR,2007,817.46295
Bulgaria,BGR,2008,846.736
Bulgaria,BGR,2009,817.44
Bulgaria,BGR,2010,801.2936
Bulgaria,BGR,2011,865.18677
Bulgaria,BGR,2012,781.0564
Bulgaria,BGR,2013,752.69116
Bulgaria,BGR,2014,744.2151
Bulgaria,BGR,2015,784.31024
Bulgaria,BGR,2016,798.2202
Bulgaria,BGR,2017,799.6455
Bulgaria,BGR,2018,772.26996
Bulgaria,BGR,2019,777.2954
Bulgaria,BGR,2020,716.6498
Bulgaria,BGR,2021,758.3
Bulgaria,BGR,2022,797.2617
Bulgaria,BGR,2023,773.1242
Burkina Faso,BFA,1985,36.250298
Burkina Faso,BFA,1986,36.734188
Burkina Faso,BFA,1987,37.194744
Burkina Faso,BFA,1988,37.62215
Burkina Faso,BFA,1989,38.012928
Burkina Faso,BFA,1990,38.36514
Burkina Faso,BFA,1991,38.713596
Burkina Faso,BFA,1992,39.04759
Burkina Faso,BFA,1993,40.038082
Burkina Faso,BFA,1994,40.942036
Burkina Faso,BFA,1995,41.758442
Burkina Faso,BFA,1996,42.509407
Burkina Faso,BFA,1997,43.187542
Burkina Faso,BFA,1998,43.72221
Burkina Faso,BFA,1999,51.580833
Burkina Faso,BFA,2000,58.917408
Burkina Faso,BFA,2001,59.87474
Burkina Faso,BFA,2002,59.66613
Burkina Faso,BFA,2003,59.39829
Burkina Faso,BFA,2004,59.074703
Burkina Faso,BFA,2005,58.713234
Burkina Faso,BFA,2006,56.909466
Burkina Faso,BFA,2007,55.209442
Burkina Faso,BFA,2008,53.610893
Burkina Faso,BFA,2009,52.068527
Burkina Faso,BFA,2010,50.56719
Burkina Faso,BFA,2011,49.094017
Burkina Faso,BFA,2012,47.63489
Burkina Faso,BFA,2013,46.22668
Burkina Faso,BFA,2014,44.872417
Burkina Faso,BFA,2015,43.562805
Burkina Faso,BFA,2016,42.307014
Burkina Faso,BFA,2017,41.117085
Burkina Faso,BFA,2018,40.022923
Burkina Faso,BFA,2019,39.023083
Burkina Faso,BFA,2020,38.08426
Burkina Faso,BFA,2021,37.18986
Burkina Faso,BFA,2022,36.340958
Burkina Faso,BFA,2023,35.525406
Burundi,BDI,1987,19.055653
Burundi,BDI,1988,21.333565
Burundi,BDI,1989,23.56177
Burundi,BDI,1990,25.66373
Burundi,BDI,1991,27.673582
Burundi,BDI,1992,29.41204
Burundi,BDI,1993,32.900192
Burundi,BDI,1994,35.21805
Burundi,BDI,1995,35.555733
Burundi,BDI,1996,37.913456
Burundi,BDI,1997,40.298798
Burundi,BDI,1998,41.873672
Burundi,BDI,1999,43.164234
Burundi,BDI,2000,44.511806
Burundi,BDI,2001,43.17218
Burundi,BDI,2002,41.740105
Burundi,BDI,2003,40.217773
Burundi,BDI,2004,38.53006
Burundi,BDI,2005,36.916958
Burundi,BDI,2006,35.563057
Burundi,BDI,2007,34.22569
Burundi,BDI,2008,32.798088
Burundi,BDI,2009,31.135735
Burundi,BDI,2010,29.671629
Burundi,BDI,2011,28.590029
Burundi,BDI,2012,27.550331
Burundi,BDI,2013,26.542196
Burundi,BDI,2014,25.621426
Burundi,BDI,2015,25.012608
Burundi,BDI,2016,24.552057
Burundi,BDI,2017,23.948921
Burundi,BDI,2018,23.204912
Burundi,BDI,2019,22.42454
Burundi,BDI,2020,21.751793
Burundi,BDI,2021,21.13813
Burundi,BDI,2022,20.647003
Burundi,BDI,2023,20.32605
Cambodia,KHM,2006,160.12872
Cambodia,KHM,2007,157.7833
Cambodia,KHM,2008,155.40636
Cambodia,KHM,2009,152.97536
Cambodia,KHM,2010,150.61314
Cambodia,KHM,2011,148.34352
Cambodia,KHM,2012,146.135
Cambodia,KHM,2013,143.96638
Cambodia,KHM,2014,141.84792
Cambodia,KHM,2015,139.79166
Cambodia,KHM,2016,137.76744
Cambodia,KHM,2017,135.87689
Cambodia,KHM,2018,134.1975
Cambodia,KHM,2019,132.5138
Cambodia,KHM,2020,130.57927
Cambodia,KHM,2021,128.66505
Cambodia,KHM,2022,126.96402
Cambodia,KHM,2023,125.345215
Cameroon,CMR,1987,38.18432
Cameroon,CMR,1988,37.136284
Cameroon,CMR,1989,36.136436
Cameroon,CMR,1990,35.15763
Cameroon,CMR,1991,34.215637
Cameroon,CMR,1992,33.315693
Cameroon,CMR,1993,38.111794
Cameroon,CMR,1994,42.62921
Cameroon,CMR,1995,46.8966
Cameroon,CMR,1996,50.928986
Cameroon,CMR,1997,54.735992
Cameroon,CMR,1998,58.310936
Cameroon,CMR,1999,61.65861
Cameroon,CMR,2000,64.80412
Cameroon,CMR,2001,64.718025
Cameroon,CMR,2002,64.55745
Cameroon,CMR,2003,64.33033
Cameroon,CMR,2004,64.055916
Cameroon,CMR,2005,63.743828
Cameroon,CMR,2006,62.01566
Cameroon,CMR,2007,60.299515
Cameroon,CMR,2008,58.597862
Cameroon,CMR,2009,56.942635
Cameroon,CMR,2010,55.338436
Cameroon,CMR,2011,53.79516
Cameroon,CMR,2012,52.302963
Cameroon,CMR,2013,50.854168
Cameroon,CMR,2014,49.33841
Cameroon,CMR,2015,47.813564
Cameroon,CMR,2016,46.40541
Cameroon,CMR,2017,45.10829
Cameroon,CMR,2018,43.875805
Cameroon,CMR,2019,42.672153
Cameroon,CMR,2020,41.52525
Cameroon,CMR,2021,40.43728
Cameroon,CMR,2022,39.388016
Cameroon,CMR,2023,38.360836
Canada,CAN,1986,1610.0092
Canada,CAN,1987,1611.7979
Canada,CAN,1988,1610.1191
Canada,CAN,1989,1605.4856
Canada,CAN,1990,1601.8457
Canada,CAN,1991,1601.4756
Canada,CAN,1992,1562.0107
Canada,CAN,1993,1524.1356
Canada,CAN,1994,1487.825
Canada,CAN,1995,1452.5411
Canada,CAN,1996,1418.1714
Canada,CAN,1997,1391.3928
Canada,CAN,1998,1366.0746
Canada,CAN,1999,1339.4901
Canada,CAN,2000,1312.3978
Canada,CAN,2001,1302.4277
Canada,CAN,2002,1292.6519
Canada,CAN,2003,1283.9238
Canada,CAN,2004,1275.5461
Canada,CAN,2005,1266.8801
Canada,CAN,2006,1257.9349
Canada,CAN,2007,1248.6337
Canada,CAN,2008,1197.6411
Canada,CAN,2009,1147.034
Canada,CAN,2010,1186.3894
Canada,CAN,2011,1138.7802
Canada,CAN,2012,1096.2426
Canada,CAN,2013,1054.4747
Canada,CAN,2014,1015.5399
Canada,CAN,2015,977.6923
Canada,CAN,2016,982.2068
Canada,CAN,2017,984.90845
Canada,CAN,2018,969.4149
Canada,CAN,2019,954.2844
Canada,CAN,2020,942.30304
Canada,CAN,2021,939.51074
Canada,CAN,2022,929.5165
Canada,CAN,2023,918.2143
Cape Verde,CPV,1990,71.62
Cape Verde,CPV,1991,86.10216
Cape Verde,CPV,1992,100.58432
Cape Verde,CPV,1993,115.066475
Cape Verde,CPV,1994,129.54863
Cape Verde,CPV,1995,144.03079
Cape Verde,CPV,1996,158.51295
Cape Verde,CPV,1997,172.99512
Cape Verde,CPV,1998,187.47728
Cape Verde,CPV,1999,201.95943
Cape Verde,CPV,2000,216.44159
Cape Verde,CPV,2001,50.511303
Cape Verde,CPV,2002,71.633545
Cape Verde,CPV,2003,92.234665
Cape Verde,CPV,2004,112.37361
Cape Verde,CPV,2005,138.37167
Cape Verde,CPV,2006,163.80577
Cape Verde,CPV,2007,188.72177
Cape Verde,CPV,2008,213.2212
Cape Verde,CPV,2009,237.39882
Cape Verde,CPV,2010,261.7087
Cape Verde,CPV,2011,286.78033
Cape Verde,CPV,2012,312.3918
Cape Verde,CPV,2013,338.10983
Cape Verde,CPV,2014,363.92114
Cape Verde,CPV,2015,389.747
Cape Verde,CPV,2016,415.49063
Cape Verde,CPV,2017,441.0654
Cape Verde,CPV,2018,466.43964
Cape Verde,CPV,2019,491.6026
Cape Verde,CPV,2020,569.24347
Cape Verde,CPV,2021,497.34006
Cape Verde,CPV,2022,509.34268
Cape Verde,CPV,2023,506.81757
Central African Republic,CAF,1987,7.268218
Central African Republic,CAF,1988,8.474684
Central African Republic,CAF,1989,9.554699
Central African Republic,CAF,1990,10.515652
Central African Republic,CAF,1991,11.40662
Central African Republic,CAF,1992,12.226895
Central African Republic,CAF,1993,12.983562
Central African Republic,CAF,1994,13.689575
Central African Republic,CAF,1995,14.396433
Central African Republic,CAF,1996,15.075823
Central African Republic,CAF,1997,15.686499
Central African Republic,CAF,1998,16.2587
Central African Republic,CAF,1999,16.785318
Central African Republic,CAF,2000,17.26919
Central African Republic,CAF,2001,17.211435
Central African Republic,CAF,2002,17.153936
Central African Republic,CAF,2003,17.055456
Central African Republic,CAF,2004,16.990927
Central African Republic,CAF,2005,16.904453
Central African Republic,CAF,2006,16.561666
Central African Republic,CAF,2007,16.245514
Central African Republic,CAF,2008,15.902668
Central African Republic,CAF,2009,16.007784
Central African Republic,CAF,2010,16.136229
Central African Republic,CAF,2011,15.881634
Central African Republic,CAF,2012,15.723789
Central African Republic,CAF,2013,15.6168585
Central African Republic,CAF,2014,15.68184
Central African Republic,CAF,2015,15.661046
Central African Republic,CAF,2016,15.380818
Central African Republic,CAF,2017,15.124615
Central African Republic,CAF,2018,14.860647
Central African Republic,CAF,2019,14.662153
Central African Republic,CAF,2020,14.423186
Central African Republic,CAF,2021,14.182038
Central African Republic,CAF,2022,14.221153
Central African Republic,CAF,2023,14.071056
Central Asia (FAO),,2001,2221.464
Central Asia (FAO),,2002,2212.0703
Central Asia (FAO),,2003,2189.7886
Central Asia (FAO),,2004,2178.6152
Central Asia (FAO),,2005,2153.2957
Central Asia (FAO),,2006,2061.0732
Central Asia (FAO),,2007,2045.9834
Central Asia (FAO),,2008,1966.0984
Central Asia (FAO),,2009,1939.9615
Central Asia (FAO),,2010,1930.9371
Central Asia (FAO),,2011,1857.6333
Central Asia (FAO),,2012,1806.7783
Central Asia (FAO),,2013,1781.3257
Central Asia (FAO),,2014,1746.6234
Central Asia (FAO),,2015,1742.9951
Central Asia (FAO),,2016,1735.1608
Central Asia (FAO),,2017,1768.7833
Central Asia (FAO),,2018,1688.5293
Central Asia (FAO),,2019,1647.713
Central Asia (FAO),,2020,1568.7139
Central Asia (FAO),,2021,1324.7875
Central Asia (FAO),,2022,1315.9004
Central Asia (FAO),,2023,1284.5521
Central Asia and Southern Asia (FAO),,2001,676.52844
Central Asia and Southern Asia (FAO),,2002,675.9176
Central Asia and Southern Asia (FAO),,2003,674.9862
Central Asia and Southern Asia (FAO),,2004,674.35236
Central Asia and Southern Asia (FAO),,2005,672.7677
Central Asia and Southern Asia (FAO),,2006,669.1686
Central Asia and Southern Asia (FAO),,2007,668.69025
Central Asia and Southern Asia (FAO),,2008,686.8206
Central Asia and Southern Asia (FAO),,2009,684.96716
Central Asia and Southern Asia (FAO),,2010,683.7564
Central Asia and Southern Asia (FAO),,2011,672.25275
Central Asia and Southern Asia (FAO),,2012,662.0392
Central Asia and Southern Asia (FAO),,2013,653.29553
Central Asia and Southern Asia (FAO),,2014,644.7184
Central Asia and Southern Asia (FAO),,2015,637.76215
Central Asia and Southern Asia (FAO),,2016,630.8718
Central Asia and Southern Asia (FAO),,2017,625.6243
Central Asia and Southern Asia (FAO),,2018,616.484
Central Asia and Southern Asia (FAO),,2019,608.99634
Central Asia and Southern Asia (FAO),,2020,600.34674
Central Asia and Southern Asia (FAO),,2021,586.1896
Central Asia and Southern Asia (FAO),,2022,581.01654
Central Asia and Southern Asia (FAO),,2023,574.69214
Chad,TCD,1987,33.282406
Chad,TCD,1988,40.355427
Chad,TCD,1989,46.91866
Chad,TCD,1990,53.33105
Chad,TCD,1991,58.83232
Chad,TCD,1992,63.496494
Chad,TCD,1993,68.95934
Chad,TCD,1994,74.1754
Chad,TCD,1995,77.46985
Chad,TCD,1996,80.32438
Chad,TCD,1997,83.59913
Chad,TCD,1998,86.56926
Chad,TCD,1999,89.17784
Chad,TCD,2000,91.55289
Chad,TCD,2001,93.17603
Chad,TCD,2002,94.48682
Chad,TCD,2003,91.42657
Chad,TCD,2004,88.05613
Chad,TCD,2005,85.16579
Chad,TCD,2006,82.15628
Chad,TCD,2007,79.37439
Chad,TCD,2008,76.64494
Chad,TCD,2009,73.95479
Chad,TCD,2010,71.439156
Chad,TCD,2011,68.961205
Chad,TCD,2012,66.58089
Chad,TCD,2013,64.246216
Chad,TCD,2014,61.993088
Chad,TCD,2015,60.05071
Chad,TCD,2016,58.195175
Chad,TCD,2017,56.302475
Chad,TCD,2018,54.442383
Chad,TCD,2019,52.717304
Chad,TCD,2020,51.066265
Chad,TCD,2021,49.337364
Chad,TCD,2022,47.661064
Chad,TCD,2023,45.530155
Chile,CHL,1992,1461.3336
Chile,CHL,1993,1515.4595
Chile,CHL,1994,1568.347
Chile,CHL,1995,1619.995
Chile,CHL,1996,1670.6691
Chile,CHL,1997,1720.8944
Chile,CHL,1998,1770.1565
Chile,CHL,1999,1818.6195
Chile,CHL,2000,1866.7511
Chile,CHL,2001,1914.2532
Chile,CHL,2002,1961.4347
Chile,CHL,2003,2008.5
Chile,CHL,2004,2055.1357
Chile,CHL,2005,2100.987
Chile,CHL,2006,2146.077
Chile,CHL,2007,2106.8728
Chile,CHL,2008,2067.749
Chile,CHL,2009,2028.9974
Chile,CHL,2010,1990.9014
Chile,CHL,2011,1953.7148
Chile,CHL,2012,1917.585
Chile,CHL,2013,1882.0765
Chile,CHL,2014,1846.274
Chile,CHL,2015,1810.5485
Chile,CHL,2016,1772.0265
Chile,CHL,2017,1744.1797
Chile,CHL,2018,1713.3157
Chile,CHL,2019,1686.1356
Chile,CHL,2020,1671.0872
Chile,CHL,2021,1663.7256
Chile,CHL,2022,1655.4973
Chile,CHL,2023,1646.5879
China,CHN,1980,451.29724
China,CHN,1981,453.11438
China,CHN,1982,454.2915
China,CHN,1983,455.6051
China,CHN,1984,457.1827
China,CHN,1985,453.91248
China,CHN,1986,450.0862
China,CHN,1987,445.74734
China,CHN,1988,441.53918
China,CHN,1989,437.5802
China,CHN,1990,433.43228
China,CHN,1991,434.29706
China,CHN,1992,436.39307
China,CHN,1993,438.8259
China,CHN,1994,437.46313
China,CHN,1995,436.32797
China,CHN,1996,435.32648
China,CHN,1997,434.55798
China,CHN,1998,433.97104
China,CHN,1999,433.52313
China,CHN,2000,433.0247
China,CHN,2001,430.63675
China,CHN,2002,428.58514
China,CHN,2003,426.72122
China,CHN,2004,424.9012
China,CHN,2005,429.9911
China,CHN,2006,439.6633
China,CHN,2007,438.8777
China,CHN,2008,443.08792
China,CHN,2009,444.32767
China,CHN,2010,445.55872
China,CHN,2011,454.1222
China,CHN,2012,447.68942
China,CHN,2013,448.39478
China,CHN,2014,439.12903
China,CHN,2015,437.14996
China,CHN,2016,430.19754
China,CHN,2017,427.89532
China,CHN,2018,423.92264
China,CHN,2019,422.97955
China,CHN,2020,407.6064
China,CHN,2021,415.03403
China,CHN,2022,420.8733
China,CHN,2023,426.1257
Colombia,COL,2000,198.15843
Colombia,COL,2001,207.72546
Colombia,COL,2002,217.0197
Colombia,COL,2003,226.04924
Colombia,COL,2004,234.85208
Colombia,COL,2005,243.51707
Colombia,COL,2006,252.08426
Colombia,COL,2007,260.53607
Colombia,COL,2008,268.90585
Colombia,COL,2009,322.95963
Colombia,COL,2010,375.834
Colombia,COL,2011,388.20834
Colombia,COL,2012,389.0256
Colombia,COL,2013,404.39868
Colombia,COL,2014,411.76642
Colombia,COL,2015,421.70184
Colombia,COL,2016,424.04712
Colombia,COL,2017,439.1227
Colombia,COL,2018,438.08044
Colombia,COL,2019,439.15176
Colombia,COL,2020,449.44717
Colombia,COL,2021,461.36887
Colombia,COL,2022,472.65622
Colombia,COL,2023,474.70724
Comoros,COM,1999,19.01551
Comoros,COM,2000,18.65395
Comoros,COM,2001,18.274185
Comoros,COM,2002,17.891537
Comoros,COM,2003,17.550095
Comoros,COM,2004,17.220478
Comoros,COM,2005,16.872597
Comoros,COM,2006,16.535677
Comoros,COM,2007,16.209387
Comoros,COM,2008,15.890495
Comoros,COM,2009,15.577598
Comoros,COM,2010,15.270999
Comoros,COM,2011,14.968805
Comoros,COM,2012,14.670727
Comoros,COM,2013,14.363843
Comoros,COM,2014,14.054765
Comoros,COM,2015,13.761177
Comoros,COM,2016,13.481795
Comoros,COM,2017,13.21581
Comoros,COM,2018,12.960251
Comoros,COM,2019,12.713297
Comoros,COM,2020,12.466287
Comoros,COM,2021,12.222332
Comoros,COM,2022,11.987705
Comoros,COM,2023,11.759352
Congo,COG,1987,18.319439
Congo,COG,1988,17.974308
Congo,COG,1989,17.635176
Congo,COG,1990,17.306852
Congo,COG,1991,16.984934
Congo,COG,1992,16.670202
Congo,COG,1993,16.338333
Congo,COG,1994,16.011106
Congo,COG,1995,15.712173
Congo,COG,1996,15.423885
Congo,COG,1997,15.236185
Congo,COG,1998,15.040337
Congo,COG,1999,14.77147
Congo,COG,2000,14.34308
Congo,COG,2001,13.934141
Congo,COG,2002,13.728186
Congo,COG,2003,17.77067
Congo,COG,2004,21.445942
Congo,COG,2005,24.807968
Congo,COG,2006,23.896332
Congo,COG,2007,23.037712
Congo,COG,2008,22.292356
Congo,COG,2009,21.419134
Congo,COG,2010,20.549986
Congo,COG,2011,19.89273
Congo,COG,2012,19.344154
Congo,COG,2013,18.879581
Congo,COG,2014,18.428902
Congo,COG,2015,17.988926
Congo,COG,2016,17.55852
Congo,COG,2017,17.136948
Congo,COG,2018,16.724062
Congo,COG,2019,16.326426
Congo,COG,2020,15.94009
Congo,COG,2021,15.562992
Congo,COG,2022,15.194436
Congo,COG,2023,14.8312645
Costa Rica,CRI,2012,501.29617
Costa Rica,CRI,2013,522.7613
Costa Rica,CRI,2014,575.3018
Costa Rica,CRI,2015,662.6997
Costa Rica,CRI,2016,604.2541
Costa Rica,CRI,2017,496.62366
Costa Rica,CRI,2018,615.90314
Costa Rica,CRI,2019,627.68317
Costa Rica,CRI,2020,622.9398
Costa Rica,CRI,2021,681.1944
Costa Rica,CRI,2022,678.27527
Costa Rica,CRI,2023,675.1186
Cote d'Ivoire,CIV,1987,65.33675
Cote d'Ivoire,CIV,1988,74.440735
Cote d'Ivoire,CIV,1989,82.737686
Cote d'Ivoire,CIV,1990,90.23955
Cote d'Ivoire,CIV,1991,89.32605
Cote d'Ivoire,CIV,1992,88.33125
Cote d'Ivoire,CIV,1993,87.289185
Cote d'Ivoire,CIV,1994,86.231026
Cote d'Ivoire,CIV,1995,84.91543
Cote d'Ivoire,CIV,1996,83.59715
Cote d'Ivoire,CIV,1997,82.282425
Cote d'Ivoire,CIV,1998,81.00521
Cote d'Ivoire,CIV,1999,80.11957
Cote d'Ivoire,CIV,2000,79.5977
Cote d'Ivoire,CIV,2001,79.04103
Cote d'Ivoire,CIV,2002,78.530045
Cote d'Ivoire,CIV,2003,78.06524
Cote d'Ivoire,CIV,2004,77.62797
Cote d'Ivoire,CIV,2005,77.19577
Cote d'Ivoire,CIV,2006,73.30473
Cote d'Ivoire,CIV,2007,69.52317
Cote d'Ivoire,CIV,2008,65.93556
Cote d'Ivoire,CIV,2009,62.542473
Cote d'Ivoire,CIV,2010,59.277866
Cote d'Ivoire,CIV,2011,56.143215
Cote d'Ivoire,CIV,2012,53.18278
Cote d'Ivoire,CIV,2013,50.335567
Cote d'Ivoire,CIV,2014,47.375595
Cote d'Ivoire,CIV,2015,46.02647
Cote d'Ivoire,CIV,2016,44.71053
Cote d'Ivoire,CIV,2017,43.46627
Cote d'Ivoire,CIV,2018,42.309666
Cote d'Ivoire,CIV,2019,41.215893
Cote d'Ivoire,CIV,2020,40.18613
Cote d'Ivoire,CIV,2021,39.20413
Cote d'Ivoire,CIV,2022,38.22997
Cote d'Ivoire,CIV,2023,37.284634
Croatia,HRV,2002,133.19301
Croatia,HRV,2003,142.13116
Croatia,HRV,2004,140.80362
Croatia,HRV,2005,142.66356
Croatia,HRV,2006,146.98483
Croatia,HRV,2007,150.82907
Croatia,HRV,2008,148.72322
Croatia,HRV,2009,160.1427
Croatia,HRV,2010,256.80356
Croatia,HRV,2011,265.4321
Croatia,HRV,2012,269.60034
Croatia,HRV,2013,262.4636
Croatia,HRV,2014,260.66913
Croatia,HRV,2015,260.32275
Croatia,HRV,2016,267.42545
Croatia,HRV,2017,243.69533
Croatia,HRV,2018,244.86841
Croatia,HRV,2019,250.10445
Croatia,HRV,2020,255.44025
Croatia,HRV,2021,255.312
Croatia,HRV,2022,256.97287
Croatia,HRV,2023,264.88547
Cuba,CUB,1995,476.9636
Cuba,CUB,1996,475.83115
Cuba,CUB,1997,474.73752
Cuba,CUB,1998,473.61432
Cuba,CUB,1999,472.467
Cuba,CUB,2000,471.3546
Cuba,CUB,2001,470.32782
Cuba,CUB,2002,469.38043
Cuba,CUB,2003,468.49387
Cuba,CUB,2004,467.72018
Cuba,CUB,2005,467.1817
Cuba,CUB,2006,466.96826
Cuba,CUB,2007,437.3687
Cuba,CUB,2008,508.18024
Cuba,CUB,2009,536.2506
Cuba,CUB,2010,532.808
Cuba,CUB,2011,560.32623
Cuba,CUB,2012,587.9572
Cuba,CUB,2013,615.9406
Cuba,CUB,2014,616.6169
Cuba,CUB,2015,617.2027
Cuba,CUB,2016,617.7205
Cuba,CUB,2017,618.69714
Cuba,CUB,2018,619.8385
Cuba,CUB,2019,621.1814
Cuba,CUB,2020,622.6539
Cuba,CUB,2021,625.6873
Cuba,CUB,2022,629.2146
Cuba,CUB,2023,631.4922
Cyprus,CYP,1975,235.06021
Cyprus,CYP,1976,240.77386
Cyprus,CYP,1977,245.54022
Cyprus,CYP,1978,250.2051
Cyprus,CYP,1979,254.74173
Cyprus,CYP,1980,259.12198
Cyprus,CYP,1981,263.6115
Cyprus,CYP,1982,267.33765
Cyprus,CYP,1983,269.78683
Cyprus,CYP,1984,271.64017
Cyprus,CYP,1985,273.49435
Cyprus,CYP,1986,276.13882
Cyprus,CYP,1987,278.75488
Cyprus,CYP,1988,281.376
Cyprus,CYP,1989,284.01636
Cyprus,CYP,1990,286.67453
Cyprus,CYP,1991,276.61514
Cyprus,CYP,1992,266.55463
Cyprus,CYP,1993,255.43727
Cyprus,CYP,1994,247.01196
Cyprus,CYP,1995,239.11778
Cyprus,CYP,1996,231.66054
Cyprus,CYP,1997,224.5751
Cyprus,CYP,1998,217.82814
Cyprus,CYP,1999,211.39397
Cyprus,CYP,2000,205.24098
Cyprus,CYP,2001,196.49161
Cyprus,CYP,2002,215.48512
Cyprus,CYP,2003,235.4251
Cyprus,CYP,2004,257.46906
Cyprus,CYP,2005,219.28674
Cyprus,CYP,2006,209.50623
Cyprus,CYP,2007,201.91785
Cyprus,CYP,2008,149.21727
Cyprus,CYP,2009,165.49919
Cyprus,CYP,2010,181.05782
Cyprus,CYP,2011,193.89574
Cyprus,CYP,2012,217.95148
Cyprus,CYP,2013,215.64412
Cyprus,CYP,2014,231.3196
Cyprus,CYP,2015,241.0821
Cyprus,CYP,2016,253.00851
Cyprus,CYP,2017,236.79008
Cyprus,CYP,2018,225.06615
Cyprus,CYP,2019,212.95256
Cyprus,CYP,2020,211.17337
Cyprus,CYP,2021,219.38673
Cyprus,CYP,2022,217.06964
Cyprus,CYP,2023,220.82187
Czechia,CZE,1993,290.41516
Czechia,CZE,1994,278.0477
Czechia,CZE,1995,265.99966
Czechia,CZE,1996,254.24606
Czechia,CZE,1997,242.45988
Czechia,CZE,1998,237.22224
Czechia,CZE,1999,231.95662
Czechia,CZE,2000,226.68819
Czechia,CZE,2001,221.12955
Czechia,CZE,2002,186.3378
Czechia,CZE,2003,210.80727
Czechia,CZE,2004,205.35948
Czechia,CZE,2005,199.8051
Czechia,CZE,2006,194.1628
Czechia,CZE,2007,190.4708
Czechia,CZE,2008,182.61476
Czechia,CZE,2009,178.76825
Czechia,CZE,2010,173.88635
Czechia,CZE,2011,168.35432
Czechia,CZE,2012,175.21094
Czechia,CZE,2013,156.97598
Czechia,CZE,2014,156.84744
Czechia,CZE,2015,152.02744
Czechia,CZE,2016,155.71667
Czechia,CZE,2017,154.62927
Czechia,CZE,2018,150.72609
Czechia,CZE,2019,142.68288
Czechia,CZE,2020,129.47708
Czechia,CZE,2021,128.0069
Czechia,CZE,2022,135.47935
Czechia,CZE,2023,122.48241
Democratic Republic of Congo,COD,1995,10.714839
Democratic Republic of Congo,COD,1996,10.987696
Democratic Republic of Congo,COD,1997,11.281796
Democratic Republic of Congo,COD,1998,11.436098
Democratic Republic of Congo,COD,1999,11.500017
Democratic Republic of Congo,COD,2000,11.564632
Democratic Republic of Congo,COD,2001,11.585831
Democratic Republic of Congo,COD,2002,11.607328
Democratic Republic of Congo,COD,2003,11.632726
Democratic Republic of Congo,COD,2004,11.644321
Democratic Republic of Congo,COD,2005,11.630652
Democratic Republic of Congo,COD,2006,11.277568
Democratic Republic of Congo,COD,2007,10.941495
Democratic Republic of Congo,COD,2008,10.616446
Democratic Republic of Congo,COD,2009,10.293314
Democratic Republic of Congo,COD,2010,9.9703865
Democratic Republic of Congo,COD,2011,9.648647
Democratic Republic of Congo,COD,2012,9.331835
Democratic Republic of Congo,COD,2013,9.0197315
Democratic Republic of Congo,COD,2014,8.7190275
Democratic Republic of Congo,COD,2015,8.435805
Democratic Republic of Congo,COD,2016,8.14232
Democratic Republic of Congo,COD,2017,7.8499465
Democratic Republic of Congo,COD,2018,7.591537
Democratic Republic of Congo,COD,2019,7.354694
Democratic Republic of Congo,COD,2020,7.1215754
Democratic Republic of Congo,COD,2021,6.8946786
Democratic Republic of Congo,COD,2022,6.675979
Democratic Republic of Congo,COD,2023,6.461875
Denmark,DNK,1970,146.08408
Denmark,DNK,1971,164.61612
Denmark,DNK,1972,183.10861
Denmark,DNK,1973,201.32402
Denmark,DNK,1974,219.59586
Denmark,DNK,1975,238.12344
Denmark,DNK,1976,237.54076
Denmark,DNK,1977,236.80516
Denmark,DNK,1978,236.07346
Denmark,DNK,1979,235.49606
Denmark,DNK,1980,235.21002
Denmark,DNK,1981,254.80174
Denmark,DNK,1982,274.527
Denmark,DNK,1983,294.26328
Denmark,DNK,1984,313.97754
Denmark,DNK,1985,333.40637
Denmark,DNK,1986,298.08493
Denmark,DNK,1987,262.98
Denmark,DNK,1988,228.08618
Denmark,DNK,1989,236.81424
Denmark,DNK,1990,245.28183
Denmark,DNK,1991,233.30966
Denmark,DNK,1992,221.24066
Denmark,DNK,1993,209.24089
Denmark,DNK,1994,197.31001
Denmark,DNK,1995,185.11848
Denmark,DNK,1996,186.45969
Denmark,DNK,1997,176.44159
Denmark,DNK,1998,171.71097
Denmark,DNK,1999,155.52824
Denmark,DNK,2000,139.444
Denmark,DNK,2001,131.79033
Denmark,DNK,2002,124.2383
Denmark,DNK,2003,122.58329
Denmark,DNK,2004,125.152695
Denmark,DNK,2005,118.79205
Denmark,DNK,2006,128.07545
Denmark,DNK,2007,104.51137
Denmark,DNK,2008,125.32392
Denmark,DNK,2009,117.41439
Denmark,DNK,2010,129.49132
Denmark,DNK,2011,133.4985
Denmark,DNK,2012,127.95255
Denmark,DNK,2013,147.73242
Denmark,DNK,2014,144.51862
Denmark,DNK,2015,142.82947
Denmark,DNK,2016,154.84705
Denmark,DNK,2017,155.38107
Denmark,DNK,2018,190.86133
Denmark,DNK,2019,162.62357
Denmark,DNK,2020,162.44057
Denmark,DNK,2021,164.71689
Denmark,DNK,2022,162.16257
Denmark,DNK,2023,165.55774
Djibouti,DJI,1985,19.866547
Djibouti,DJI,1986,20.484362
Djibouti,DJI,1987,20.833403
Djibouti,DJI,1988,21.051632
Djibouti,DJI,1989,20.890856
Djibouti,DJI,1990,20.13096
Djibouti,DJI,1991,19.648481
Djibouti,DJI,1992,20.979446
Djibouti,DJI,1993,22.57512
Djibouti,DJI,1994,23.29626
Djibouti,DJI,1995,24.220444
Djibouti,DJI,1996,24.78093
Djibouti,DJI,1997,25.006792
Djibouti,DJI,1998,25.070827
Djibouti,DJI,1999,25.222609
Djibouti,DJI,2000,25.424234
Djibouti,DJI,2001,24.63332
Djibouti,DJI,2002,23.882128
Djibouti,DJI,2003,23.355324
Djibouti,DJI,2004,22.998983
Djibouti,DJI,2005,22.6415
Djibouti,DJI,2006,22.202383
Djibouti,DJI,2007,21.726017
Djibouti,DJI,2008,21.282948
Djibouti,DJI,2009,20.844145
Djibouti,DJI,2010,20.424583
Djibouti,DJI,2011,20.030415
Djibouti,DJI,2012,19.653528
Djibouti,DJI,2013,19.292778
Djibouti,DJI,2014,18.948507
Djibouti,DJI,2015,18.621737
Djibouti,DJI,2016,18.310553
Djibouti,DJI,2017,18.012201
Djibouti,DJI,2018,17.725832
Djibouti,DJI,2019,17.451862
Djibouti,DJI,2020,17.191637
Djibouti,DJI,2021,16.945404
Djibouti,DJI,2022,16.70923
Djibouti,DJI,2023,16.479559
Dominica,DMA,1996,239.15862
Dominica,DMA,1997,239.5417
Dominica,DMA,1998,240.14641
Dominica,DMA,1999,241.03558
Dominica,DMA,2000,242.29686
Dominica,DMA,2001,243.0881
Dominica,DMA,2002,242.8072
Dominica,DMA,2003,242.22615
Dominica,DMA,2004,241.80978
Dominica,DMA,2005,249.75328
Dominica,DMA,2006,257.7276
Dominica,DMA,2007,265.80487
Dominica,DMA,2008,274.00974
Dominica,DMA,2009,282.19873
Dominica,DMA,2010,290.4507
Dominica,DMA,2011,289.6305
Dominica,DMA,2012,289.3623
Dominica,DMA,2013,286.8823
Dominica,DMA,2014,284.19992
Dominica,DMA,2015,284.05057
Dominica,DMA,2016,287.3295
Dominica,DMA,2017,291.98572
Dominica,DMA,2018,293.3648
Dominica,DMA,2019,294.63544
Dominica,DMA,2020,295.9762
Dominica,DMA,2021,297.6102
Dominica,DMA,2022,299.28247
Dominica,DMA,2023,300.7044
Dominican Republic,DOM,2000,566.73956
Dominican Republic,DOM,2001,571.7704
Dominican Republic,DOM,2002,576.91644
Dominican Republic,DOM,2003,582.14246
Dominican Republic,DOM,2004,587.4864
Dominican Republic,DOM,2005,592.9517
Dominican Republic,DOM,2006,621.6772
Dominican Republic,DOM,2007,649.812
Dominican Republic,DOM,2008,677.0617
Dominican Republic,DOM,2009,703.3124
Dominican Republic,DOM,2010,728.7039
Dominican Republic,DOM,2011,758.16077
Dominican Republic,DOM,2012,786.9351
Dominican Republic,DOM,2013,815.11444
Dominican Republic,DOM,2014,842.76056
Dominican Republic,DOM,2015,869.96155
Dominican Republic,DOM,2016,860.3479
Dominican Republic,DOM,2017,851.03906
Dominican Republic,DOM,2018,841.9454
Dominican Republic,DOM,2019,833.2902
Dominican Republic,DOM,2020,824.6414
Dominican Republic,DOM,2021,816.10284
Dominican Republic,DOM,2022,808.3087
Dominican Republic,DOM,2023,801.1373
East Timor,TLS,2004,1261.4711
East Timor,TLS,2005,1235.8821
East Timor,TLS,2006,1200.0856
East Timor,TLS,2007,1166.298
East Timor,TLS,2008,1135.1865
East Timor,TLS,2009,1106.9323
East Timor,TLS,2010,1080.5035
East Timor,TLS,2011,1055.6586
East Timor,TLS,2012,1032.7037
East Timor,TLS,2013,1011.4827
East Timor,TLS,2014,991.6207
East Timor,TLS,2015,972.508
East Timor,TLS,2016,954.15533
East Timor,TLS,2017,936.32434
East Timor,TLS,2018,918.52484
East Timor,TLS,2019,900.8839
East Timor,TLS,2020,883.82556
East Timor,TLS,2021,868.0591
East Timor,TLS,2022,855.9146
East Timor,TLS,2023,846.6459
Eastern Asia (FAO),,2001,453.90872
Eastern Asia (FAO),,2002,451.0229
Eastern Asia (FAO),,2003,448.43433
Eastern Asia (FAO),,2004,446.00574
Eastern Asia (FAO),,2005,450.794
Eastern Asia (FAO),,2006,457.48032
Eastern Asia (FAO),,2007,456.4397
Eastern Asia (FAO),,2008,459.38293
Eastern Asia (FAO),,2009,459.7729
Eastern Asia (FAO),,2010,460.48053
Eastern Asia (FAO),,2011,467.5181
Eastern Asia (FAO),,2012,461.57065
Eastern Asia (FAO),,2013,461.8058
Eastern Asia (FAO),,2014,453.4235
Eastern Asia (FAO),,2015,450.86838
Eastern Asia (FAO),,2016,444.59076
Eastern Asia (FAO),,2017,442.18546
Eastern Asia (FAO),,2018,438.49747
Eastern Asia (FAO),,2019,437.18192
Eastern Asia (FAO),,2020,424.63315
Eastern Asia (FAO),,2021,430.5386
Eastern Asia (FAO),,2022,434.8108
Eastern Asia (FAO),,2023,439.54126
Eastern Asia and South-eastern Asia (FAO),,2001,451.61243
Eastern Asia and South-eastern Asia (FAO),,2002,453.89618
Eastern Asia and South-eastern Asia (FAO),,2003,456.3738
Eastern Asia and South-eastern Asia (FAO),,2004,459.50784
Eastern Asia and South-eastern Asia (FAO),,2005,468.94638
Eastern Asia and South-eastern Asia (FAO),,2006,513.5688
Eastern Asia and South-eastern Asia (FAO),,2007,541.82776
Eastern Asia and South-eastern Asia (FAO),,2008,544.88995
Eastern Asia and South-eastern Asia (FAO),,2009,545.2371
Eastern Asia and South-eastern Asia (FAO),,2010,547.02454
Eastern Asia and South-eastern Asia (FAO),,2011,552.92755
Eastern Asia and South-eastern Asia (FAO),,2012,549.1371
Eastern Asia and South-eastern Asia (FAO),,2013,549.81116
Eastern Asia and South-eastern Asia (FAO),,2014,543.8793
Eastern Asia and South-eastern Asia (FAO),,2015,542.1455
Eastern Asia and South-eastern Asia (FAO),,2016,537.02496
Eastern Asia and South-eastern Asia (FAO),,2017,534.97906
Eastern Asia and South-eastern Asia (FAO),,2018,530.7155
Eastern Asia and South-eastern Asia (FAO),,2019,525.5087
Eastern Asia and South-eastern Asia (FAO),,2020,515.8486
Eastern Asia and South-eastern Asia (FAO),,2021,519.51636
Eastern Asia and South-eastern Asia (FAO),,2022,522.3114
Eastern Asia and South-eastern Asia (FAO),,2023,524.6573
Ecuador,ECU,2000,738.3047
Ecuador,ECU,2001,734.14844
Ecuador,ECU,2002,729.7881
Ecuador,ECU,2003,725.2452
Ecuador,ECU,2004,720.7227
Ecuador,ECU,2005,716.29956
Ecuador,ECU,2006,704.0968
Ecuador,ECU,2007,692.1737
Ecuador,ECU,2008,680.4708
Ecuador,ECU,2009,668.962
Ecuador,ECU,2010,657.8365
Ecuador,ECU,2011,647.12604
Ecuador,ECU,2012,636.9045
Ecuador,ECU,2013,627.4385
Ecuador,ECU,2014,618.51715
Ecuador,ECU,2015,609.7297
Ecuador,ECU,2016,600.90375
Ecuador,ECU,2017,591.7831
Ecuador,ECU,2018,581.7164
Ecuador,ECU,2019,571.9716
Ecuador,ECU,2020,565.25494
Ecuador,ECU,2021,560.89496
Ecuador,ECU,2022,556.444
Ecuador,ECU,2023,551.61035
Egypt,EGY,1975,1239.861
Egypt,EGY,1976,1220.823
Egypt,EGY,1977,1201.6693
Egypt,EGY,1978,1181.7124
Egypt,EGY,1979,1161.4883
Egypt,EGY,1980,1140.3003
Egypt,EGY,1981,1118.5626
Egypt,EGY,1982,1096.4437
Egypt,EGY,1983,1072.8296
Egypt,EGY,1984,1048.7877
Egypt,EGY,1985,1025.5912
Egypt,EGY,1986,1004.0296
Egypt,EGY,1987,983.70856
Egypt,EGY,1988,963.6812
Egypt,EGY,1989,944.5611
Egypt,EGY,1990,923.85486
Egypt,EGY,1991,905.1181
Egypt,EGY,1992,889.98175
Egypt,EGY,1993,875.7753
Egypt,EGY,1994,886.4195
Egypt,EGY,1995,896.65875
Egypt,EGY,1996,906.40265
Egypt,EGY,1997,915.3764
Egypt,EGY,1998,922.5645
Egypt,EGY,1999,928.5894
Egypt,EGY,2000,934.55023
Egypt,EGY,2001,927.90515
Egypt,EGY,2002,921.3116
Egypt,EGY,2003,914.6661
Egypt,EGY,2004,908.1822
Egypt,EGY,2005,901.96173
Egypt,EGY,2006,896.24713
Egypt,EGY,2007,890.9986
Egypt,EGY,2008,885.8113
Egypt,EGY,2009,880.3264
Egypt,EGY,2010,874.47797
Egypt,EGY,2011,786.5583
Egypt,EGY,2012,776.0758
Egypt,EGY,2013,765.7325
Egypt,EGY,2014,753.6247
Egypt,EGY,2015,741.9877
Egypt,EGY,2016,725.5674
Egypt,EGY,2017,747.3765
Egypt,EGY,2018,733.3314
Egypt,EGY,2019,720.5739
Egypt,EGY,2020,708.95953
Egypt,EGY,2021,698.46875
Egypt,EGY,2022,688.1655
Egypt,EGY,2023,676.64453
El Salvador,SLV,1992,130.51396
El Salvador,SLV,1993,143.08635
El Salvador,SLV,1994,155.88115
El Salvador,SLV,1995,168.61601
El Salvador,SLV,1996,181.29167
El Salvador,SLV,1997,193.90836
El Salvador,SLV,1998,206.46492
El Salvador,SLV,1999,218.98195
El Salvador,SLV,2000,231.50182
El Salvador,SLV,2001,255.41298
El Salvador,SLV,2002,279.4126
El Salvador,SLV,2003,303.5976
El Salvador,SLV,2004,328.00797
El Salvador,SLV,2005,352.67215
El Salvador,SLV,2006,337.88477
El Salvador,SLV,2007,322.50272
El Salvador,SLV,2008,306.54938
El Salvador,SLV,2009,290.72226
El Salvador,SLV,2010,274.94943
El Salvador,SLV,2011,259.19888
El Salvador,SLV,2012,243.48259
El Salvador,SLV,2013,227.85071
El Salvador,SLV,2014,212.37073
El Salvador,SLV,2015,200.16339
El Salvador,SLV,2016,186.70984
El Salvador,SLV,2017,175.73814
El Salvador,SLV,2018,162.49046
El Salvador,SLV,2019,150.35619
El Salvador,SLV,2020,139.84341
El Salvador,SLV,2021,165.98087
El Salvador,SLV,2022,308.6665
El Salvador,SLV,2023,323.08582
Equatorial Guinea,GNQ,1987,23.667406
Equatorial Guinea,GNQ,1988,24.040047
Equatorial Guinea,GNQ,1989,24.383219
Equatorial Guinea,GNQ,1990,24.685503
Equatorial Guinea,GNQ,1991,24.94207
Equatorial Guinea,GNQ,1992,25.150564
Equatorial Guinea,GNQ,1993,25.310947
Equatorial Guinea,GNQ,1994,25.420195
Equatorial Guinea,GNQ,1995,25.476591
Equatorial Guinea,GNQ,1996,25.481518
Equatorial Guinea,GNQ,1997,25.437649
Equatorial Guinea,GNQ,1998,25.35027
Equatorial Guinea,GNQ,1999,25.225443
Equatorial Guinea,GNQ,2000,24.741247
Equatorial Guinea,GNQ,2001,23.84523
Equatorial Guinea,GNQ,2002,23.008759
Equatorial Guinea,GNQ,2003,22.220585
Equatorial Guinea,GNQ,2004,21.468658
Equatorial Guinea,GNQ,2005,20.900032
Equatorial Guinea,GNQ,2006,19.993073
Equatorial Guinea,GNQ,2007,19.111158
Equatorial Guinea,GNQ,2008,18.256756
Equatorial Guinea,GNQ,2009,17.434595
Equatorial Guinea,GNQ,2010,16.651459
Equatorial Guinea,GNQ,2011,15.94414
Equatorial Guinea,GNQ,2012,15.307507
Equatorial Guinea,GNQ,2013,14.7078705
Equatorial Guinea,GNQ,2014,14.1446
Equatorial Guinea,GNQ,2015,13.618328
Equatorial Guinea,GNQ,2016,13.128354
Equatorial Guinea,GNQ,2017,12.672848
Equatorial Guinea,GNQ,2018,12.249276
Equatorial Guinea,GNQ,2019,11.855031
Equatorial Guinea,GNQ,2020,11.535313
Equatorial Guinea,GNQ,2021,11.257762
Equatorial Guinea,GNQ,2022,10.978378
Equatorial Guinea,GNQ,2023,10.716901
Eritrea,ERI,2000,183.9761
Eritrea,ERI,2001,197.0305
Eritrea,ERI,2002,207.98352
Eritrea,ERI,2003,216.46793
Eritrea,ERI,2004,223.99403
Eritrea,ERI,2005,218.69714
Eritrea,ERI,2006,215.27634
Eritrea,ERI,2007,212.15924
Eritrea,ERI,2008,206.6521
Eritrea,ERI,2009,201.53157
Eritrea,ERI,2010,197.61058
Eritrea,ERI,2011,194.09802
Eritrea,ERI,2012,191.6372
Eritrea,ERI,2013,189.30766
Eritrea,ERI,2014,188.03476
Eritrea,ERI,2015,187.40666
Eritrea,ERI,2016,186.258
Eritrea,ERI,2017,184.74155
Eritrea,ERI,2018,182.2874
Eritrea,ERI,2019,179.61888
Eritrea,ERI,2020,176.8314
Eritrea,ERI,2021,173.72185
Eritrea,ERI,2022,170.70216
Eritrea,ERI,2023,167.70451
Estonia,EST,1992,1707.5571
Estonia,EST,1993,1466.4219
Estonia,EST,1994,1207.551
Estonia,EST,1995,934.7615
Estonia,EST,1996,964.5637
Estonia,EST,1997,991.6487
Estonia,EST,1998,1017.1729
Estonia,EST,1999,1041.0891
Estonia,EST,2000,1064.4701
Estonia,EST,2001,1087.2513
Estonia,EST,2002,1024.3324
Estonia,EST,2003,1136.4854
Estonia,EST,2004,1173.1188
Estonia,EST,2005,1149.2146
Estonia,EST,2006,1167.4684
Estonia,EST,2007,1367.9375
Estonia,EST,2008,1199.531
Estonia,EST,2009,1032.8141
Estonia,EST,2010,1383.5763
Estonia,EST,2011,1411.0856
Estonia,EST,2012,1233.1621
Estonia,EST,2013,1323.6075
Estonia,EST,2014,1308.33
Estonia,EST,2015,1202.0105
Estonia,EST,2016,1331.0264
Estonia,EST,2017,1354.8147
Estonia,EST,2018,1216.7498
Estonia,EST,2019,758.38385
Estonia,EST,2020,641.4769
Estonia,EST,2021,750.704
Estonia,EST,2022,892.88525
Estonia,EST,2023,580.05304
Eswatini,SWZ,1980,1101.1582
Eswatini,SWZ,1981,1096.3695
Eswatini,SWZ,1982,1090.7203
Eswatini,SWZ,1983,1084.6687
Eswatini,SWZ,1984,1078.171
Eswatini,SWZ,1985,1066.6302
Eswatini,SWZ,1986,1051.4038
Eswatini,SWZ,1987,1036.5791
Eswatini,SWZ,1988,1014.00604
Eswatini,SWZ,1989,990.9883
Eswatini,SWZ,1990,973.71875
Eswatini,SWZ,1991,956.5735
Eswatini,SWZ,1992,941.26025
Eswatini,SWZ,1993,934.0397
Eswatini,SWZ,1994,953.96216
Eswatini,SWZ,1995,974.56445
Eswatini,SWZ,1996,974.90356
Eswatini,SWZ,1997,977.7626
Eswatini,SWZ,1998,984.1588
Eswatini,SWZ,1999,992.2079
Eswatini,SWZ,2000,1000.5632
Eswatini,SWZ,2001,996.32324
Eswatini,SWZ,2002,993.3536
Eswatini,SWZ,2003,991.469
Eswatini,SWZ,2004,990.34766
Eswatini,SWZ,2005,989.78564
Eswatini,SWZ,2006,984.84375
Eswatini,SWZ,2007,979.18317
Eswatini,SWZ,2008,972.59656
Eswatini,SWZ,2009,966.3816
Eswatini,SWZ,2010,960.7341
Eswatini,SWZ,2011,955.41956
Eswatini,SWZ,2012,950.29333
Eswatini,SWZ,2013,945.1411
Eswatini,SWZ,2014,939.89343
Eswatini,SWZ,2015,934.5365
Eswatini,SWZ,2016,929.09357
Eswatini,SWZ,2017,922.12494
Eswatini,SWZ,2018,913.6565
Eswatini,SWZ,2019,905.1814
Eswatini,SWZ,2020,895.4252
Eswatini,SWZ,2021,885.13654
Eswatini,SWZ,2022,876.188
Eswatini,SWZ,2023,867.9356
Ethiopia,ETH,2002,77.58721
Ethiopia,ETH,2003,85.67617
Ethiopia,ETH,2004,93.239494
Ethiopia,ETH,2005,100.31075
Ethiopia,ETH,2006,100.43398
Ethiopia,ETH,2007,100.47735
Ethiopia,ETH,2008,100.468414
Ethiopia,ETH,2009,100.42527
Ethiopia,ETH,2010,100.316025
Ethiopia,ETH,2011,100.12603
Ethiopia,ETH,2012,99.90743
Ethiopia,ETH,2013,99.70953
Ethiopia,ETH,2014,99.48567
Ethiopia,ETH,2015,99.201996
Ethiopia,ETH,2016,98.85852
Ethiopia,ETH,2017,96.18345
Ethiopia,ETH,2018,93.624275
Ethiopia,ETH,2019,91.13823
Ethiopia,ETH,2020,88.70086
Ethiopia,ETH,2021,86.36173
Ethiopia,ETH,2022,84.126175
Ethiopia,ETH,2023,81.96411
Europe (FAO),,2001,494.23056
Europe (FAO),,2002,485.86115
Europe (FAO),,2003,481.53812
Europe (FAO),,2004,471.6432
Europe (FAO),,2005,463.7812
Europe (FAO),,2006,462.36868
Europe (FAO),,2007,444.66266
Europe (FAO),,2008,463.40204
Europe (FAO),,2009,434.20068
Europe (FAO),,2010,430.30017
Europe (FAO),,2011,424.451
Europe (FAO),,2012,417.96677
Europe (FAO),,2013,400.07764
Europe (FAO),,2014,407.79462
Europe (FAO),,2015,391.02493
Europe (FAO),,2016,392.99576
Europe (FAO),,2017,389.6882
Europe (FAO),,2018,390.46802
Europe (FAO),,2019,387.10052
Europe (FAO),,2020,381.33417
Europe (FAO),,2021,378.17645
Europe (FAO),,2022,373.46802
Europe (FAO),,2023,372.5594
Fiji,FJI,1987,39.971195
Fiji,FJI,1988,44.78323
Fiji,FJI,1989,49.527348
Fiji,FJI,1990,54.22204
Fiji,FJI,1991,58.881985
Fiji,FJI,1992,63.519283
Fiji,FJI,1993,68.14733
Fiji,FJI,1994,72.77374
Fiji,FJI,1995,77.39054
Fiji,FJI,1996,81.85266
Fiji,FJI,1997,85.90804
Fiji,FJI,1998,89.68742
Fiji,FJI,1999,93.43648
Fiji,FJI,2000,97.15677
Fiji,FJI,2001,96.91665
Fiji,FJI,2002,96.70771
Fiji,FJI,2003,96.527016
Fiji,FJI,2004,96.36697
Fiji,FJI,2005,96.217155
Fiji,FJI,2006,95.354095
Fiji,FJI,2007,94.56112
Fiji,FJI,2008,93.97841
Fiji,FJI,2009,93.580635
Fiji,FJI,2010,93.25377
Fiji,FJI,2011,92.99131
Fiji,FJI,2012,92.79515
Fiji,FJI,2013,92.64993
Fiji,FJI,2014,92.525536
Fiji,FJI,2015,92.42547
Fiji,FJI,2016,92.36634
Fiji,FJI,2017,92.40731
Fiji,FJI,2018,92.566345
Fiji,FJI,2019,92.79708
Fiji,FJI,2020,92.790634
Fiji,FJI,2021,92.6137
Fiji,FJI,2022,92.34062
Fiji,FJI,2023,91.86865
Finland,FIN,1970,716.40936
Finland,FIN,1971,726.34595
Finland,FIN,1972,732.82996
Finland,FIN,1973,739.4049
Finland,FIN,1974,746.21216
Finland,FIN,1975,753.5286
Finland,FIN,1976,757.618
Finland,FIN,1977,761.8309
Finland,FIN,1978,765.9536
Finland,FIN,1979,770.29004
Finland,FIN,1980,774.16394
Finland,FIN,1981,783.35815
Finland,FIN,1982,791.4012
Finland,FIN,1983,799.0465
Finland,FIN,1984,807.07513
Finland,FIN,1985,815.95013
Finland,FIN,1986,746.07764
Finland,FIN,1987,676.9315
Finland,FIN,1988,608.13135
Finland,FIN,1989,539.3465
Finland,FIN,1990,470.66373
Finland,FIN,1991,477.6341
Finland,FIN,1992,484.4364
Finland,FIN,1993,491.53375
Finland,FIN,1994,498.81512
Finland,FIN,1995,506.27237
Finland,FIN,1996,492.02722
Finland,FIN,1997,478.02255
Finland,FIN,1998,464.2433
Finland,FIN,1999,450.68103
Finland,FIN,2000,453.34152
Finland,FIN,2001,448.55325
Finland,FIN,2002,443.71793
Finland,FIN,2003,439.17886
Finland,FIN,2004,434.4299
Finland,FIN,2005,429.48395
Finland,FIN,2006,1246.0488
Finland,FIN,2007,430.57812
Finland,FIN,2008,430.5426
Finland,FIN,2009,430.4419
Finland,FIN,2010,430.42123
Finland,FIN,2011,430.36908
Finland,FIN,2012,431.9832
Finland,FIN,2013,433.63376
Finland,FIN,2014,431.34488
Finland,FIN,2015,432.17224
Finland,FIN,2016,418.5266
Finland,FIN,2017,417.5444
Finland,FIN,2018,507.63846
Finland,FIN,2019,633.85596
Finland,FIN,2020,632.9558
Finland,FIN,2021,525.9557
Finland,FIN,2022,502.5911
Finland,FIN,2023,499.72992
France,FRA,1980,574.1452
France,FRA,1981,585.27313
France,FRA,1982,596.12616
France,FRA,1983,607.07526
France,FRA,1984,618.12415
France,FRA,1985,629.02094
France,FRA,1986,635.8421
France,FRA,1987,642.48083
France,FRA,1988,648.84314
France,FRA,1989,655.0224
France,FRA,1990,661.3413
France,FRA,1991,674.8213
France,FRA,1992,681.45404
France,FRA,1993,647.8197
France,FRA,1994,614.9773
France,FRA,1995,582.4217
France,FRA,1996,550.1173
France,FRA,1997,518.0245
France,FRA,1998,529.63525
France,FRA,1999,540.291
France,FRA,2000,549.96564
France,FRA,2001,546.2971
France,FRA,2002,536.52374
France,FRA,2003,559.08307
France,FRA,2004,555.072
France,FRA,2005,549.63055
France,FRA,2006,533.136
France,FRA,2007,503.03976
France,FRA,2008,463.0601
France,FRA,2009,451.33255
France,FRA,2010,450.6337
France,FRA,2011,472.9988
France,FRA,2012,438.08417
France,FRA,2013,421.7729
France,FRA,2014,421.95004
France,FRA,2015,433.11133
France,FRA,2016,406.21106
France,FRA,2017,412.74554
France,FRA,2018,410.9144
France,FRA,2019,398.7875
France,FRA,2020,374.34866
France,FRA,2021,376.0843
France,FRA,2022,368.69
France,FRA,2023,353.58832
Gabon,GAB,1987,66.263306
Gabon,GAB,1988,69.427536
Gabon,GAB,1989,72.37928
Gabon,GAB,1990,75.13757
Gabon,GAB,1991,77.713104
Gabon,GAB,1992,80.11736
Gabon,GAB,1993,82.36159
Gabon,GAB,1994,84.468346
Gabon,GAB,1995,86.455315
Gabon,GAB,1996,88.32017
Gabon,GAB,1997,90.04661
Gabon,GAB,1998,91.62319
Gabon,GAB,1999,93.04908
Gabon,GAB,2000,94.31059
Gabon,GAB,2001,94.73205
Gabon,GAB,2002,95.02392
Gabon,GAB,2003,95.18577
Gabon,GAB,2004,95.20202
Gabon,GAB,2005,95.04645
Gabon,GAB,2006,92.22077
Gabon,GAB,2007,89.38224
Gabon,GAB,2008,86.54938
Gabon,GAB,2009,83.716705
Gabon,GAB,2010,80.877785
Gabon,GAB,2011,78.059044
Gabon,GAB,2012,75.31582
Gabon,GAB,2013,72.71079
Gabon,GAB,2014,70.30936
Gabon,GAB,2015,68.15321
Gabon,GAB,2016,66.22845
Gabon,GAB,2017,64.49071
Gabon,GAB,2018,62.875244
Gabon,GAB,2019,61.339535
Gabon,GAB,2020,59.89135
Gabon,GAB,2021,58.525986
Gabon,GAB,2022,57.22521
Gabon,GAB,2023,55.98062
Gambia,GMB,1982,26.1181
Gambia,GMB,1983,30.18822
Gambia,GMB,1984,33.87783
Gambia,GMB,1985,37.20672
Gambia,GMB,1986,40.201782
Gambia,GMB,1987,42.88141
Gambia,GMB,1988,45.26237
Gambia,GMB,1989,47.359177
Gambia,GMB,1990,49.191784
Gambia,GMB,1991,50.790665
Gambia,GMB,1992,52.24673
Gambia,GMB,1993,53.719383
Gambia,GMB,1994,55.265697
Gambia,GMB,1995,56.796738
Gambia,GMB,1996,58.23998
Gambia,GMB,1997,59.586254
Gambia,GMB,1998,60.83188
Gambia,GMB,1999,61.98001
Gambia,GMB,2000,62.1957
Gambia,GMB,2001,62.01961
Gambia,GMB,2002,61.822334
Gambia,GMB,2003,61.586773
Gambia,GMB,2004,61.296055
Gambia,GMB,2005,60.946457
Gambia,GMB,2006,59.232468
Gambia,GMB,2007,57.538525
Gambia,GMB,2008,55.890137
Gambia,GMB,2009,54.290253
Gambia,GMB,2010,52.73458
Gambia,GMB,2011,51.215267
Gambia,GMB,2012,49.72849
Gambia,GMB,2013,48.293118
Gambia,GMB,2014,46.93864
Gambia,GMB,2015,45.67259
Gambia,GMB,2016,44.487854
Gambia,GMB,2017,43.378223
Gambia,GMB,2018,42.339825
Gambia,GMB,2019,41.353867
Gambia,GMB,2020,40.385838
Gambia,GMB,2021,39.44085
Gambia,GMB,2022,38.536377
Gambia,GMB,2023,37.65968
Georgia,GEO,1992,596.4101
Georgia,GEO,1993,579.7234
Georgia,GEO,1994,564.1816
Georgia,GEO,1995,546.4692
Georgia,GEO,1996,527.039
Georgia,GEO,1997,507.15497
Georgia,GEO,1998,486.40894
Georgia,GEO,1999,464.76074
Georgia,GEO,2000,442.55426
Georgia,GEO,2001,450.16397
Georgia,GEO,2002,454.11572
Georgia,GEO,2003,453.80518
Georgia,GEO,2004,452.0398
Georgia,GEO,2005,450.30826
Georgia,GEO,2006,454.4706
Georgia,GEO,2007,458.63275
Georgia,GEO,2008,462.55002
Georgia,GEO,2009,457.68588
Georgia,GEO,2010,452.85464
Georgia,GEO,2011,448.4505
Georgia,GEO,2012,444.25177
Georgia,GEO,2013,440.0535
Georgia,GEO,2014,434.19437
Georgia,GEO,2015,426.60565
Georgia,GEO,2016,418.80963
Georgia,GEO,2017,362.39944
Georgia,GEO,2018,340.2271
Georgia,GEO,2019,414.0782
Georgia,GEO,2020,435.685
Georgia,GEO,2021,424.70657
Georgia,GEO,2022,340.83102
Georgia,GEO,2023,339.69342
Germany,DEU,1991,638.1425
Germany,DEU,1992,617.144
Germany,DEU,1993,607.9458
Germany,DEU,1994,601.6601
Germany,DEU,1995,595.3542
Germany,DEU,1996,580.63824
Germany,DEU,1997,575.1056
Germany,DEU,1998,558.5374
Germany,DEU,1999,555.4794
Germany,DEU,2000,549.27606
Germany,DEU,2001,545.8634
Germany,DEU,2002,532.7643
Germany,DEU,2003,516.99316
Germany,DEU,2004,506.2961
Germany,DEU,2005,490.1879
Germany,DEU,2006,486.0552
Germany,DEU,2007,477.58633
Germany,DEU,2008,480.45267
Germany,DEU,2009,485.76968
Germany,DEU,2010,488.0909
Germany,DEU,2011,446.8448
Germany,DEU,2012,408.2087
Germany,DEU,2013,389.46405
Germany,DEU,2014,382.96695
Germany,DEU,2015,360.2561
Germany,DEU,2016,366.96765
Germany,DEU,2017,334.8968
Germany,DEU,2018,325.69067
Germany,DEU,2019,311.85794
Germany,DEU,2020,312.6236
Germany,DEU,2021,286.44058
Germany,DEU,2022,272.94147
Germany,DEU,2023,271.45
Ghana,GHA,1970,33.610386
Ghana,GHA,1971,35.17045
Ghana,GHA,1972,36.603073
Ghana,GHA,1973,37.90165
Ghana,GHA,1974,39.091286
Ghana,GHA,1975,40.184017
Ghana,GHA,1976,41.18958
Ghana,GHA,1977,42.0765
Ghana,GHA,1978,42.838493
Ghana,GHA,1979,43.510296
Ghana,GHA,1980,44.159916
Ghana,GHA,1981,44.78746
Ghana,GHA,1982,45.30277
Ghana,GHA,1983,45.705357
Ghana,GHA,1984,46.240795
Ghana,GHA,1985,46.921104
Ghana,GHA,1986,47.527607
Ghana,GHA,1987,48.041256
Ghana,GHA,1988,48.453983
Ghana,GHA,1989,48.773403
Ghana,GHA,1990,49.021362
Ghana,GHA,1991,49.2415
Ghana,GHA,1992,49.437164
Ghana,GHA,1993,49.6016
Ghana,GHA,1994,49.761112
Ghana,GHA,1995,49.907036
Ghana,GHA,1996,50.031307
Ghana,GHA,1997,50.101547
Ghana,GHA,1998,50.114056
Ghana,GHA,1999,50.09261
Ghana,GHA,2000,50.007416
Ghana,GHA,2001,50.038258
Ghana,GHA,2002,49.989414
Ghana,GHA,2003,49.931435
Ghana,GHA,2004,49.866707
Ghana,GHA,2005,49.784096
Ghana,GHA,2006,49.683815
Ghana,GHA,2007,49.56692
Ghana,GHA,2008,49.44341
Ghana,GHA,2009,49.315914
Ghana,GHA,2010,49.1953
Ghana,GHA,2011,49.18071
Ghana,GHA,2012,49.20651
Ghana,GHA,2013,48.843044
Ghana,GHA,2014,48.533264
Ghana,GHA,2015,50.12795
Ghana,GHA,2016,49.889732
Ghana,GHA,2017,48.806408
Ghana,GHA,2018,47.80403
Ghana,GHA,2019,46.85379
Ghana,GHA,2020,45.92978
Ghana,GHA,2021,45.03875
Ghana,GHA,2022,44.182125
Ghana,GHA,2023,43.34686
Greece,GRC,1970,486.29504
Greece,GRC,1971,484.6184
Greece,GRC,1972,481.69714
Greece,GRC,1973,479.803
Greece,GRC,1974,478.37222
Greece,GRC,1975,474.19495
Greece,GRC,1976,483.46497
Greece,GRC,1977,493.5865
Greece,GRC,1978,504.18924
Greece,GRC,1979,513.0336
Greece,GRC,1980,522.0951
Greece,GRC,1981,526.0394
Greece,GRC,1982,530.8682
Greece,GRC,1983,536.1049
Greece,GRC,1984,541.6292
Greece,GRC,1985,547.57196
Greece,GRC,1986,607.8653
Greece,GRC,1987,667.9356
Greece,GRC,1988,727.7017
Greece,GRC,1989,787.0819
Greece,GRC,1990,766.38983
Greece,GRC,1991,853.3961
Greece,GRC,1992,775.87665
Greece,GRC,1993,847.88995
Greece,GRC,1994,835.58746
Greece,GRC,1995,740.263
Greece,GRC,1996,821.0621
Greece,GRC,1997,818.559
Greece,GRC,1998,860.41705
Greece,GRC,1999,901.87854
Greece,GRC,2000,942.7485
Greece,GRC,2001,925.95825
Greece,GRC,2002,850.2073
Greece,GRC,2003,882.29614
Greece,GRC,2004,881.3913
Greece,GRC,2005,879.0827
Greece,GRC,2006,864.0169
Greece,GRC,2007,871.8024
Greece,GRC,2008,870.9837
Greece,GRC,2009,870.16473
Greece,GRC,2010,870.49097
Greece,GRC,2011,873.3582
Greece,GRC,2012,899.2336
Greece,GRC,2013,904.9431
Greece,GRC,2014,910.38727
Greece,GRC,2015,915.63525
Greece,GRC,2016,940.65204
Greece,GRC,2017,942.38794
Greece,GRC,2018,943.26227
Greece,GRC,2019,943.68884
Greece,GRC,2020,946.0371
Greece,GRC,2021,953.4422
Greece,GRC,2022,843.67755
Greece,GRC,2023,856.07385
Grenada,GRD,2005,91.12904
Grenada,GRD,2006,94.934425
Grenada,GRD,2007,98.72388
Grenada,GRD,2008,102.498436
Grenada,GRD,2009,106.26334
Grenada,GRD,2010,110.02973
Grenada,GRD,2011,113.610344
Grenada,GRD,2012,116.94921
Grenada,GRD,2013,120.22914
Grenada,GRD,2014,123.5417
Grenada,GRD,2015,122.95511
Grenada,GRD,2016,122.47025
Grenada,GRD,2017,122.143486
Grenada,GRD,2018,121.87638
Grenada,GRD,2019,121.57111
Grenada,GRD,2020,121.19545
Grenada,GRD,2021,120.83556
Grenada,GRD,2022,120.6025
Grenada,GRD,2023,120.42944
Guatemala,GTM,2001,202.7999
Guatemala,GTM,2002,212.84854
Guatemala,GTM,2003,222.42645
Guatemala,GTM,2004,231.53947
Guatemala,GTM,2005,240.2849
Guatemala,GTM,2006,248.67105
Guatemala,GTM,2007,243.48743
Guatemala,GTM,2008,238.54025
Guatemala,GTM,2009,233.83447
Guatemala,GTM,2010,229.24649
Guatemala,GTM,2011,224.72092
Guatemala,GTM,2012,220.29012
Guatemala,GTM,2013,216.02827
Guatemala,GTM,2014,211.97285
Guatemala,GTM,2015,208.12381
Guatemala,GTM,2016,204.32411
Guatemala,GTM,2017,200.64154
Guatemala,GTM,2018,197.32649
Guatemala,GTM,2019,194.3486
Guatemala,GTM,2020,191.50992
Guatemala,GTM,2021,188.8838
Guatemala,GTM,2022,186.24625
Guatemala,GTM,2023,183.40027
Guinea,GIN,1987,125.41953
Guinea,GIN,1988,120.12858
Guinea,GIN,1989,115.05097
Guinea,GIN,1990,109.21074
Guinea,GIN,1991,103.06902
Guinea,GIN,1992,98.03327
Guinea,GIN,1993,93.34862
Guinea,GIN,1994,88.899055
Guinea,GIN,1995,84.80332
Guinea,GIN,1996,80.83725
Guinea,GIN,1997,77.625404
Guinea,GIN,1998,74.64046
Guinea,GIN,1999,71.48242
Guinea,GIN,2000,68.61907
Guinea,GIN,2001,65.271965
Guinea,GIN,2002,66.82042
Guinea,GIN,2003,67.8395
Guinea,GIN,2004,68.8506
Guinea,GIN,2005,69.886406
Guinea,GIN,2006,70.42727
Guinea,GIN,2007,70.75688
Guinea,GIN,2008,70.96062
Guinea,GIN,2009,71.09818
Guinea,GIN,2010,71.17524
Guinea,GIN,2011,71.194
Guinea,GIN,2012,71.18548
Guinea,GIN,2013,71.14224
Guinea,GIN,2014,71.03437
Guinea,GIN,2015,70.85272
Guinea,GIN,2016,70.61077
Guinea,GIN,2017,70.34289
Guinea,GIN,2018,70.05241
Guinea,GIN,2019,68.28114
Guinea,GIN,2020,66.56105
Guinea,GIN,2021,64.91369
Guinea,GIN,2022,63.322044
Guinea,GIN,2023,61.782097
Guinea-Bissau,GNB,1991,16.689465
Guinea-Bissau,GNB,1992,47.132053
Guinea-Bissau,GNB,1993,75.523415
Guinea-Bissau,GNB,1994,102.231575
Guinea-Bissau,GNB,1995,127.970055
Guinea-Bissau,GNB,1996,153.03423
Guinea-Bissau,GNB,1997,150.14435
Guinea-Bissau,GNB,1998,147.37184
Guinea-Bissau,GNB,1999,144.60349
Guinea-Bissau,GNB,2000,141.73018
Guinea-Bissau,GNB,2001,141.12726
Guinea-Bissau,GNB,2002,140.38544
Guinea-Bissau,GNB,2003,139.52014
Guinea-Bissau,GNB,2004,138.56343
Guinea-Bissau,GNB,2005,137.52316
Guinea-Bissau,GNB,2006,134.24692
Guinea-Bissau,GNB,2007,130.94548
Guinea-Bissau,GNB,2008,127.683495
Guinea-Bissau,GNB,2009,124.47777
Guinea-Bissau,GNB,2010,121.301384
Guinea-Bissau,GNB,2011,118.15358
Guinea-Bissau,GNB,2012,115.05274
Guinea-Bissau,GNB,2013,112.03008
Guinea-Bissau,GNB,2014,109.12501
Guinea-Bissau,GNB,2015,106.3558
Guinea-Bissau,GNB,2016,103.71782
Guinea-Bissau,GNB,2017,101.221504
Guinea-Bissau,GNB,2018,98.84675
Guinea-Bissau,GNB,2019,96.55963
Guinea-Bissau,GNB,2020,94.374535
Guinea-Bissau,GNB,2021,92.28491
Guinea-Bissau,GNB,2022,90.2386
Guinea-Bissau,GNB,2023,88.23506
Guyana,GUY,1992,1946.8977
Guyana,GUY,1993,1968.8843
Guyana,GUY,1994,1991.2109
Guyana,GUY,1995,2014.1418
Guyana,GUY,1996,2038.0631
Guyana,GUY,1997,2062.9863
Guyana,GUY,1998,2088.8296
Guyana,GUY,1999,2115.809
Guyana,GUY,2000,2144.2617
Guyana,GUY,2001,2125.1638
Guyana,GUY,2002,2107.3474
Guyana,GUY,2003,2088.7393
Guyana,GUY,2004,2070.4653
Guyana,GUY,2005,2054.3713
Guyana,GUY,2006,2028.4163
Guyana,GUY,2007,2002.7468
Guyana,GUY,2008,1977.3219
Guyana,GUY,2009,1952.4155
Guyana,GUY,2010,1928.1781
Guyana,GUY,2011,1936.1981
Guyana,GUY,2012,1935.8466
Guyana,GUY,2013,1926.2114
Guyana,GUY,2014,1915.466
Guyana,GUY,2015,1903.975
Guyana,GUY,2016,1892.088
Guyana,GUY,2017,1879.9485
Guyana,GUY,2018,1825.1405
Guyana,GUY,2019,1788.7367
Guyana,GUY,2020,1789.1432
Guyana,GUY,2021,1771.5903
Guyana,GUY,2022,1758.3191
Guyana,GUY,2023,1748.2843
Haiti,HTI,1991,140.07675
Haiti,HTI,1992,147.98073
Haiti,HTI,1993,155.56773
Haiti,HTI,1994,162.86554
Haiti,HTI,1995,169.86343
Haiti,HTI,1996,168.20041
Haiti,HTI,1997,166.56212
Haiti,HTI,1998,164.96117
Haiti,HTI,1999,163.39207
Haiti,HTI,2000,161.82669
Haiti,HTI,2001,160.30025
Haiti,HTI,2002,158.84724
Haiti,HTI,2003,157.43472
Haiti,HTI,2004,156.1041
Haiti,HTI,2005,154.80638
Haiti,HTI,2006,153.47992
Haiti,HTI,2007,152.17395
Haiti,HTI,2008,150.89914
Haiti,HTI,2009,149.64528
Haiti,HTI,2010,147.90947
Haiti,HTI,2011,146.24449
Haiti,HTI,2012,143.99533
Haiti,HTI,2013,141.84589
Haiti,HTI,2014,139.78282
Haiti,HTI,2015,137.79024
Haiti,HTI,2016,135.87648
Haiti,HTI,2017,134.03891
Haiti,HTI,2018,132.27075
Haiti,HTI,2019,130.5699
Haiti,HTI,2020,128.95941
Haiti,HTI,2021,127.477165
Haiti,HTI,2022,126.04743
Haiti,HTI,2023,124.5983
Honduras,HND,2003,225.7272
Honduras,HND,2004,220.16731
Honduras,HND,2005,214.88684
Honduras,HND,2006,209.87793
Honduras,HND,2007,205.11057
Honduras,HND,2008,200.55945
Honduras,HND,2009,196.21733
Honduras,HND,2010,192.08983
Honduras,HND,2011,188.16046
Honduras,HND,2012,184.3931
Honduras,HND,2013,180.7796
Honduras,HND,2014,177.31197
Honduras,HND,2015,173.96849
Honduras,HND,2016,170.73259
Honduras,HND,2017,167.60295
Honduras,HND,2018,164.56378
Honduras,HND,2019,161.61095
Honduras,HND,2020,158.80011
Honduras,HND,2021,156.17291
Honduras,HND,2022,153.57603
Honduras,HND,2023,150.96501
Hungary,HUN,1970,288.89566
Hungary,HUN,1971,307.14322
Hungary,HUN,1972,325.24207
Hungary,HUN,1973,343.143
Hungary,HUN,1974,360.46982
Hungary,HUN,1975,377.09503
Hungary,HUN,1976,390.9031
Hungary,HUN,1977,404.8935
Hungary,HUN,1978,419.23837
Hungary,HUN,1979,433.8483
Hungary,HUN,1980,449.25998
Hungary,HUN,1981,478.8784
Hungary,HUN,1982,508.9284
Hungary,HUN,1983,539.61273
Hungary,HUN,1984,570.7873
Hungary,HUN,1985,602.09924
Hungary,HUN,1986,614.8617
Hungary,HUN,1987,627.70184
Hungary,HUN,1988,640.5435
Hungary,HUN,1989,653.6298
Hungary,HUN,1990,665.8482
Hungary,HUN,1991,676.87506
Hungary,HUN,1992,688.1471
Hungary,HUN,1993,661.92053
Hungary,HUN,1994,635.76306
Hungary,HUN,1995,609.53253
Hungary,HUN,1996,583.4074
Hungary,HUN,1997,574.3007
Hungary,HUN,1998,565.33136
Hungary,HUN,1999,562.3131
Hungary,HUN,2000,583.1584
Hungary,HUN,2001,575.1495
Hungary,HUN,2002,564.1583
Hungary,HUN,2003,570.253
Hungary,HUN,2004,570.34033
Hungary,HUN,2005,548.049
Hungary,HUN,2006,551.9832
Hungary,HUN,2007,556.819
Hungary,HUN,2008,547.08203
Hungary,HUN,2009,537.196
Hungary,HUN,2010,527.64795
Hungary,HUN,2011,518.5886
Hungary,HUN,2012,509.34677
Hungary,HUN,2013,464.41895
Hungary,HUN,2014,429.50095
Hungary,HUN,2015,437.98227
Hungary,HUN,2016,443.33987
Hungary,HUN,2017,457.5755
Hungary,HUN,2018,477.79257
Hungary,HUN,2019,445.34183
Hungary,HUN,2020,474.75467
Hungary,HUN,2021,466.01465
Hungary,HUN,2022,512.8237
Hungary,HUN,2023,476.0218
Iceland,ISL,1980,473.3842
Iceland,ISL,1981,471.51312
Iceland,ISL,1982,468.68753
Iceland,ISL,1983,465.89453
Iceland,ISL,1984,464.29773
Iceland,ISL,1985,463.9564
Iceland,ISL,1986,505.78986
Iceland,ISL,1987,545.03784
Iceland,ISL,1988,580.6352
Iceland,ISL,1989,616.96533
Iceland,ISL,1990,655.32983
Iceland,ISL,1991,647.75885
Iceland,ISL,1992,639.6384
Iceland,ISL,1993,631.27
Iceland,ISL,1994,623.93463
Iceland,ISL,1995,618.66846
Iceland,ISL,1996,613.4741
Iceland,ISL,1997,606.5981
Iceland,ISL,1998,598.2967
Iceland,ISL,1999,589.2996
Iceland,ISL,2000,579.4937
Iceland,ISL,2001,575.33264
Iceland,ISL,2002,573.6995
Iceland,ISL,2003,569.7415
Iceland,ISL,2004,564.7426
Iceland,ISL,2005,612.4625
Iceland,ISL,2006,653.56036
Iceland,ISL,2007,691.1589
Iceland,ISL,2008,731.3052
Iceland,ISL,2009,781.51483
Iceland,ISL,2010,835.43396
Iceland,ISL,2011,928.4414
Iceland,ISL,2012,917.2782
Iceland,ISL,2013,899.0832
Iceland,ISL,2014,840.27325
Iceland,ISL,2015,840.9087
Iceland,ISL,2016,774.793
Iceland,ISL,2017,810.1149
Iceland,ISL,2018,788.7115
Iceland,ISL,2019,771.5564
Iceland,ISL,2020,759.109
Iceland,ISL,2021,746.8264
Iceland,ISL,2022,731.6839
Iceland,ISL,2023,718.087
India,IND,1975,621.61633
India,IND,1976,625.809
India,IND,1977,629.43085
India,IND,1978,632.8994
India,IND,1979,635.7392
India,IND,1980,637.7354
India,IND,1981,639.50885
India,IND,1982,640.95703
India,IND,1983,641.9549
India,IND,1984,642.52985
India,IND,1985,642.8544
India,IND,1986,629.02026
India,IND,1987,615.6518
India,IND,1988,602.7488
India,IND,1989,590.2088
India,IND,1990,578.0532
India,IND,1991,578.1469
India,IND,1992,578.18915
India,IND,1993,578.14703
India,IND,1994,578.1778
India,IND,1995,578.15204
India,IND,1996,577.98553
India,IND,1997,577.7805
India,IND,1998,577.54016
India,IND,1999,577.29254
India,IND,2000,576.97974
India,IND,2001,580.25867
India,IND,2002,583.56396
India,IND,2003,587.0149
India,IND,2004,590.3565
India,IND,2005,593.84607
India,IND,2006,597.47003
India,IND,2007,601.18787
India,IND,2008,605.0677
India,IND,2009,608.66986
India,IND,2010,611.9914
India,IND,2011,603.38165
India,IND,2012,595.1475
India,IND,2013,587.2686
India,IND,2014,579.90796
India,IND,2015,573.0316
India,IND,2016,566.2437
India,IND,2017,559.6998
India,IND,2018,553.5918
India,IND,2019,547.8642
India,IND,2020,542.55695
India,IND,2021,538.11194
India,IND,2022,533.8765
India,IND,2023,529.18164
Indonesia,IDN,1990,405.14743
Indonesia,IDN,1991,418.88873
Indonesia,IDN,1992,432.18262
Indonesia,IDN,1993,445.03674
Indonesia,IDN,1994,457.40558
Indonesia,IDN,1995,469.34518
Indonesia,IDN,1996,480.84995
Indonesia,IDN,1997,491.9484
Indonesia,IDN,1998,502.79282
Indonesia,IDN,1999,513.5742
Indonesia,IDN,2000,524.29266
Indonesia,IDN,2001,563.50726
Indonesia,IDN,2002,601.7354
Indonesia,IDN,2003,639.03595
Indonesia,IDN,2004,675.60785
Indonesia,IDN,2005,711.063
Indonesia,IDN,2006,727.4944
Indonesia,IDN,2007,743.40247
Indonesia,IDN,2008,758.9463
Indonesia,IDN,2009,774.2009
Indonesia,IDN,2010,789.002
Indonesia,IDN,2011,803.1811
Indonesia,IDN,2012,816.7987
Indonesia,IDN,2013,830.31464
Indonesia,IDN,2014,843.92175
Indonesia,IDN,2015,842.4533
Indonesia,IDN,2016,841.31494
Indonesia,IDN,2017,832.75775
Indonesia,IDN,2018,824.7211
Indonesia,IDN,2019,817.041
Indonesia,IDN,2020,810.1272
Indonesia,IDN,2021,804.4391
Indonesia,IDN,2022,798.4599
Indonesia,IDN,2023,791.7598
Iran,IRN,1975,1331.2439
Iran,IRN,1976,1331.6501
Iran,IRN,1977,1329.749
Iran,IRN,1978,1324.475
Iran,IRN,1979,1315.9215
Iran,IRN,1980,1304.0222
Iran,IRN,1981,1270.4741
Iran,IRN,1982,1236.3845
Iran,IRN,1983,1219.4006
Iran,IRN,1984,1203.4879
Iran,IRN,1985,1188.1371
Iran,IRN,1986,1172.133
Iran,IRN,1987,1156.9509
Iran,IRN,1988,1145.4628
Iran,IRN,1989,1137.0228
Iran,IRN,1990,1128.2242
Iran,IRN,1991,1121.1924
Iran,IRN,1992,1121.9738
Iran,IRN,1993,1140.6345
Iran,IRN,1994,1243.803
Iran,IRN,1995,1334.2858
Iran,IRN,1996,1337.4406
Iran,IRN,1997,1338.7882
Iran,IRN,1998,1337.5726
Iran,IRN,1999,1335.4646
Iran,IRN,2000,1332.4569
Iran,IRN,2001,1329.8345
Iran,IRN,2002,1336.5422
Iran,IRN,2003,1339.2596
Iran,IRN,2004,1327.9945
Iran,IRN,2005,1298.9281
Iran,IRN,2006,1271.2428
Iran,IRN,2007,1250.6259
Iran,IRN,2008,1235.5292
Iran,IRN,2009,1220.2806
Iran,IRN,2010,1205.1018
Iran,IRN,2011,1190.3
Iran,IRN,2012,1175.4985
Iran,IRN,2013,1160.2358
Iran,IRN,2014,1144.7566
Iran,IRN,2015,1129.2753
Iran,IRN,2016,1113.2028
Iran,IRN,2017,1097.3016
Iran,IRN,2018,1083.3972
Iran,IRN,2019,1071.7776
Iran,IRN,2020,1063.5697
Iran,IRN,2021,1054.7678
Iran,IRN,2022,1042.1758
Iran,IRN,2023,1029.7024
Iraq,IRQ,1975,3513.6233
Iraq,IRQ,1976,3404.4424
Iraq,IRQ,1977,3296.8816
Iraq,IRQ,1978,3191.3955
Iraq,IRQ,1979,3093.9158
Iraq,IRQ,1980,3001.3997
Iraq,IRQ,1981,2915.8137
Iraq,IRQ,1982,2838.0374
Iraq,IRQ,1983,2757.9832
Iraq,IRQ,1984,2676.2273
Iraq,IRQ,1985,2615.4993
Iraq,IRQ,1986,2574.0715
Iraq,IRQ,1987,2525.9897
Iraq,IRQ,1988,2489.1155
Iraq,IRQ,1989,2444.2913
Iraq,IRQ,1990,2434.4177
Iraq,IRQ,1991,2539.5034
Iraq,IRQ,1992,2592.23
Iraq,IRQ,1993,2591.5054
Iraq,IRQ,1994,2585.9236
Iraq,IRQ,1995,2612.137
Iraq,IRQ,1996,2637.9773
Iraq,IRQ,1997,2662.2664
Iraq,IRQ,1998,2681.3025
Iraq,IRQ,1999,2694.1353
Iraq,IRQ,2000,2702.254
Iraq,IRQ,2001,2545.5696
Iraq,IRQ,2002,2395.0002
Iraq,IRQ,2003,2254.5737
Iraq,IRQ,2004,2123.8555
Iraq,IRQ,2005,1996.4583
Iraq,IRQ,2006,1916.975
Iraq,IRQ,2007,1866.7489
Iraq,IRQ,2008,1765.3099
Iraq,IRQ,2009,1639.6759
Iraq,IRQ,2010,1527.7183
Iraq,IRQ,2011,1416.9594
Iraq,IRQ,2012,1298.9003
Iraq,IRQ,2013,1186.3601
Iraq,IRQ,2014,1094.3895
Iraq,IRQ,2015,929.6992
Iraq,IRQ,2016,1002.08923
Iraq,IRQ,2017,1094.8881
Iraq,IRQ,2018,833.7136
Iraq,IRQ,2019,1374.5331
Iraq,IRQ,2020,1413.7179
Iraq,IRQ,2021,1330.6569
Iraq,IRQ,2022,1095.7203
Iraq,IRQ,2023,1071.3259
Ireland,IRL,1980,313.3016
Ireland,IRL,1981,312.44583
Ireland,IRL,1982,312.22318
Ireland,IRL,1983,312.41763
Ireland,IRL,1984,312.94083
Ireland,IRL,1985,313.72763
Ireland,IRL,1986,314.92667
Ireland,IRL,1987,317.19754
Ireland,IRL,1988,320.7208
Ireland,IRL,1989,324.15836
Ireland,IRL,1990,326.0411
Ireland,IRL,1991,326.31604
Ireland,IRL,1992,326.22815
Ireland,IRL,1993,326.73062
Ireland,IRL,1994,327.56232
Ireland,IRL,1995,317.69757
Ireland,IRL,1996,307.32898
Ireland,IRL,1997,296.63455
Ireland,IRL,1998,285.7498
Ireland,IRL,1999,274.86417
Ireland,IRL,2000,263.67792
Ireland,IRL,2001,252.07664
Ireland,IRL,2002,240.52199
Ireland,IRL,2003,244.24052
Ireland,IRL,2004,247.31436
Ireland,IRL,2005,192.2853
Ireland,IRL,2006,218.63763
Ireland,IRL,2007,166.15405
Ireland,IRL,2008,193.27708
Ireland,IRL,2009,166.96988
Ireland,IRL,2010,202.22049
Ireland,IRL,2011,205.36105
Ireland,IRL,2012,208.47327
Ireland,IRL,2013,218.5814
Ireland,IRL,2014,228.14125
Ireland,IRL,2015,226.60397
Ireland,IRL,2016,232.55864
Ireland,IRL,2017,273.74487
Ireland,IRL,2018,313.61368
Ireland,IRL,2019,311.28058
Ireland,IRL,2020,309.87796
Ireland,IRL,2021,314.41254
Ireland,IRL,2022,327.39627
Ireland,IRL,2023,376.78265
Israel,ISR,1970,545.94116
Israel,ISR,1971,529.87604
Israel,ISR,1972,516.7239
Israel,ISR,1973,507.35928
Israel,ISR,1974,499.5091
Israel,ISR,1975,491.84937
Israel,ISR,1976,484.24683
Israel,ISR,1977,476.83395
Israel,ISR,1978,469.83545
Israel,ISR,1979,463.1855
Israel,ISR,1980,456.7848
Israel,ISR,1981,455.88947
Israel,ISR,1982,454.93497
Israel,ISR,1983,454.6385
Israel,ISR,1984,454.5663
Israel,ISR,1985,454.77142
Israel,ISR,1986,455.74802
Israel,ISR,1987,442.77975
Israel,ISR,1988,429.96573
Israel,ISR,1989,417.20776
Israel,ISR,1990,396.91977
Israel,ISR,1991,377.74933
Israel,ISR,1992,364.55783
Israel,ISR,1993,355.6398
Israel,ISR,1994,347.03934
Israel,ISR,1995,338.39188
Israel,ISR,1996,333.55447
Israel,ISR,1997,328.84244
Israel,ISR,1998,324.55173
Israel,ISR,1999,319.8073
Israel,ISR,2000,314.83228
Israel,ISR,2001,299.921
Israel,ISR,2002,286.64377
Israel,ISR,2003,286.02975
Israel,ISR,2004,295.38535
Israel,ISR,2005,286.91156
Israel,ISR,2006,278.60773
Israel,ISR,2007,270.4793
Israel,ISR,2008,262.5582
Israel,ISR,2009,254.78429
Israel,ISR,2010,261.5605
Israel,ISR,2011,262.34695
Israel,ISR,2012,263.0202
Israel,ISR,2013,263.50497
Israel,ISR,2014,263.76508
Israel,ISR,2015,263.75565
Israel,ISR,2016,274.42126
Israel,ISR,2017,275.89764
Israel,ISR,2018,266.86044
Israel,ISR,2019,267.74554
Israel,ISR,2020,272.7156
Israel,ISR,2021,292.96902
Israel,ISR,2022,286.16464
Israel,ISR,2023,277.32422
Italy,ITA,1970,779.1687
Italy,ITA,1971,784.53925
Italy,ITA,1972,789.23
Italy,ITA,1973,793.52
Italy,ITA,1974,797.93134
Italy,ITA,1975,802.656
Italy,ITA,1976,808.03644
Italy,ITA,1977,813.9184
Italy,ITA,1978,820.197
Italy,ITA,1979,826.8818
Italy,ITA,1980,832.24567
Italy,ITA,1981,818.70514
Italy,ITA,1982,807.5798
Italy,ITA,1983,796.84033
Italy,ITA,1984,786.156
Italy,ITA,1985,775.4759
Italy,ITA,1986,765.10925
Italy,ITA,1987,754.81036
Italy,ITA,1988,744.2441
Italy,ITA,1989,733.54755
Italy,ITA,1990,722.7841
Italy,ITA,1991,730.9912
Italy,ITA,1992,739.1125
Italy,ITA,1993,747.26965
Italy,ITA,1994,752.73517
Italy,ITA,1995,761.6689
Italy,ITA,1996,773.6338
Italy,ITA,1997,782.01215
Italy,ITA,1998,790.39996
Italy,ITA,1999,788.9827
Italy,ITA,2000,792.406
Italy,ITA,2001,762.1704
Italy,ITA,2002,730.9338
Italy,ITA,2003,697.34686
Italy,ITA,2004,662.7824
Italy,ITA,2005,629.74426
Italy,ITA,2006,599.5382
Italy,ITA,2007,568.4206
Italy,ITA,2008,902.4258
Italy,ITA,2009,564.02026
Italy,ITA,2010,563.463
Italy,ITA,2011,563.4377
Italy,ITA,2012,563.78516
Italy,ITA,2013,563.8552
Italy,ITA,2014,563.6605
Italy,ITA,2015,564.3883
Italy,ITA,2016,563.8735
Italy,ITA,2017,563.2691
Italy,ITA,2018,562.8966
Italy,ITA,2019,563.9435
Italy,ITA,2020,565.5389
Italy,ITA,2021,566.1558
Italy,ITA,2022,567.73737
Italy,ITA,2023,568.87915
Jamaica,JAM,1993,378.78857
Jamaica,JAM,1994,372.2035
Jamaica,JAM,1995,365.80655
Jamaica,JAM,1996,359.62393
Jamaica,JAM,1997,353.68784
Jamaica,JAM,1998,348.06244
Jamaica,JAM,1999,342.77396
Jamaica,JAM,2000,337.82928
Jamaica,JAM,2001,333.137
Jamaica,JAM,2002,328.5544
Jamaica,JAM,2003,324.0419
Jamaica,JAM,2004,319.63733
Jamaica,JAM,2005,315.37326
Jamaica,JAM,2006,344.05072
Jamaica,JAM,2007,372.58124
Jamaica,JAM,2008,399.31287
Jamaica,JAM,2009,425.8871
Jamaica,JAM,2010,452.2067
Jamaica,JAM,2011,478.2444
Jamaica,JAM,2012,504.05612
Jamaica,JAM,2013,529.7759
Jamaica,JAM,2014,555.52594
Jamaica,JAM,2015,294.37643
Jamaica,JAM,2016,481.8651
Jamaica,JAM,2017,407.4577
Jamaica,JAM,2018,333.5378
Jamaica,JAM,2019,259.95157
Jamaica,JAM,2020,186.24757
Jamaica,JAM,2021,163.10056
Jamaica,JAM,2022,163.01654
Jamaica,JAM,2023,162.97969
Japan,JPN,1980,745.192
Japan,JPN,1981,743.5638
Japan,JPN,1982,742.84436
Japan,JPN,1983,742.3075
Japan,JPN,1984,741.94556
Japan,JPN,1985,741.5106
Japan,JPN,1986,740.5489
Japan,JPN,1987,739.3391
Japan,JPN,1988,738.4029
Japan,JPN,1989,737.85205
Japan,JPN,1990,737.41364
Japan,JPN,1991,736.1242
Japan,JPN,1992,734.82294
Japan,JPN,1993,725.40875
Japan,JPN,1994,716.1166
Japan,JPN,1995,707.23413
Japan,JPN,1996,711.449
Japan,JPN,1997,715.7117
Japan,JPN,1998,714.2941
Japan,JPN,1999,713.0564
Japan,JPN,2000,711.9702
Japan,JPN,2001,687.9216
Japan,JPN,2002,664.0018
Japan,JPN,2003,660.2583
Japan,JPN,2004,656.7421
Japan,JPN,2005,653.4737
Japan,JPN,2006,650.2796
Japan,JPN,2007,647.83746
Japan,JPN,2008,641.5229
Japan,JPN,2009,635.37274
Japan,JPN,2010,633.45807
Japan,JPN,2011,631.9458
Japan,JPN,2012,630.8222
Japan,JPN,2013,629.87555
Japan,JPN,2014,629.0857
Japan,JPN,2015,628.163
Japan,JPN,2016,626.76965
Japan,JPN,2017,624.09155
Japan,JPN,2018,623.25946
Japan,JPN,2019,618.78735
Japan,JPN,2020,631.0145
Japan,JPN,2021,625.4011
Japan,JPN,2022,616.01196
Japan,JPN,2023,619.11566
Jordan,JOR,1975,237.48654
Jordan,JOR,1976,238.89572
Jordan,JOR,1977,240.01958
Jordan,JOR,1978,240.64172
Jordan,JOR,1979,240.58885
Jordan,JOR,1980,239.46075
Jordan,JOR,1981,237.28056
Jordan,JOR,1982,234.2881
Jordan,JOR,1983,230.71701
Jordan,JOR,1984,226.84398
Jordan,JOR,1985,222.75722
Jordan,JOR,1986,230.79938
Jordan,JOR,1987,237.62695
Jordan,JOR,1988,243.2792
Jordan,JOR,1989,247.60966
Jordan,JOR,1990,243.51805
Jordan,JOR,1991,238.30507
Jordan,JOR,1992,238.38985
Jordan,JOR,1993,221.5089
Jordan,JOR,1994,206.57008
Jordan,JOR,1995,193.88812
Jordan,JOR,1996,183.3073
Jordan,JOR,1997,174.3114
Jordan,JOR,1998,166.28635
Jordan,JOR,1999,158.79538
Jordan,JOR,2000,151.66295
Jordan,JOR,2001,139.30074
Jordan,JOR,2002,142.98264
Jordan,JOR,2003,140.02509
Jordan,JOR,2004,146.20724
Jordan,JOR,2005,156.04716
Jordan,JOR,2006,142.67108
Jordan,JOR,2007,136.51224
Jordan,JOR,2008,132.76363
Jordan,JOR,2009,120.83867
Jordan,JOR,2010,122.378334
Jordan,JOR,2011,120.19372
Jordan,JOR,2012,111.900055
Jordan,JOR,2013,112.74043
Jordan,JOR,2014,116.27999
Jordan,JOR,2015,105.52421
Jordan,JOR,2016,104.34357
Jordan,JOR,2017,102.94868
Jordan,JOR,2018,102.88363
Jordan,JOR,2019,103.529915
Jordan,JOR,2020,101.6877
Jordan,JOR,2021,99.83955
Jordan,JOR,2022,98.15513
Jordan,JOR,2023,96.58531
Kazakhstan,KAZ,1993,2016.7892
Kazakhstan,KAZ,1994,2009.8251
Kazakhstan,KAZ,1995,2012.5476
Kazakhstan,KAZ,1996,1896.7561
Kazakhstan,KAZ,1997,1782.8931
Kazakhstan,KAZ,1998,1666.0249
Kazakhstan,KAZ,1999,1522.7738
Kazakhstan,KAZ,2000,1354.8713
Kazakhstan,KAZ,2001,1337.6093
Kazakhstan,KAZ,2002,1422.1409
Kazakhstan,KAZ,2003,1458.3378
Kazakhstan,KAZ,2004,1491.72
Kazakhstan,KAZ,2005,1552.6565
Kazakhstan,KAZ,2006,1319.3229
Kazakhstan,KAZ,2007,1403.0079
Kazakhstan,KAZ,2008,1246.1553
Kazakhstan,KAZ,2009,1296.2214
Kazakhstan,KAZ,2010,1414.3416
Kazakhstan,KAZ,2011,1285.8313
Kazakhstan,KAZ,2012,1236.211
Kazakhstan,KAZ,2013,1283.3422
Kazakhstan,KAZ,2014,1295.3318
Kazakhstan,KAZ,2015,1198.0092
Kazakhstan,KAZ,2016,1311.2354
Kazakhstan,KAZ,2017,1310.9098
Kazakhstan,KAZ,2018,1243.4553
Kazakhstan,KAZ,2019,1230.4293
Kazakhstan,KAZ,2020,1272.7057
Kazakhstan,KAZ,2021,1241.7693
Kazakhstan,KAZ,2022,1246.1436
Kazakhstan,KAZ,2023,1198.469
Kenya,KEN,1990,89.50471
Kenya,KEN,1991,84.58297
Kenya,KEN,1992,80.02411
Kenya,KEN,1993,75.73606
Kenya,KEN,1994,71.6773
Kenya,KEN,1995,67.832436
Kenya,KEN,1996,64.20203
Kenya,KEN,1997,60.73092
Kenya,KEN,1998,57.384907
Kenya,KEN,1999,54.108524
Kenya,KEN,2000,50.906525
Kenya,KEN,2001,57.347553
Kenya,KEN,2002,63.335983
Kenya,KEN,2003,68.94047
Kenya,KEN,2004,70.528435
Kenya,KEN,2005,71.97834
Kenya,KEN,2006,73.2944
Kenya,KEN,2007,74.48514
Kenya,KEN,2008,75.53441
Kenya,KEN,2009,76.46125
Kenya,KEN,2010,77.35844
Kenya,KEN,2011,75.26931
Kenya,KEN,2012,73.34073
Kenya,KEN,2013,71.558784
Kenya,KEN,2014,69.913124
Kenya,KEN,2015,68.381836
Kenya,KEN,2016,83.756256
Kenya,KEN,2017,81.91337
Kenya,KEN,2018,80.225876
Kenya,KEN,2019,78.62581
Kenya,KEN,2020,77.05906
Kenya,KEN,2021,75.570015
Kenya,KEN,2022,87.764496
Kenya,KEN,2023,91.261566
Kuwait,KWT,1993,321.74118
Kuwait,KWT,1994,338.31946
Kuwait,KWT,1995,362.26834
Kuwait,KWT,1996,378.69293
Kuwait,KWT,1997,392.2985
Kuwait,KWT,1998,405.23654
Kuwait,KWT,1999,417.59973
Kuwait,KWT,2000,429.4885
Kuwait,KWT,2001,436.4091
Kuwait,KWT,2002,443.30667
Kuwait,KWT,2003,447.90228
Kuwait,KWT,2004,452.80292
Kuwait,KWT,2005,450.94196
Kuwait,KWT,2006,432.90942
Kuwait,KWT,2007,414.20105
Kuwait,KWT,2008,397.45602
Kuwait,KWT,2009,382.35846
Kuwait,KWT,2010,368.26163
Kuwait,KWT,2011,350.79785
Kuwait,KWT,2012,333.8418
Kuwait,KWT,2013,321.88544
Kuwait,KWT,2014,312.11652
Kuwait,KWT,2015,302.3116
Kuwait,KWT,2016,298.2539
Kuwait,KWT,2017,300.8652
Kuwait,KWT,2018,289.12512
Kuwait,KWT,2019,281.39252
Kuwait,KWT,2020,284.0816
Kuwait,KWT,2021,286.6485
Kuwait,KWT,2022,272.3602
Kuwait,KWT,2023,258.3295
Kyrgyzstan,KGZ,1994,2169.4126
Kyrgyzstan,KGZ,1995,2139.538
Kyrgyzstan,KGZ,1996,2108.3525
Kyrgyzstan,KGZ,1997,2079.8296
Kyrgyzstan,KGZ,1998,2054.285
Kyrgyzstan,KGZ,1999,2028.9473
Kyrgyzstan,KGZ,2000,2005.9121
Kyrgyzstan,KGZ,2001,1919.2794
Kyrgyzstan,KGZ,2002,1835.1317
Kyrgyzstan,KGZ,2003,1752.8127
Kyrgyzstan,KGZ,2004,1671.7147
Kyrgyzstan,KGZ,2005,1592.0647
Kyrgyzstan,KGZ,2006,1515.7732
Kyrgyzstan,KGZ,2007,1493.8923
Kyrgyzstan,KGZ,2008,1472.7509
Kyrgyzstan,KGZ,2009,1444.7554
Kyrgyzstan,KGZ,2010,1407.454
Kyrgyzstan,KGZ,2011,1369.1934
Kyrgyzstan,KGZ,2012,1344.6809
Kyrgyzstan,KGZ,2013,1321.3071
Kyrgyzstan,KGZ,2014,1298.6749
Kyrgyzstan,KGZ,2015,1276.2664
Kyrgyzstan,KGZ,2016,1253.9983
Kyrgyzstan,KGZ,2017,1231.4817
Kyrgyzstan,KGZ,2018,1207.872
Kyrgyzstan,KGZ,2019,1179.544
Kyrgyzstan,KGZ,2020,1149.4357
Kyrgyzstan,KGZ,2021,1123.0884
Kyrgyzstan,KGZ,2022,1101.2412
Kyrgyzstan,KGZ,2023,1082.9127
Laos,LAO,2005,595.108
Laos,LAO,2006,661.7252
Laos,LAO,2007,726.3587
Laos,LAO,2008,789.0754
Laos,LAO,2009,849.9366
Laos,LAO,2010,909.03436
Laos,LAO,2011,966.4534
Laos,LAO,2012,1022.24615
Laos,LAO,2013,1076.4764
Laos,LAO,2014,1129.3162
Laos,LAO,2015,1154.1324
Laos,LAO,2016,1108.7305
Laos,LAO,2017,1043.0104
Laos,LAO,2018,1026.9296
Laos,LAO,2019,1015.525
Laos,LAO,2020,1000.472
Laos,LAO,2021,986.1545
Laos,LAO,2022,972.34985
Laos,LAO,2023,958.905
Latin America and the Caribbean (FAO),,2001,466.26883
Latin America and the Caribbean (FAO),,2002,477.2281
Latin America and the Caribbean (FAO),,2003,487.8764
Latin America and the Caribbean (FAO),,2004,493.09305
Latin America and the Caribbean (FAO),,2005,498.64774
Latin America and the Caribbean (FAO),,2006,503.26443
Latin America and the Caribbean (FAO),,2007,512.8413
Latin America and the Caribbean (FAO),,2008,543.27203
Latin America and the Caribbean (FAO),,2009,556.18994
Latin America and the Caribbean (FAO),,2010,568.4927
Latin America and the Caribbean (FAO),,2011,565.1763
Latin America and the Caribbean (FAO),,2012,568.08215
Latin America and the Caribbean (FAO),,2013,562.42523
Latin America and the Caribbean (FAO),,2014,563.0923
Latin America and the Caribbean (FAO),,2015,561.13947
Latin America and the Caribbean (FAO),,2016,565.30786
Latin America and the Caribbean (FAO),,2017,565.4331
Latin America and the Caribbean (FAO),,2018,568.2415
Latin America and the Caribbean (FAO),,2019,568.24536
Latin America and the Caribbean (FAO),,2020,543.29456
Latin America and the Caribbean (FAO),,2021,545.30347
Latin America and the Caribbean (FAO),,2022,547.29266
Latin America and the Caribbean (FAO),,2023,539.3737
Latvia,LVA,1995,168.14503
Latvia,LVA,1996,160.66525
Latvia,LVA,1997,152.80095
Latvia,LVA,1998,144.67625
Latvia,LVA,1999,136.18747
Latvia,LVA,2000,127.72807
Latvia,LVA,2001,119.488464
Latvia,LVA,2002,110.88753
Latvia,LVA,2003,108.64209
Latvia,LVA,2004,106.46708
Latvia,LVA,2005,104.22436
Latvia,LVA,2006,101.76509
Latvia,LVA,2007,99.14684
Latvia,LVA,2008,104.054184
Latvia,LVA,2009,109.708374
Latvia,LVA,2010,116.0246
Latvia,LVA,2011,122.23648
Latvia,LVA,2012,127.88544
Latvia,LVA,2013,123.09924
Latvia,LVA,2014,84.346756
Latvia,LVA,2015,89.23755
Latvia,LVA,2016,94.83207
Latvia,LVA,2017,90.554306
Latvia,LVA,2018,95.118355
Latvia,LVA,2019,93.314766
Latvia,LVA,2020,95.31785
Latvia,LVA,2021,97.821075
Latvia,LVA,2022,91.61497
Latvia,LVA,2023,94.16097
Lebanon,LBN,1975,278.8514
Lebanon,LBN,1976,285.91058
Lebanon,LBN,1977,292.54422
Lebanon,LBN,1978,296.37738
Lebanon,LBN,1979,300.10913
Lebanon,LBN,1980,303.4647
Lebanon,LBN,1981,306.46854
Lebanon,LBN,1982,311.19662
Lebanon,LBN,1983,316.38507
Lebanon,LBN,1984,319.63803
Lebanon,LBN,1985,322.08337
Lebanon,LBN,1986,322.62775
Lebanon,LBN,1987,322.93552
Lebanon,LBN,1988,324.73398
Lebanon,LBN,1989,326.3193
Lebanon,LBN,1990,327.9103
Lebanon,LBN,1991,329.0951
Lebanon,LBN,1992,329.8172
Lebanon,LBN,1993,330.958
Lebanon,LBN,1994,332.40793
Lebanon,LBN,1995,332.34573
Lebanon,LBN,1996,332.02957
Lebanon,LBN,1997,331.7589
Lebanon,LBN,1998,331.5571
Lebanon,LBN,1999,331.27493
Lebanon,LBN,2000,330.99738
Lebanon,LBN,2001,319.95145
Lebanon,LBN,2002,310.02548
Lebanon,LBN,2003,300.34195
Lebanon,LBN,2004,290.1759
Lebanon,LBN,2005,280.44775
Lebanon,LBN,2006,286.87872
Lebanon,LBN,2007,292.31323
Lebanon,LBN,2008,298.25272
Lebanon,LBN,2009,304.87033
Lebanon,LBN,2010,312.42017
Lebanon,LBN,2011,319.46497
Lebanon,LBN,2012,321.0624
Lebanon,LBN,2013,301.90985
Lebanon,LBN,2014,281.55075
Lebanon,LBN,2015,284.281
Lebanon,LBN,2016,290.99838
Lebanon,LBN,2017,298.6951
Lebanon,LBN,2018,307.4805
Lebanon,LBN,2019,317.53735
Lebanon,LBN,2020,322.6713
Lebanon,LBN,2021,321.784
Lebanon,LBN,2022,320.307
Lebanon,LBN,2023,318.6979
Lesotho,LSO,1985,32.49
Lesotho,LSO,1986,30.921616
Lesotho,LSO,1987,29.353231
Lesotho,LSO,1988,28.374985
Lesotho,LSO,1989,27.45011
Lesotho,LSO,1990,26.581175
Lesotho,LSO,1991,25.76658
Lesotho,LSO,1992,25.004208
Lesotho,LSO,1993,24.29691
Lesotho,LSO,1994,23.64241
Lesotho,LSO,1995,23.031029
Lesotho,LSO,1996,22.465586
Lesotho,LSO,1997,21.97013
Lesotho,LSO,1998,21.544735
Lesotho,LSO,1999,21.17346
Lesotho,LSO,2000,21.857237
Lesotho,LSO,2001,21.890663
Lesotho,LSO,2002,21.95842
Lesotho,LSO,2003,22.06484
Lesotho,LSO,2004,22.220768
Lesotho,LSO,2005,22.426163
Lesotho,LSO,2006,22.518557
Lesotho,LSO,2007,22.423952
Lesotho,LSO,2008,22.272615
Lesotho,LSO,2009,22.111351
Lesotho,LSO,2010,21.941128
Lesotho,LSO,2011,21.74767
Lesotho,LSO,2012,21.53017
Lesotho,LSO,2013,21.29828
Lesotho,LSO,2014,21.056791
Lesotho,LSO,2015,20.811441
Lesotho,LSO,2016,20.559307
Lesotho,LSO,2017,20.304941
Lesotho,LSO,2018,20.058592
Lesotho,LSO,2019,19.824337
Lesotho,LSO,2020,19.590948
Lesotho,LSO,2021,19.367317
Lesotho,LSO,2022,19.15918
Lesotho,LSO,2023,18.948965
Liberia,LBR,1987,54.685505
Liberia,LBR,1988,53.152706
Liberia,LBR,1989,51.68007
Liberia,LBR,1990,58.545013
Liberia,LBR,1991,66.57038
Liberia,LBR,1992,62.87581
Liberia,LBR,1993,60.492626
Liberia,LBR,1994,60.667492
Liberia,LBR,1995,60.157948
Liberia,LBR,1996,58.484306
Liberia,LBR,1997,54.13012
Liberia,LBR,1998,48.940403
Liberia,LBR,1999,46.333496
Liberia,LBR,2000,44.670353
Liberia,LBR,2001,44.379776
Liberia,LBR,2002,44.21637
Liberia,LBR,2003,44.83364
Liberia,LBR,2004,45.259712
Liberia,LBR,2005,44.198532
Liberia,LBR,2006,41.79574
Liberia,LBR,2007,39.765068
Liberia,LBR,2008,38.183685
Liberia,LBR,2009,37.002026
Liberia,LBR,2010,35.94579
Liberia,LBR,2011,34.56381
Liberia,LBR,2012,33.36349
Liberia,LBR,2013,32.63808
Liberia,LBR,2014,31.965517
Liberia,LBR,2015,31.312836
Liberia,LBR,2016,30.679567
Liberia,LBR,2017,30.089146
Liberia,LBR,2018,29.506186
Liberia,LBR,2019,28.92706
Liberia,LBR,2020,28.333048
Liberia,LBR,2021,27.741213
Liberia,LBR,2022,27.152803
Liberia,LBR,2023,26.560928
Libya,LBY,1975,466.64355
Libya,LBY,1976,460.81985
Libya,LBY,1977,453.92505
Libya,LBY,1978,446.18777
Libya,LBY,1979,437.8687
Libya,LBY,1980,429.27512
Libya,LBY,1981,496.75735
Libya,LBY,1982,571.31116
Libya,LBY,1983,660.66846
Libya,LBY,1984,738.2805
Libya,LBY,1985,798.97504
Libya,LBY,1986,857.27014
Libya,LBY,1987,913.61707
Libya,LBY,1988,967.96545
Libya,LBY,1989,1020.2813
Libya,LBY,1990,1070.8085
Libya,LBY,1991,1038.6411
Libya,LBY,1992,1008.5442
Libya,LBY,1993,980.34143
Libya,LBY,1994,953.9537
Libya,LBY,1995,928.1487
Libya,LBY,1996,903.99133
Libya,LBY,1997,881.17633
Libya,LBY,1998,859.2441
Libya,LBY,1999,837.7479
Libya,LBY,2000,815.4538
Libya,LBY,2001,820.6692
Libya,LBY,2002,824.77515
Libya,LBY,2003,827.81116
Libya,LBY,2004,829.81616
Libya,LBY,2005,831.05786
Libya,LBY,2006,837.14197
Libya,LBY,2007,842.60345
Libya,LBY,2008,846.91144
Libya,LBY,2009,851.0145
Libya,LBY,2010,854.9656
Libya,LBY,2011,897.45105
Libya,LBY,2012,943.4684
Libya,LBY,2013,924.71747
Libya,LBY,2014,907.07513
Libya,LBY,2015,892.5538
Libya,LBY,2016,879.05457
Libya,LBY,2017,865.1431
Libya,LBY,2018,851.2124
Libya,LBY,2019,838.7243
Libya,LBY,2020,827.4904
Libya,LBY,2021,817.0788
Libya,LBY,2022,807.05396
Libya,LBY,2023,798.01154
Lithuania,LTU,1995,1199.8772
Lithuania,LTU,1996,1134.2297
Lithuania,LTU,1997,1067.2722
Lithuania,LTU,1998,999.1345
Lithuania,LTU,1999,929.80176
Lithuania,LTU,2000,858.90137
Lithuania,LTU,2001,797.0046
Lithuania,LTU,2002,753.37555
Lithuania,LTU,2003,708.9692
Lithuania,LTU,2004,660.49426
Lithuania,LTU,2005,711.8642
Lithuania,LTU,2006,566.7664
Lithuania,LTU,2007,702.1781
Lithuania,LTU,2008,460.7326
Lithuania,LTU,2009,405.5342
Lithuania,LTU,2010,351.45892
Lithuania,LTU,2011,295.3914
Lithuania,LTU,2012,234.428
Lithuania,LTU,2013,171.1967
Lithuania,LTU,2014,121.91596
Lithuania,LTU,2015,135.43013
Lithuania,LTU,2016,107.31553
Lithuania,LTU,2017,91.54167
Lithuania,LTU,2018,90.77324
Lithuania,LTU,2019,115.19797
Lithuania,LTU,2020,143.49564
Lithuania,LTU,2021,126.97498
Lithuania,LTU,2022,106.62711
Lithuania,LTU,2023,99.323814
Luxembourg,LUX,1970,102.55443
Luxembourg,LUX,1971,106.27098
Luxembourg,LUX,1972,109.45683
Luxembourg,LUX,1973,112.88628
Luxembourg,LUX,1974,116.55386
Luxembourg,LUX,1975,120.16495
Luxembourg,LUX,1976,117.851524
Luxembourg,LUX,1977,115.507706
Luxembourg,LUX,1978,113.06023
Luxembourg,LUX,1979,110.94149
Luxembourg,LUX,1980,109.15424
Luxembourg,LUX,1981,123.90085
Luxembourg,LUX,1982,138.66365
Luxembourg,LUX,1983,153.43785
Luxembourg,LUX,1984,168.18918
Luxembourg,LUX,1985,182.7301
Luxembourg,LUX,1986,179.0147
Luxembourg,LUX,1987,175.0317
Luxembourg,LUX,1988,170.82127
Luxembourg,LUX,1989,166.41162
Luxembourg,LUX,1990,161.77626
Luxembourg,LUX,1991,156.92175
Luxembourg,LUX,1992,152.18254
Luxembourg,LUX,1993,147.53273
Luxembourg,LUX,1994,142.9494
Luxembourg,LUX,1995,138.40338
Luxembourg,LUX,1996,138.96391
Luxembourg,LUX,1997,139.62863
Luxembourg,LUX,1998,140.27907
Luxembourg,LUX,1999,140.73138
Luxembourg,LUX,2000,136.00954
Luxembourg,LUX,2001,131.60422
Luxembourg,LUX,2002,126.48379
Luxembourg,LUX,2003,121.97855
Luxembourg,LUX,2004,117.32208
Luxembourg,LUX,2005,112.64703
Luxembourg,LUX,2006,108.012535
Luxembourg,LUX,2007,103.54403
Luxembourg,LUX,2008,98.94411
Luxembourg,LUX,2009,94.41517
Luxembourg,LUX,2010,93.61266
Luxembourg,LUX,2011,93.5239
Luxembourg,LUX,2012,83.81243
Luxembourg,LUX,2013,79.32221
Luxembourg,LUX,2014,81.97325
Luxembourg,LUX,2015,78.66052
Luxembourg,LUX,2016,76.09177
Luxembourg,LUX,2017,76.44651
Luxembourg,LUX,2018,85.841
Luxembourg,LUX,2019,79.49523
Luxembourg,LUX,2020,75.32545
Luxembourg,LUX,2021,71.8911
Luxembourg,LUX,2022,73.07376
Luxembourg,LUX,2023,68.93721
Madagascar,MDG,1984,1608.6555
Madagascar,MDG,1985,1545.0438
Madagascar,MDG,1986,1484.2635
Madagascar,MDG,1987,1425.9592
Madagascar,MDG,1988,1369.4271
Madagascar,MDG,1989,1314.5078
Madagascar,MDG,1990,1261.0675
Madagascar,MDG,1991,1209.1731
Madagascar,MDG,1992,1159.0072
Madagascar,MDG,1993,1110.2961
Madagascar,MDG,1994,1062.8606
Madagascar,MDG,1995,1016.72534
Madagascar,MDG,1996,971.8993
Madagascar,MDG,1997,928.54285
Madagascar,MDG,1998,886.81976
Madagascar,MDG,1999,847.0318
Madagascar,MDG,2000,809.47723
Madagascar,MDG,2001,785.9583
Madagascar,MDG,2002,763.8078
Madagascar,MDG,2003,742.7207
Madagascar,MDG,2004,722.3197
Madagascar,MDG,2005,702.3855
Madagascar,MDG,2006,765.0227
Madagascar,MDG,2007,817.6401
Madagascar,MDG,2008,866.57043
Madagascar,MDG,2009,911.9794
Madagascar,MDG,2010,954.2913
Madagascar,MDG,2011,994.11816
Madagascar,MDG,2012,1031.7239
Madagascar,MDG,2013,1067.0347
Madagascar,MDG,2014,1100.1357
Madagascar,MDG,2015,1131.2059
Madagascar,MDG,2016,1160.2141
Madagascar,MDG,2017,1187.0905
Madagascar,MDG,2018,1211.8207
Madagascar,MDG,2019,1234.5203
Madagascar,MDG,2020,1255.6768
Madagascar,MDG,2021,1275.6355
Madagascar,MDG,2022,1258.3918
Madagascar,MDG,2023,957.1761
Malawi,MWI,1994,92.08163
Malawi,MWI,1995,97.14584
Malawi,MWI,1996,100.08313
Malawi,MWI,1997,102.83293
Malawi,MWI,1998,105.27006
Malawi,MWI,1999,107.37051
Malawi,MWI,2000,109.24853
Malawi,MWI,2001,111.02635
Malawi,MWI,2002,112.62377
Malawi,MWI,2003,110.35355
Malawi,MWI,2004,108.03683
Malawi,MWI,2005,105.669525
Malawi,MWI,2006,102.798
Malawi,MWI,2007,99.938545
Malawi,MWI,2008,97.07781
Malawi,MWI,2009,94.249794
Malawi,MWI,2010,91.51205
Malawi,MWI,2011,88.882935
Malawi,MWI,2012,86.3677
Malawi,MWI,2013,83.950966
Malawi,MWI,2014,81.62903
Malawi,MWI,2015,79.411964
Malawi,MWI,2016,77.27647
Malawi,MWI,2017,75.21183
Malawi,MWI,2018,73.229385
Malawi,MWI,2019,71.31387
Malawi,MWI,2020,69.45878
Malawi,MWI,2021,67.68008
Malawi,MWI,2022,65.96422
Malawi,MWI,2023,64.28966
Malaysia,MYS,1990,567.3136
Malaysia,MYS,1991,511.61975
Malaysia,MYS,1992,459.35385
Malaysia,MYS,1993,409.83478
Malaysia,MYS,1994,362.57846
Malaysia,MYS,1995,317.44434
Malaysia,MYS,1996,263.21234
Malaysia,MYS,1997,256.7459
Malaysia,MYS,1998,250.51682
Malaysia,MYS,1999,244.612
Malaysia,MYS,2000,238.94305
Malaysia,MYS,2001,233.26848
Malaysia,MYS,2002,227.69444
Malaysia,MYS,2003,222.36987
Malaysia,MYS,2004,217.28825
Malaysia,MYS,2005,212.4162
Malaysia,MYS,2006,207.73787
Malaysia,MYS,2007,203.2714
Malaysia,MYS,2008,199.05652
Malaysia,MYS,2009,195.13043
Malaysia,MYS,2010,191.51462
Malaysia,MYS,2011,188.18987
Malaysia,MYS,2012,185.01268
Malaysia,MYS,2013,181.87685
Malaysia,MYS,2014,178.78471
Malaysia,MYS,2015,175.71272
Malaysia,MYS,2016,172.63461
Malaysia,MYS,2017,169.61491
Malaysia,MYS,2018,166.75293
Malaysia,MYS,2019,164.11191
Malaysia,MYS,2020,161.93779
Malaysia,MYS,2021,160.08215
Malaysia,MYS,2022,158.17616
Malaysia,MYS,2023,156.23622
Maldives,MDV,1987,16.671244
Maldives,MDV,1988,16.687086
Maldives,MDV,1989,16.708553
Maldives,MDV,1990,16.716095
Maldives,MDV,1991,16.722025
Maldives,MDV,1992,19.090252
Maldives,MDV,1993,19.538294
Maldives,MDV,1994,19.995792
Maldives,MDV,1995,20.440968
Maldives,MDV,1996,20.876637
Maldives,MDV,1997,21.32063
Maldives,MDV,1998,21.77474
Maldives,MDV,1999,22.238514
Maldives,MDV,2000,22.693546
Maldives,MDV,2001,22.099785
Maldives,MDV,2002,21.518024
Maldives,MDV,2003,20.953419
Maldives,MDV,2004,20.40393
Maldives,MDV,2005,18.088552
Maldives,MDV,2006,18.040104
Maldives,MDV,2007,17.816107
Maldives,MDV,2008,17.550644
Maldives,MDV,2009,16.940636
Maldives,MDV,2010,16.352913
Maldives,MDV,2011,15.789164
Maldives,MDV,2012,15.252651
Maldives,MDV,2013,14.747401
Maldives,MDV,2014,14.264404
Maldives,MDV,2015,13.780088
Maldives,MDV,2016,13.3090315
Maldives,MDV,2017,12.874029
Maldives,MDV,2018,12.470976
Maldives,MDV,2019,12.096832
Maldives,MDV,2020,11.750215
Maldives,MDV,2021,11.430708
Maldives,MDV,2022,11.257254
Maldives,MDV,2023,11.216858
Mali,MLI,1987,156.66103
Mali,MLI,1988,184.62964
Mali,MLI,1989,211.3387
Mali,MLI,1990,236.74614
Mali,MLI,1991,261.03806
Mali,MLI,1992,284.19702
Mali,MLI,1993,306.11694
Mali,MLI,1994,326.78964
Mali,MLI,1995,346.3931
Mali,MLI,1996,365.0482
Mali,MLI,1997,380.95563
Mali,MLI,1998,394.93542
Mali,MLI,1999,406.9691
Mali,MLI,2000,417.49057
Mali,MLI,2001,426.67154
Mali,MLI,2002,415.30292
Mali,MLI,2003,403.93893
Mali,MLI,2004,392.64777
Mali,MLI,2005,381.52377
Mali,MLI,2006,370.68967
Mali,MLI,2007,358.6997
Mali,MLI,2008,347.10364
Mali,MLI,2009,335.9779
Mali,MLI,2010,325.23898
Mali,MLI,2011,314.89374
Mali,MLI,2012,305.83182
Mali,MLI,2013,297.02832
Mali,MLI,2014,287.78708
Mali,MLI,2015,278.92184
Mali,MLI,2016,270.22678
Mali,MLI,2017,261.7472
Mali,MLI,2018,253.69301
Mali,MLI,2019,246.15057
Mali,MLI,2020,238.8339
Mali,MLI,2021,231.63542
Mali,MLI,2022,224.76839
Mali,MLI,2023,218.18217
Malta,MLT,1980,58.329956
Malta,MLT,1981,64.97424
Malta,MLT,1982,71.54304
Malta,MLT,1983,78.028404
Malta,MLT,1984,84.4385
Malta,MLT,1985,90.763145
Malta,MLT,1986,96.88053
Malta,MLT,1987,102.77019
Malta,MLT,1988,108.51992
Malta,MLT,1989,114.122215
Malta,MLT,1990,119.595116
Malta,MLT,1991,124.955734
Malta,MLT,1992,130.20468
Malta,MLT,1993,135.37202
Malta,MLT,1994,140.51498
Malta,MLT,1995,145.62494
Malta,MLT,1996,144.97972
Malta,MLT,1997,144.35185
Malta,MLT,1998,143.71895
Malta,MLT,1999,143.08925
Malta,MLT,2000,142.50764
Malta,MLT,2001,141.90501
Malta,MLT,2002,133.00685
Malta,MLT,2003,126.680374
Malta,MLT,2004,120.76007
Malta,MLT,2005,112.57493
Malta,MLT,2006,109.716835
Malta,MLT,2007,112.63011
Malta,MLT,2008,104.27558
Malta,MLT,2009,92.28574
Malta,MLT,2010,92.72174
Malta,MLT,2011,93.12716
Malta,MLT,2012,93.52794
Malta,MLT,2013,105.72934
Malta,MLT,2014,147.07085
Malta,MLT,2015,138.88249
Malta,MLT,2016,137.94043
Malta,MLT,2017,141.05502
Malta,MLT,2018,131.52019
Malta,MLT,2019,124.71371
Malta,MLT,2020,122.03001
Malta,MLT,2021,117.248886
Malta,MLT,2022,116.90095
Malta,MLT,2023,118.497185
Mauritania,MRT,1980,495.23672
Mauritania,MRT,1981,599.6632
Mauritania,MRT,1982,697.6986
Mauritania,MRT,1983,789.6983
Mauritania,MRT,1984,875.8944
Mauritania,MRT,1985,956.506
Mauritania,MRT,1986,928.33136
Mauritania,MRT,1987,900.98645
Mauritania,MRT,1988,874.3662
Mauritania,MRT,1989,851.7433
Mauritania,MRT,1990,829.51733
Mauritania,MRT,1991,804.7442
Mauritania,MRT,1992,773.67267
Mauritania,MRT,1993,742.1795
Mauritania,MRT,1994,716.59625
Mauritania,MRT,1995,696.4301
Mauritania,MRT,1996,682.035
Mauritania,MRT,1997,666.2676
Mauritania,MRT,1998,648.4889
Mauritania,MRT,1999,630.6775
Mauritania,MRT,2000,612.6787
Mauritania,MRT,2001,573.82904
Mauritania,MRT,2002,537.89185
Mauritania,MRT,2003,502.8647
Mauritania,MRT,2004,468.85947
Mauritania,MRT,2005,459.3988
Mauritania,MRT,2006,448.02664
Mauritania,MRT,2007,436.52573
Mauritania,MRT,2008,424.15524
Mauritania,MRT,2009,411.0888
Mauritania,MRT,2010,398.1758
Mauritania,MRT,2011,385.4618
Mauritania,MRT,2012,373.08298
Mauritania,MRT,2013,361.5653
Mauritania,MRT,2014,350.83676
Mauritania,MRT,2015,340.44733
Mauritania,MRT,2016,330.39233
Mauritania,MRT,2017,320.66693
Mauritania,MRT,2018,311.27203
Mauritania,MRT,2019,302.21313
Mauritania,MRT,2020,293.51337
Mauritania,MRT,2021,285.16068
Mauritania,MRT,2022,276.9279
Mauritania,MRT,2023,268.8334
Mauritius,MUS,1974,410.74182
Mauritius,MUS,1975,405.3949
Mauritius,MUS,1976,415.32755
Mauritius,MUS,1977,424.78534
Mauritius,MUS,1978,433.60013
Mauritius,MUS,1979,441.70648
Mauritius,MUS,1980,449.2344
Mauritius,MUS,1981,456.45047
Mauritius,MUS,1982,463.73416
Mauritius,MUS,1983,471.10733
Mauritius,MUS,1984,478.2257
Mauritius,MUS,1985,485.1732
Mauritius,MUS,1986,492.19397
Mauritius,MUS,1987,499.281
Mauritius,MUS,1988,506.3338
Mauritius,MUS,1989,513.2676
Mauritius,MUS,1990,519.7317
Mauritius,MUS,1991,522.0114
Mauritius,MUS,1992,523.94714
Mauritius,MUS,1993,525.78894
Mauritius,MUS,1994,527.84534
Mauritius,MUS,1995,530.25446
Mauritius,MUS,1996,523.71967
Mauritius,MUS,1997,517.606
Mauritius,MUS,1998,512.0887
Mauritius,MUS,1999,506.67908
Mauritius,MUS,2000,501.3856
Mauritius,MUS,2001,528.9059
Mauritius,MUS,2002,556.4174
Mauritius,MUS,2003,583.68964
Mauritius,MUS,2004,566.49084
Mauritius,MUS,2005,549.62756
Mauritius,MUS,2006,539.6507
Mauritius,MUS,2007,496.25113
Mauritius,MUS,2008,600.95636
Mauritius,MUS,2009,494.14685
Mauritius,MUS,2010,504.40103
Mauritius,MUS,2011,443.9203
Mauritius,MUS,2012,451.45325
Mauritius,MUS,2013,470.95877
Mauritius,MUS,2014,479.87448
Mauritius,MUS,2015,473.58322
Mauritius,MUS,2016,484.5938
Mauritius,MUS,2017,477.27704
Mauritius,MUS,2018,462.43365
Mauritius,MUS,2019,464.91016
Mauritius,MUS,2020,473.80698
Mauritius,MUS,2021,472.79532
Mauritius,MUS,2022,496.03116
Mauritius,MUS,2023,486.02844
Mexico,MEX,1980,832.09094
Mexico,MEX,1981,821.71277
Mexico,MEX,1982,812.3868
Mexico,MEX,1983,803.49554
Mexico,MEX,1984,795.0021
Mexico,MEX,1985,786.8461
Mexico,MEX,1986,778.95996
Mexico,MEX,1987,771.29834
Mexico,MEX,1988,763.8595
Mexico,MEX,1989,756.7735
Mexico,MEX,1990,749.7598
Mexico,MEX,1991,742.6784
Mexico,MEX,1992,735.8292
Mexico,MEX,1993,729.2759
Mexico,MEX,1994,722.988
Mexico,MEX,1995,716.9392
Mexico,MEX,1996,711.2002
Mexico,MEX,1997,705.8185
Mexico,MEX,1998,700.7194
Mexico,MEX,1999,695.88074
Mexico,MEX,2000,691.4078
Mexico,MEX,2001,687.31885
Mexico,MEX,2002,714.92847
Mexico,MEX,2003,725.39404
Mexico,MEX,2004,723.2207
Mexico,MEX,2005,722.98376
Mexico,MEX,2006,720.7213
Mexico,MEX,2007,725.81445
Mexico,MEX,2008,722.99445
Mexico,MEX,2009,719.64465
Mexico,MEX,2010,708.03766
Mexico,MEX,2011,696.78546
Mexico,MEX,2012,708.2201
Mexico,MEX,2013,689.915
Mexico,MEX,2014,709.0414
Mexico,MEX,2015,707.55237
Mexico,MEX,2016,708.1885
Mexico,MEX,2017,711.8311
Mexico,MEX,2018,713.0878
Mexico,MEX,2019,710.4714
Mexico,MEX,2020,706.2198
Mexico,MEX,2021,704.6244
Mexico,MEX,2022,698.2647
Mexico,MEX,2023,692.18567
Moldova,MDA,1992,440.55826
Moldova,MDA,1993,416.49072
Moldova,MDA,1994,392.9005
Moldova,MDA,1995,369.70367
Moldova,MDA,1996,346.79114
Moldova,MDA,1997,341.85318
Moldova,MDA,1998,337.20892
Moldova,MDA,1999,332.77045
Moldova,MDA,2000,328.46027
Moldova,MDA,2001,319.14227
Moldova,MDA,2002,309.74393
Moldova,MDA,2003,300.17972
Moldova,MDA,2004,290.47995
Moldova,MDA,2005,281.1943
Moldova,MDA,2006,272.12827
Moldova,MDA,2007,262.92056
Moldova,MDA,2008,261.32178
Moldova,MDA,2009,259.75922
Moldova,MDA,2010,258.19934
Moldova,MDA,2011,256.3298
Moldova,MDA,2012,254.37378
Moldova,MDA,2013,251.98315
Moldova,MDA,2014,250.3957
Moldova,MDA,2015,255.53938
Moldova,MDA,2016,260.36246
Moldova,MDA,2017,263.0345
Moldova,MDA,2018,265.3964
Moldova,MDA,2019,269.87415
Moldova,MDA,2020,260.6601
Moldova,MDA,2021,263.90823
Moldova,MDA,2022,262.50134
Moldova,MDA,2023,260.18317
Monaco,MCO,1990,220.69601
Monaco,MCO,1991,215.51372
Monaco,MCO,1992,210.44794
Monaco,MCO,1993,205.55315
Monaco,MCO,1994,200.79361
Monaco,MCO,1995,196.14667
Monaco,MCO,1996,194.7389
Monaco,MCO,1997,187.1345
Monaco,MCO,1998,185.94562
Monaco,MCO,1999,188.21642
Monaco,MCO,2000,184.8742
Monaco,MCO,2001,181.83499
Monaco,MCO,2002,178.89363
Monaco,MCO,2003,191.50874
Monaco,MCO,2004,170.2391
Monaco,MCO,2005,176.96367
Monaco,MCO,2006,174.68611
Monaco,MCO,2007,172.75226
Monaco,MCO,2008,163.3371
Monaco,MCO,2009,154.49503
Monaco,MCO,2010,150.76816
Monaco,MCO,2011,147.29492
Monaco,MCO,2012,144.04655
Monaco,MCO,2013,141.05566
Monaco,MCO,2014,138.3968
Monaco,MCO,2015,136.02852
Monaco,MCO,2016,134.13457
Monaco,MCO,2017,132.70343
Monaco,MCO,2018,131.04614
Monaco,MCO,2019,131.2026
Monaco,MCO,2020,131.40431
Monaco,MCO,2021,129.77911
Monaco,MCO,2022,128.43071
Monaco,MCO,2023,128.34828
Mongolia,MNG,1993,188.25496
Mongolia,MNG,1994,189.35986
Mongolia,MNG,1995,190.61862
Mongolia,MNG,1996,192.0258
Mongolia,MNG,1997,193.56918
Mongolia,MNG,1998,195.24207
Mongolia,MNG,1999,197.0766
Mongolia,MNG,2000,198.8886
Mongolia,MNG,2001,200.55826
Mongolia,MNG,2002,202.20937
Mongolia,MNG,2003,203.88327
Mongolia,MNG,2004,205.58864
Mongolia,MNG,2005,207.29187
Mongolia,MNG,2006,208.91725
Mongolia,MNG,2007,208.4639
Mongolia,MNG,2008,207.76205
Mongolia,MNG,2009,206.72893
Mongolia,MNG,2010,196.45422
Mongolia,MNG,2011,185.97441
Mongolia,MNG,2012,175.39159
Mongolia,MNG,2013,164.82692
Mongolia,MNG,2014,154.42065
Mongolia,MNG,2015,144.32935
Mongolia,MNG,2016,152.06465
Mongolia,MNG,2017,148.9516
Mongolia,MNG,2018,145.97314
Mongolia,MNG,2019,143.06429
Mongolia,MNG,2020,140.51357
Mongolia,MNG,2021,138.45663
Mongolia,MNG,2022,136.5617
Mongolia,MNG,2023,134.73459
Montenegro,MNE,2006,255.9932
Montenegro,MNE,2007,267.50723
Montenegro,MNE,2008,254.24887
Montenegro,MNE,2009,542.5806
Montenegro,MNE,2010,829.72034
Montenegro,MNE,2011,1117.1392
Montenegro,MNE,2012,1403.4525
Montenegro,MNE,2013,1692.1707
Montenegro,MNE,2014,1986.7574
Montenegro,MNE,2015,2286.3723
Montenegro,MNE,2016,2593.337
Montenegro,MNE,2017,2904.5247
Montenegro,MNE,2018,3220.85
Montenegro,MNE,2019,3540.5432
Montenegro,MNE,2020,3862.0576
Montenegro,MNE,2021,5121.7314
Montenegro,MNE,2022,3590.741
Montenegro,MNE,2023,3483.5972
Morocco,MAR,1975,524.75726
Morocco,MAR,1976,524.0642
Morocco,MAR,1977,522.90466
Morocco,MAR,1978,521.1777
Morocco,MAR,1979,519.10815
Morocco,MAR,1980,516.4455
Morocco,MAR,1981,512.374
Morocco,MAR,1982,508.27673
Morocco,MAR,1983,504.25687
Morocco,MAR,1984,500.60718
Morocco,MAR,1985,497.4235
Morocco,MAR,1986,477.68213
Morocco,MAR,1987,459.43524
Morocco,MAR,1988,442.03268
Morocco,MAR,1989,425.40723
Morocco,MAR,1990,409.42664
Morocco,MAR,1991,423.908
Morocco,MAR,1992,438.0769
Morocco,MAR,1993,430.92636
Morocco,MAR,1994,430.371
Morocco,MAR,1995,426.52438
Morocco,MAR,1996,423.01382
Morocco,MAR,1997,428.35248
Morocco,MAR,1998,433.48608
Morocco,MAR,1999,438.5136
Morocco,MAR,2000,443.64798
Morocco,MAR,2001,475.8518
Morocco,MAR,2002,507.42957
Morocco,MAR,2003,482.48874
Morocco,MAR,2004,458.04233
Morocco,MAR,2005,433.8745
Morocco,MAR,2006,410.2378
Morocco,MAR,2007,387.1992
Morocco,MAR,2008,364.70828
Morocco,MAR,2009,342.76797
Morocco,MAR,2010,321.2799
Morocco,MAR,2011,316.93042
Morocco,MAR,2012,312.72446
Morocco,MAR,2013,308.723
Morocco,MAR,2014,304.95737
Morocco,MAR,2015,301.4079
Morocco,MAR,2016,297.82895
Morocco,MAR,2017,294.27536
Morocco,MAR,2018,291.04547
Morocco,MAR,2019,288.06244
Morocco,MAR,2020,285.12302
Morocco,MAR,2021,282.26648
Morocco,MAR,2022,279.43375
Morocco,MAR,2023,276.5926
Mozambique,MOZ,1990,46.202477
Mozambique,MOZ,1991,47.30019
Mozambique,MOZ,1992,48.34331
Mozambique,MOZ,1993,48.72676
Mozambique,MOZ,1994,47.30826
Mozambique,MOZ,1995,46.2254
Mozambique,MOZ,1996,46.344646
Mozambique,MOZ,1997,46.660496
Mozambique,MOZ,1998,47.14124
Mozambique,MOZ,1999,47.591248
Mozambique,MOZ,2000,48.018772
Mozambique,MOZ,2001,48.72981
Mozambique,MOZ,2002,50.11259
Mozambique,MOZ,2003,51.399467
Mozambique,MOZ,2004,52.59364
Mozambique,MOZ,2005,53.691647
Mozambique,MOZ,2006,54.28693
Mozambique,MOZ,2007,54.808746
Mozambique,MOZ,2008,55.22838
Mozambique,MOZ,2009,55.52544
Mozambique,MOZ,2010,55.72328
Mozambique,MOZ,2011,55.810905
Mozambique,MOZ,2012,55.804268
Mozambique,MOZ,2013,55.74241
Mozambique,MOZ,2014,55.634098
Mozambique,MOZ,2015,55.4853
Mozambique,MOZ,2016,53.88281
Mozambique,MOZ,2017,52.296364
Mozambique,MOZ,2018,50.760468
Mozambique,MOZ,2019,49.289963
Mozambique,MOZ,2020,47.850018
Mozambique,MOZ,2021,46.45545
Mozambique,MOZ,2022,45.106224
Mozambique,MOZ,2023,43.79346
Myanmar,MMR,1987,744.1352
Myanmar,MMR,1988,741.9059
Myanmar,MMR,1989,740.0431
Myanmar,MMR,1990,738.44275
Myanmar,MMR,1991,737.35956
Myanmar,MMR,1992,736.6793
Myanmar,MMR,1993,736.09
Myanmar,MMR,1994,735.50525
Myanmar,MMR,1995,734.97906
Myanmar,MMR,1996,734.4778
Myanmar,MMR,1997,733.9149
Myanmar,MMR,1998,733.44806
Myanmar,MMR,1999,733.3046
Myanmar,MMR,2000,733.59863
Myanmar,MMR,2001,726.62646
Myanmar,MMR,2002,720.0915
Myanmar,MMR,2003,714.09827
Myanmar,MMR,2004,708.7115
Myanmar,MMR,2005,703.8902
Myanmar,MMR,2006,698.78217
Myanmar,MMR,2007,693.8467
Myanmar,MMR,2008,690.0362
Myanmar,MMR,2009,686.21216
Myanmar,MMR,2010,681.1182
Myanmar,MMR,2011,675.6682
Myanmar,MMR,2012,670.0062
Myanmar,MMR,2013,664.33813
Myanmar,MMR,2014,658.8462
Myanmar,MMR,2015,653.59204
Myanmar,MMR,2016,648.4309
Myanmar,MMR,2017,643.4423
Myanmar,MMR,2018,638.79785
Myanmar,MMR,2019,634.32654
Myanmar,MMR,2020,629.8301
Myanmar,MMR,2021,625.4582
Myanmar,MMR,2022,621.1569
Myanmar,MMR,2023,616.83093
Namibia,NAM,1985,127.63358
Namibia,NAM,1986,139.8309
Namibia,NAM,1987,150.97331
Namibia,NAM,1988,160.76767
Namibia,NAM,1989,164.9718
Namibia,NAM,1990,168.55296
Namibia,NAM,1991,175.88676
Namibia,NAM,1992,174.49953
Namibia,NAM,1993,172.9969
Namibia,NAM,1994,171.56032
Namibia,NAM,1995,170.39384
Namibia,NAM,1996,169.49117
Namibia,NAM,1997,168.71259
Namibia,NAM,1998,167.94167
Namibia,NAM,1999,167.19508
Namibia,NAM,2000,164.9578
Namibia,NAM,2001,157.96681
Namibia,NAM,2002,151.69756
Namibia,NAM,2003,149.18451
Namibia,NAM,2004,146.9597
Namibia,NAM,2005,144.79936
Namibia,NAM,2006,142.63441
Namibia,NAM,2007,140.42586
Namibia,NAM,2008,138.15724
Namibia,NAM,2009,135.82768
Namibia,NAM,2010,133.43355
Namibia,NAM,2011,130.86157
Namibia,NAM,2012,127.68455
Namibia,NAM,2013,124.117386
Namibia,NAM,2014,120.63607
Namibia,NAM,2015,117.20478
Namibia,NAM,2016,113.81999
Namibia,NAM,2017,110.49039
Namibia,NAM,2018,107.21773
Namibia,NAM,2019,104.01344
Namibia,NAM,2020,53.116116
Namibia,NAM,2021,45.90209
Namibia,NAM,2022,97.30485
Namibia,NAM,2023,94.89341
Nepal,NPL,2000,389.5666
Nepal,NPL,2001,382.79218
Nepal,NPL,2002,376.49915
Nepal,NPL,2003,370.717
Nepal,NPL,2004,365.542
Nepal,NPL,2005,360.97665
Nepal,NPL,2006,357.49854
Nepal,NPL,2007,354.52164
Nepal,NPL,2008,351.8743
Nepal,NPL,2009,349.50458
Nepal,NPL,2010,347.34534
Nepal,NPL,2011,345.79556
Nepal,NPL,2012,344.9112
Nepal,NPL,2013,344.2226
Nepal,NPL,2014,343.19794
Nepal,NPL,2015,341.33218
Nepal,NPL,2016,339.72253
Nepal,NPL,2017,339.04584
Nepal,NPL,2018,338.21954
Nepal,NPL,2019,334.2394
Nepal,NPL,2020,327.8641
Nepal,NPL,2021,322.20856
Nepal,NPL,2022,319.60156
Nepal,NPL,2023,319.82568
Netherlands,NLD,1980,649.45306
Netherlands,NLD,1981,647.01685
Netherlands,NLD,1982,645.90936
Netherlands,NLD,1983,645.18054
Netherlands,NLD,1984,644.3286
Netherlands,NLD,1985,643.0309
Netherlands,NLD,1986,623.61725
Netherlands,NLD,1987,603.9863
Netherlands,NLD,1988,584.5167
Netherlands,NLD,1989,565.52985
Netherlands,NLD,1990,546.2533
Netherlands,NLD,1991,526.7537
Netherlands,NLD,1992,503.87564
Netherlands,NLD,1993,481.6332
Netherlands,NLD,1994,460.2256
Netherlands,NLD,1995,439.5365
Netherlands,NLD,1996,416.04788
Netherlands,NLD,1997,444.73087
Netherlands,NLD,1998,472.51593
Netherlands,NLD,1999,499.63916
Netherlands,NLD,2000,526.2001
Netherlands,NLD,2001,550.8597
Netherlands,NLD,2002,587.3846
Netherlands,NLD,2003,631.4325
Netherlands,NLD,2004,664.19934
Netherlands,NLD,2005,701.50635
Netherlands,NLD,2006,685.00073
Netherlands,NLD,2007,662.31104
Netherlands,NLD,2008,645.209
Netherlands,NLD,2009,648.0043
Netherlands,NLD,2010,651.17444
Netherlands,NLD,2011,644.61237
Netherlands,NLD,2012,633.93896
Netherlands,NLD,2013,581.00214
Netherlands,NLD,2014,523.7025
Netherlands,NLD,2015,491.64594
Netherlands,NLD,2016,466.3495
Netherlands,NLD,2017,457.17764
Netherlands,NLD,2018,464.3861
Netherlands,NLD,2019,479.1673
Netherlands,NLD,2020,470.94894
Netherlands,NLD,2021,448.1655
Netherlands,NLD,2022,459.90237
Netherlands,NLD,2023,407.2135
New Zealand,NZL,1980,381.3971
New Zealand,NZL,1981,424.07217
New Zealand,NZL,1982,464.66025
New Zealand,NZL,1983,503.21835
New Zealand,NZL,1984,541.56714
New Zealand,NZL,1985,581.3904
New Zealand,NZL,1986,605.99316
New Zealand,NZL,1987,629.5435
New Zealand,NZL,1988,653.10535
New Zealand,NZL,1989,676.1858
New Zealand,NZL,1990,689.68854
New Zealand,NZL,1991,698.5006
New Zealand,NZL,1992,713.42737
New Zealand,NZL,1993,729.9542
New Zealand,NZL,1994,744.85504
New Zealand,NZL,1995,758.1354
New Zealand,NZL,1996,770.7144
New Zealand,NZL,1997,784.4576
New Zealand,NZL,1998,800.6118
New Zealand,NZL,1999,818.65607
New Zealand,NZL,2000,623.9895
New Zealand,NZL,2001,725.6108
New Zealand,NZL,2002,820.20416
New Zealand,NZL,2003,909.2515
New Zealand,NZL,2004,997.6619
New Zealand,NZL,2005,1086.1364
New Zealand,NZL,2006,1173.618
New Zealand,NZL,2007,1179.4783
New Zealand,NZL,2008,1185.9945
New Zealand,NZL,2009,1191.3076
New Zealand,NZL,2010,1196.2452
New Zealand,NZL,2011,1172.9086
New Zealand,NZL,2012,1151.4929
New Zealand,NZL,2013,1127.0071
New Zealand,NZL,2014,1096.4066
New Zealand,NZL,2015,1061.6613
New Zealand,NZL,2016,1026.1461
New Zealand,NZL,2017,1008.12646
New Zealand,NZL,2018,995.51495
New Zealand,NZL,2019,980.0039
New Zealand,NZL,2020,976.5488
New Zealand,NZL,2021,968.0489
New Zealand,NZL,2022,962.24774
New Zealand,NZL,2023,960.2083
Nicaragua,NIC,1998,263.12256
Nicaragua,NIC,1999,269.77908
Nicaragua,NIC,2000,276.34525
Nicaragua,NIC,2001,282.9247
Nicaragua,NIC,2002,282.94257
Nicaragua,NIC,2003,283.01593
Nicaragua,NIC,2004,283.0396
Nicaragua,NIC,2005,282.6788
Nicaragua,NIC,2006,280.70502
Nicaragua,NIC,2007,278.7033
Nicaragua,NIC,2008,276.71017
Nicaragua,NIC,2009,270.16898
Nicaragua,NIC,2010,263.7716
Nicaragua,NIC,2011,257.5187
Nicaragua,NIC,2012,249.18765
Nicaragua,NIC,2013,241.07259
Nicaragua,NIC,2014,233.17499
Nicaragua,NIC,2015,225.47946
Nicaragua,NIC,2016,217.97743
Nicaragua,NIC,2017,210.66258
Nicaragua,NIC,2018,203.52977
Nicaragua,NIC,2019,196.49405
Nicaragua,NIC,2020,194.14595
Nicaragua,NIC,2021,191.82388
Nicaragua,NIC,2022,189.37537
Nicaragua,NIC,2023,186.79547
Niger,NER,1988,64.153984
Niger,NER,1989,66.04412
Niger,NER,1990,67.74028
Niger,NER,1991,69.259026
Niger,NER,1992,70.60851
Niger,NER,1993,71.77949
Niger,NER,1994,72.7688
Niger,NER,1995,73.55478
Niger,NER,1996,74.187256
Niger,NER,1997,74.716125
Niger,NER,1998,75.08324
Niger,NER,1999,75.300804
Niger,NER,2000,75.397736
Niger,NER,2001,74.740906
Niger,NER,2002,74.02294
Niger,NER,2003,73.242256
Niger,NER,2004,72.399506
Niger,NER,2005,71.50235
Niger,NER,2006,71.61256
Niger,NER,2007,71.605446
Niger,NER,2008,71.49035
Niger,NER,2009,71.2783
Niger,NER,2010,70.98068
Niger,NER,2011,70.61232
Niger,NER,2012,70.139755
Niger,NER,2013,74.58374
Niger,NER,2014,78.65878
Niger,NER,2015,86.336174
Niger,NER,2016,84.46393
Niger,NER,2017,73.76982
Niger,NER,2018,109.58642
Niger,NER,2019,112.57343
Niger,NER,2020,108.91938
Niger,NER,2021,105.43192
Niger,NER,2022,102.05873
Niger,NER,2023,98.7508
Nigeria,NGA,1987,62.39416
Nigeria,NGA,1988,64.68989
Nigeria,NGA,1989,66.809166
Nigeria,NGA,1990,68.76281
Nigeria,NGA,1991,70.60836
Nigeria,NGA,1992,72.32242
Nigeria,NGA,1993,73.881874
Nigeria,NGA,1994,75.31691
Nigeria,NGA,1995,76.630554
Nigeria,NGA,1996,77.84221
Nigeria,NGA,1997,78.94916
Nigeria,NGA,1998,79.9396
Nigeria,NGA,1999,80.80819
Nigeria,NGA,2000,81.546104
Nigeria,NGA,2001,81.31364
Nigeria,NGA,2002,81.014755
Nigeria,NGA,2003,80.660255
Nigeria,NGA,2004,80.25406
Nigeria,NGA,2005,79.811195
Nigeria,NGA,2006,78.84633
Nigeria,NGA,2007,77.8666
Nigeria,NGA,2008,76.87172
Nigeria,NGA,2009,75.87066
Nigeria,NGA,2010,74.86068
Nigeria,NGA,2011,72.791626
Nigeria,NGA,2012,70.79997
Nigeria,NGA,2013,68.90383
Nigeria,NGA,2014,67.107086
Nigeria,NGA,2015,65.42654
Nigeria,NGA,2016,63.829124
Nigeria,NGA,2017,62.295704
Nigeria,NGA,2018,60.871845
Nigeria,NGA,2019,59.55062
Nigeria,NGA,2020,58.295433
Nigeria,NGA,2021,57.08617
Nigeria,NGA,2022,55.903877
Nigeria,NGA,2023,54.74302
North Korea,PRK,2000,361.51578
North Korea,PRK,2001,360.10544
North Korea,PRK,2002,359.02478
North Korea,PRK,2003,357.6913
North Korea,PRK,2004,356.1072
North Korea,PRK,2005,354.87973
North Korea,PRK,2006,353.02646
North Korea,PRK,2007,351.28076
North Korea,PRK,2008,349.60364
North Korea,PRK,2009,348.00565
North Korea,PRK,2010,346.4886
North Korea,PRK,2011,344.9615
North Korea,PRK,2012,343.4037
North Korea,PRK,2013,341.80765
North Korea,PRK,2014,340.17175
North Korea,PRK,2015,338.52127
North Korea,PRK,2016,336.9013
North Korea,PRK,2017,335.34348
North Korea,PRK,2018,333.87646
North Korea,PRK,2019,332.51102
North Korea,PRK,2020,331.2556
North Korea,PRK,2021,330.04056
North Korea,PRK,2022,328.83325
North Korea,PRK,2023,327.72098
North Macedonia,MKD,1996,772.65045
North Macedonia,MKD,1997,661.1114
North Macedonia,MKD,1998,551.39264
North Macedonia,MKD,1999,443.21848
North Macedonia,MKD,2000,336.37097
North Macedonia,MKD,2001,308.32874
North Macedonia,MKD,2002,305.23254
North Macedonia,MKD,2003,446.01154
North Macedonia,MKD,2004,461.5526
North Macedonia,MKD,2005,553.44836
North Macedonia,MKD,2006,404.74182
North Macedonia,MKD,2007,264.749
North Macedonia,MKD,2008,332.81277
North Macedonia,MKD,2009,367.22342
North Macedonia,MKD,2010,361.78317
North Macedonia,MKD,2011,323.80185
North Macedonia,MKD,2012,841.61676
North Macedonia,MKD,2013,245.71843
North Macedonia,MKD,2014,265.89786
North Macedonia,MKD,2015,224.27133
North Macedonia,MKD,2016,532.22125
North Macedonia,MKD,2017,225.87427
North Macedonia,MKD,2018,1158.1794
North Macedonia,MKD,2019,842.72
North Macedonia,MKD,2020,769.1443
North Macedonia,MKD,2021,846.73096
North Macedonia,MKD,2022,1180.0137
North Macedonia,MKD,2023,1485.9689
Northern Africa (FAO),,2001,666.2919
Northern Africa (FAO),,2002,667.0017
Northern Africa (FAO),,2003,659.0946
Northern Africa (FAO),,2004,651.26953
Northern Africa (FAO),,2005,643.3337
Northern Africa (FAO),,2006,635.24414
Northern Africa (FAO),,2007,627.13806
Northern Africa (FAO),,2008,618.7623
Northern Africa (FAO),,2009,610.1797
Northern Africa (FAO),,2010,601.722
Northern Africa (FAO),,2011,563.84326
Northern Africa (FAO),,2012,582.11816
Northern Africa (FAO),,2013,575.41595
Northern Africa (FAO),,2014,567.59656
Northern Africa (FAO),,2015,559.61115
Northern Africa (FAO),,2016,550.41736
Northern Africa (FAO),,2017,555.8879
Northern Africa (FAO),,2018,546.7443
Northern Africa (FAO),,2019,537.8371
Northern Africa (FAO),,2020,528.8341
Northern Africa (FAO),,2021,518.3724
Northern Africa (FAO),,2022,511.56647
Northern Africa (FAO),,2023,504.5978
Northern America (FAO),,2001,1912.7413
Northern America (FAO),,2002,1893.9081
Northern America (FAO),,2003,1875.4528
Northern America (FAO),,2004,1857.0692
Northern America (FAO),,2005,1838.712
Northern America (FAO),,2006,1773.7827
Northern America (FAO),,2007,1709.558
Northern America (FAO),,2008,1642.4154
Northern America (FAO),,2009,1576.8878
Northern America (FAO),,2010,1519.9377
Northern America (FAO),,2011,1479.8844
Northern America (FAO),,2012,1439.5793
Northern America (FAO),,2013,1400.0842
Northern America (FAO),,2014,1361.5193
Northern America (FAO),,2015,1311.8433
Northern America (FAO),,2016,1312.7163
Northern America (FAO),,2017,1301.8196
Northern America (FAO),,2018,1289.8861
Northern America (FAO),,2019,1278.5623
Northern America (FAO),,2020,1271.4452
Northern America (FAO),,2021,1268.4811
Northern America (FAO),,2022,1262.5677
Northern America (FAO),,2023,1254.585
Northern America and Europe (FAO),,2001,927.32117
Northern America and Europe (FAO),,2002,918.32544
Northern America and Europe (FAO),,2003,912.0325
Northern America and Europe (FAO),,2004,902.05396
Northern America and Europe (FAO),,2005,893.5153
Northern America and Europe (FAO),,2006,871.67737
Northern America and Europe (FAO),,2007,841.8122
Northern America and Europe (FAO),,2008,835.641
Northern America and Europe (FAO),,2009,796.9946
Northern America and Europe (FAO),,2010,778.207
Northern America and Europe (FAO),,2011,763.31055
Northern America and Europe (FAO),,2012,747.78894
Northern America and Europe (FAO),,2013,724.71045
Northern America and Europe (FAO),,2014,719.03046
Northern America and Europe (FAO),,2015,692.9547
Northern America and Europe (FAO),,2016,695.9992
Northern America and Europe (FAO),,2017,691.7182
Northern America and Europe (FAO),,2018,689.7805
Northern America and Europe (FAO),,2019,685.21967
Northern America and Europe (FAO),,2020,680.06665
Northern America and Europe (FAO),,2021,677.7425
Northern America and Europe (FAO),,2022,673.9723
Northern America and Europe (FAO),,2023,672.2828
Norway,NOR,1980,489.52377
Norway,NOR,1981,494.24692
Norway,NOR,1982,498.81693
Norway,NOR,1983,503.53223
Norway,NOR,1984,508.45755
Norway,NOR,1985,513.25745
Norway,NOR,1986,517.72723
Norway,NOR,1987,521.5767
Norway,NOR,1988,525.0068
Norway,NOR,1989,529.0504
Norway,NOR,1990,533.42737
Norway,NOR,1991,537.0607
Norway,NOR,1992,540.09784
Norway,NOR,1993,542.9789
Norway,NOR,1994,545.95135
Norway,NOR,1995,549.1521
Norway,NOR,1996,552.36835
Norway,NOR,1997,543.9517
Norway,NOR,1998,535.32666
Norway,NOR,1999,526.3138
Norway,NOR,2000,535.8685
Norway,NOR,2001,569.21216
Norway,NOR,2002,562.83276
Norway,NOR,2003,564.9385
Norway,NOR,2004,611.83124
Norway,NOR,2005,592.5183
Norway,NOR,2006,630.6413
Norway,NOR,2007,642.61914
Norway,NOR,2008,615.4127
Norway,NOR,2009,588.69794
Norway,NOR,2010,573.86115
Norway,NOR,2011,559.0184
Norway,NOR,2012,544.3705
Norway,NOR,2013,542.093
Norway,NOR,2014,540.91614
Norway,NOR,2015,522.8747
Norway,NOR,2016,505.7885
Norway,NOR,2017,510.00583
Norway,NOR,2018,506.24567
Norway,NOR,2019,502.43805
Norway,NOR,2020,499.09247
Norway,NOR,2021,488.8842
Norway,NOR,2022,492.83633
Norway,NOR,2023,487.26736
Oceania (FAO),,2001,781.8223
Oceania (FAO),,2002,760.25116
Oceania (FAO),,2003,739.1413
Oceania (FAO),,2004,718.78577
Oceania (FAO),,2005,698.8
Oceania (FAO),,2006,665.0125
Oceania (FAO),,2007,621.41003
Oceania (FAO),,2008,578.57025
Oceania (FAO),,2009,537.3286
Oceania (FAO),,2010,519.3004
Oceania (FAO),,2011,500.17416
Oceania (FAO),,2012,559.6278
Oceania (FAO),,2013,643.375
Oceania (FAO),,2014,603.0694
Oceania (FAO),,2015,558.9918
Oceania (FAO),,2016,539.96954
Oceania (FAO),,2017,540.3421
Oceania (FAO),,2018,542.453
Oceania (FAO),,2019,483.73904
Oceania (FAO),,2020,429.59848
Oceania (FAO),,2021,489.23685
Oceania (FAO),,2022,504.40146
Oceania (FAO),,2023,487.2842
Oceania excluding Australia and New Zealand (FAO),,2001,43.99194
Oceania excluding Australia and New Zealand (FAO),,2002,45.65685
Oceania excluding Australia and New Zealand (FAO),,2003,47.219223
Oceania excluding Australia and New Zealand (FAO),,2004,48.68752
Oceania excluding Australia and New Zealand (FAO),,2005,50.071342
Oceania excluding Australia and New Zealand (FAO),,2006,48.834995
Oceania excluding Australia and New Zealand (FAO),,2007,47.643124
Oceania excluding Australia and New Zealand (FAO),,2008,46.501774
Oceania excluding Australia and New Zealand (FAO),,2009,45.4029
Oceania excluding Australia and New Zealand (FAO),,2010,44.312466
Oceania excluding Australia and New Zealand (FAO),,2011,43.25613
Oceania excluding Australia and New Zealand (FAO),,2012,42.26513
Oceania excluding Australia and New Zealand (FAO),,2013,41.321865
Oceania excluding Australia and New Zealand (FAO),,2014,40.424065
Oceania excluding Australia and New Zealand (FAO),,2015,39.576202
Oceania excluding Australia and New Zealand (FAO),,2016,38.77344
Oceania excluding Australia and New Zealand (FAO),,2017,38.00823
Oceania excluding Australia and New Zealand (FAO),,2018,37.281197
Oceania excluding Australia and New Zealand (FAO),,2019,36.601868
Oceania excluding Australia and New Zealand (FAO),,2020,35.958374
Oceania excluding Australia and New Zealand (FAO),,2021,35.34866
Oceania excluding Australia and New Zealand (FAO),,2022,34.775177
Oceania excluding Australia and New Zealand (FAO),,2023,34.220833
Oman,OMN,1991,660.5551
Oman,OMN,1992,638.8389
Oman,OMN,1993,620.0029
Oman,OMN,1994,609.39844
Oman,OMN,1995,605.45734
Oman,OMN,1996,602.2975
Oman,OMN,1997,599.95483
Oman,OMN,1998,598.2282
Oman,OMN,1999,596.9074
Oman,OMN,2000,595.9341
Oman,OMN,2001,583.06213
Oman,OMN,2002,570.78296
Oman,OMN,2003,558.847
Oman,OMN,2004,572.2255
Oman,OMN,2005,581.83545
Oman,OMN,2006,591.02234
Oman,OMN,2007,599.72595
Oman,OMN,2008,607.8364
Oman,OMN,2009,615.19916
Oman,OMN,2010,618.9423
Oman,OMN,2011,572.6148
Oman,OMN,2012,512.22046
Oman,OMN,2013,488.274
Oman,OMN,2014,465.29962
Oman,OMN,2015,447.32306
Oman,OMN,2016,426.33847
Oman,OMN,2017,412.57138
Oman,OMN,2018,407.36188
Oman,OMN,2019,417.09857
Oman,OMN,2020,423.4387
Oman,OMN,2021,425.51547
Oman,OMN,2022,404.84323
Oman,OMN,2023,379.26282
Pakistan,PAK,1975,2207.9673
Pakistan,PAK,1976,2143.3533
Pakistan,PAK,1977,2079.069
Pakistan,PAK,1978,2015.3556
Pakistan,PAK,1979,1948.5034
Pakistan,PAK,1980,1872.2032
Pakistan,PAK,1981,1797.2181
Pakistan,PAK,1982,1732.4706
Pakistan,PAK,1983,1675.0281
Pakistan,PAK,1984,1624.7949
Pakistan,PAK,1985,1575.5281
Pakistan,PAK,1986,1524.5294
Pakistan,PAK,1987,1474.7545
Pakistan,PAK,1988,1427.2878
Pakistan,PAK,1989,1382.6389
Pakistan,PAK,1990,1338.3817
Pakistan,PAK,1991,1296.0143
Pakistan,PAK,1992,1274.6941
Pakistan,PAK,1993,1254.6744
Pakistan,PAK,1994,1233.3132
Pakistan,PAK,1995,1212.179
Pakistan,PAK,1996,1191.0052
Pakistan,PAK,1997,1171.0135
Pakistan,PAK,1998,1151.9819
Pakistan,PAK,1999,1133.5645
Pakistan,PAK,2000,1114.1592
Pakistan,PAK,2001,1091.447
Pakistan,PAK,2002,1072.8389
Pakistan,PAK,2003,1055.5143
Pakistan,PAK,2004,1037.2301
Pakistan,PAK,2005,1019.8659
Pakistan,PAK,2006,1004.22864
Pakistan,PAK,2007,986.1947
Pakistan,PAK,2008,968.0784
Pakistan,PAK,2009,943.78674
Pakistan,PAK,2010,920.75323
Pakistan,PAK,2011,900.3855
Pakistan,PAK,2012,883.3849
Pakistan,PAK,2013,869.1265
Pakistan,PAK,2014,856.1842
Pakistan,PAK,2015,844.26
Pakistan,PAK,2016,833.33765
Pakistan,PAK,2017,821.6363
Pakistan,PAK,2018,808.403
Pakistan,PAK,2019,794.84094
Pakistan,PAK,2020,780.6325
Pakistan,PAK,2021,766.04175
Pakistan,PAK,2022,752.76776
Pakistan,PAK,2023,741.19867
Palestine,PSE,2000,92.01113
Palestine,PSE,2001,86.05042
Palestine,PSE,2002,99.83855
Palestine,PSE,2003,102.558205
Palestine,PSE,2004,111.6202
Palestine,PSE,2005,117.501526
Palestine,PSE,2006,109.90657
Palestine,PSE,2007,102.56134
Palestine,PSE,2008,95.548744
Palestine,PSE,2009,88.86971
Palestine,PSE,2010,82.42643
Palestine,PSE,2011,78.69467
Palestine,PSE,2012,82.84082
Palestine,PSE,2013,84.74575
Palestine,PSE,2014,77.60625
Palestine,PSE,2015,80.79061
Palestine,PSE,2016,78.484886
Palestine,PSE,2017,79.110344
Palestine,PSE,2018,80.29947
Palestine,PSE,2019,84.29196
Palestine,PSE,2020,88.44719
Palestine,PSE,2021,84.54612
Palestine,PSE,2022,84.06735
Palestine,PSE,2023,73.20859
Panama,PAN,2010,285.79028
Panama,PAN,2011,296.80936
Panama,PAN,2012,307.38354
Panama,PAN,2013,317.5674
Panama,PAN,2014,308.59943
Panama,PAN,2015,315.9821
Panama,PAN,2016,300.6637
Panama,PAN,2017,295.5566
Panama,PAN,2018,290.6527
Panama,PAN,2019,286.0651
Panama,PAN,2020,282.16315
Panama,PAN,2021,278.77725
Panama,PAN,2022,275.26984
Panama,PAN,2023,271.68994
Papua New Guinea,PNG,2000,49.015152
Papua New Guinea,PNG,2001,51.591747
Papua New Guinea,PNG,2002,53.963505
Papua New Guinea,PNG,2003,56.14307
Papua New Guinea,PNG,2004,58.147537
Papua New Guinea,PNG,2005,59.99169
Papua New Guinea,PNG,2006,58.108517
Papua New Guinea,PNG,2007,56.309147
Papua New Guinea,PNG,2008,54.587208
Papua New Guinea,PNG,2009,52.94043
Papua New Guinea,PNG,2010,51.365536
Papua New Guinea,PNG,2011,49.88965
Papua New Guinea,PNG,2012,48.518883
Papua New Guinea,PNG,2013,47.225616
Papua New Guinea,PNG,2014,46.00255
Papua New Guinea,PNG,2015,44.846046
Papua New Guinea,PNG,2016,43.752773
Papua New Guinea,PNG,2017,42.718403
Papua New Guinea,PNG,2018,41.737125
Papua New Guinea,PNG,2019,40.805454
Papua New Guinea,PNG,2020,39.946022
Papua New Guinea,PNG,2021,39.1595
Papua New Guinea,PNG,2022,38.429234
Papua New Guinea,PNG,2023,37.739536
Paraguay,PRY,1987,115.75043
Paraguay,PRY,1988,113.7574
Paraguay,PRY,1989,111.82608
Paraguay,PRY,1990,109.978676
Paraguay,PRY,1991,108.20998
Paraguay,PRY,1992,106.51612
Paraguay,PRY,1993,104.91043
Paraguay,PRY,1994,103.391754
Paraguay,PRY,1995,101.9526
Paraguay,PRY,1996,100.59395
Paraguay,PRY,1997,99.31434
Paraguay,PRY,1998,98.11566
Paraguay,PRY,1999,97.016106
Paraguay,PRY,2000,96.06208
Paraguay,PRY,2001,126.64307
Paraguay,PRY,2002,156.60869
Paraguay,PRY,2003,186.04456
Paraguay,PRY,2004,214.90384
Paraguay,PRY,2005,243.19028
Paraguay,PRY,2006,271.00256
Paraguay,PRY,2007,298.39514
Paraguay,PRY,2008,325.2614
Paraguay,PRY,2009,348.88574
Paraguay,PRY,2010,371.44635
Paraguay,PRY,2011,392.8169
Paraguay,PRY,2012,409.19055
Paraguay,PRY,2013,403.3468
Paraguay,PRY,2014,397.5412
Paraguay,PRY,2015,391.77783
Paraguay,PRY,2016,386.134
Paraguay,PRY,2017,380.6798
Paraguay,PRY,2018,375.42505
Paraguay,PRY,2019,370.37277
Paraguay,PRY,2020,365.39902
Paraguay,PRY,2021,361.00153
Paraguay,PRY,2022,356.92816
Paraguay,PRY,2023,352.5641
Peru,PER,2008,475.6426
Peru,PER,2009,554.6944
Peru,PER,2010,632.42755
Peru,PER,2011,708.4575
Peru,PER,2012,782.6164
Peru,PER,2013,854.93896
Peru,PER,2014,925.0419
Peru,PER,2015,992.34015
Peru,PER,2016,1055.8245
Peru,PER,2017,1115.9204
Peru,PER,2018,1170.0573
Peru,PER,2019,1188.0071
Peru,PER,2020,748.11395
Peru,PER,2021,781.73157
Peru,PER,2022,807.6668
Peru,PER,2023,800.8422
Philippines,PHL,2006,881.431
Philippines,PHL,2007,894.82117
Philippines,PHL,2008,889.85767
Philippines,PHL,2009,864.11664
Philippines,PHL,2010,864.3916
Philippines,PHL,2011,855.5744
Philippines,PHL,2012,841.0039
Philippines,PHL,2013,827.2926
Philippines,PHL,2014,804.2046
Philippines,PHL,2015,820.4211
Philippines,PHL,2016,821.5125
Philippines,PHL,2017,848.97833
Philippines,PHL,2018,841.89075
Philippines,PHL,2019,776.09094
Philippines,PHL,2020,780.4808
Philippines,PHL,2021,786.9108
Philippines,PHL,2022,798.8191
Philippines,PHL,2023,793.83435
Poland,POL,1970,310.66937
Poland,POL,1971,329.3736
Poland,POL,1972,347.3761
Poland,POL,1973,364.86066
Poland,POL,1974,381.8389
Poland,POL,1975,398.3583
Poland,POL,1976,403.83005
Poland,POL,1977,409.20038
Poland,POL,1978,414.77963
Poland,POL,1979,420.16107
Poland,POL,1980,425.28052
Poland,POL,1981,428.56848
Poland,POL,1982,431.7004
Poland,POL,1983,434.68396
Poland,POL,1984,437.70898
Poland,POL,1985,441.11893
Poland,POL,1986,426.6344
Poland,POL,1987,412.7665
Poland,POL,1988,399.69772
Poland,POL,1989,387.0592
Poland,POL,1990,374.52863
Poland,POL,1991,362.26373
Poland,POL,1992,350.21515
Poland,POL,1993,346.39267
Poland,POL,1994,342.68793
Poland,POL,1995,339.24966
Poland,POL,1996,336.4932
Poland,POL,1997,333.78262
Poland,POL,1998,329.77536
Poland,POL,1999,325.90686
Poland,POL,2000,321.9541
Poland,POL,2001,317.2975
Poland,POL,2002,306.83185
Poland,POL,2003,309.15173
Poland,POL,2004,306.91324
Poland,POL,2005,303.99396
Poland,POL,2006,300.1754
Poland,POL,2007,316.4089
Poland,POL,2008,294.1613
Poland,POL,2009,303.14072
Poland,POL,2010,285.23166
Poland,POL,2011,282.48843
Poland,POL,2012,300.14746
Poland,POL,2013,280.1021
Poland,POL,2014,279.3406
Poland,POL,2015,274.47116
Poland,POL,2016,276.55768
Poland,POL,2017,263.5214
Poland,POL,2018,262.3096
Poland,POL,2019,257.30548
Poland,POL,2020,240.11887
Poland,POL,2021,257.13098
Poland,POL,2022,256.16858
Poland,POL,2023,253.67644
Portugal,PRT,1991,862.659
Portugal,PRT,1992,1011.1866
Portugal,PRT,1993,1157.554
Portugal,PRT,1994,1301.7256
Portugal,PRT,1995,1281.3032
Portugal,PRT,1996,1219.862
Portugal,PRT,1997,1158.0547
Portugal,PRT,1998,1096.1141
Portugal,PRT,1999,1067.3295
Portugal,PRT,2000,1037.543
Portugal,PRT,2001,1007.8785
Portugal,PRT,2002,979.784
Portugal,PRT,2003,953.6
Portugal,PRT,2004,928.8662
Portugal,PRT,2005,904.73584
Portugal,PRT,2006,861.20233
Portugal,PRT,2007,867.65454
Portugal,PRT,2008,812.14557
Portugal,PRT,2009,784.2354
Portugal,PRT,2010,759.8879
Portugal,PRT,2011,737.2235
Portugal,PRT,2012,711.42993
Portugal,PRT,2013,689.0317
Portugal,PRT,2014,666.2209
Portugal,PRT,2015,642.17786
Portugal,PRT,2016,618.8331
Portugal,PRT,2017,596.59406
Portugal,PRT,2018,581.09393
Portugal,PRT,2019,594.6924
Portugal,PRT,2020,594.87573
Portugal,PRT,2021,593.70575
Portugal,PRT,2022,592.2172
Portugal,PRT,2023,591.44135
Puerto Rico,PRI,1990,1188.9701
Puerto Rico,PRI,1991,1168.919
Puerto Rico,PRI,1992,1149.1984
Puerto Rico,PRI,1993,1130.4255
Puerto Rico,PRI,1994,1112.5566
Puerto Rico,PRI,1995,1095.3683
Puerto Rico,PRI,1996,1078.7726
Puerto Rico,PRI,1997,1062.6151
Puerto Rico,PRI,1998,1046.8586
Puerto Rico,PRI,1999,1031.5969
Puerto Rico,PRI,2000,1018.80225
Puerto Rico,PRI,2001,1032.6532
Puerto Rico,PRI,2002,1047.9773
Puerto Rico,PRI,2003,1063.9817
Puerto Rico,PRI,2004,1080.7979
Puerto Rico,PRI,2005,1098.5068
Puerto Rico,PRI,2006,1101.5845
Puerto Rico,PRI,2007,1104.9543
Puerto Rico,PRI,2008,1108.5939
Puerto Rico,PRI,2009,1112.3063
Puerto Rico,PRI,2010,1117.869
Puerto Rico,PRI,2011,1079.6344
Puerto Rico,PRI,2012,1042.5068
Puerto Rico,PRI,2013,1005.27094
Puerto Rico,PRI,2014,967.6817
Puerto Rico,PRI,2015,929.77716
Puerto Rico,PRI,2016,942.02905
Puerto Rico,PRI,2017,971.1218
Puerto Rico,PRI,2018,995.2682
Puerto Rico,PRI,2019,995.8857
Puerto Rico,PRI,2020,999.6016
Puerto Rico,PRI,2021,1006.5443
Puerto Rico,PRI,2022,1010.3461
Puerto Rico,PRI,2023,1010.01764
Qatar,QAT,1975,776.85187
Qatar,QAT,1976,751.48944
Qatar,QAT,1977,728.85455
Qatar,QAT,1978,708.41473
Qatar,QAT,1979,689.6818
Qatar,QAT,1980,672.31213
Qatar,QAT,1981,656.1007
Qatar,QAT,1982,641.0154
Qatar,QAT,1983,627.2198
Qatar,QAT,1984,614.8707
Qatar,QAT,1985,603.92334
Qatar,QAT,1986,596.4615
Qatar,QAT,1987,592.4351
Qatar,QAT,1988,589.15857
Qatar,QAT,1989,585.9329
Qatar,QAT,1990,582.7221
Qatar,QAT,1991,579.5285
Qatar,QAT,1992,576.37805
Qatar,QAT,1993,573.32196
Qatar,QAT,1994,570.4166
Qatar,QAT,1995,556.8464
Qatar,QAT,1996,544.2154
Qatar,QAT,1997,525.7034
Qatar,QAT,1998,501.0852
Qatar,QAT,1999,477.38736
Qatar,QAT,2000,455.6667
Qatar,QAT,2001,477.81097
Qatar,QAT,2002,497.6624
Qatar,QAT,2003,515.60266
Qatar,QAT,2004,535.3195
Qatar,QAT,2005,537.91614
Qatar,QAT,2006,492.59583
Qatar,QAT,2007,426.1353
Qatar,QAT,2008,384.55582
Qatar,QAT,2009,371.33142
Qatar,QAT,2010,374.88382
Qatar,QAT,2011,381.333
Qatar,QAT,2012,391.8939
Qatar,QAT,2013,385.36072
Qatar,QAT,2014,378.29544
Qatar,QAT,2015,334.77106
Qatar,QAT,2016,351.0848
Qatar,QAT,2017,315.1428
Qatar,QAT,2018,271.36493
Qatar,QAT,2019,315.5572
Qatar,QAT,2020,316.79105
Qatar,QAT,2021,315.4848
Qatar,QAT,2022,322.9776
Qatar,QAT,2023,313.58594
Romania,ROU,1970,479.22147
Romania,ROU,1971,519.9699
Romania,ROU,1972,560.13995
Romania,ROU,1973,599.856
Romania,ROU,1974,638.88403
Romania,ROU,1975,677.0713
Romania,ROU,1976,710.77423
Romania,ROU,1977,744.6944
Romania,ROU,1978,779.2184
Romania,ROU,1979,813.8195
Romania,ROU,1980,848.5757
Romania,ROU,1981,859.34454
Romania,ROU,1982,870.6362
Romania,ROU,1983,882.48883
Romania,ROU,1984,894.64813
Romania,ROU,1985,906.8461
Romania,ROU,1986,903.29584
Romania,ROU,1987,899.6908
Romania,ROU,1988,896.14795
Romania,ROU,1989,892.5341
Romania,ROU,1990,889.7305
Romania,ROU,1991,882.59766
Romania,ROU,1992,877.1091
Romania,ROU,1993,872.9438
Romania,ROU,1994,789.6734
Romania,ROU,1995,706.161
Romania,ROU,1996,631.2686
Romania,ROU,1997,555.96423
Romania,ROU,1998,572.585
Romania,ROU,1999,570.68976
Romania,ROU,2000,437.71594
Romania,ROU,2001,413.23148
Romania,ROU,2002,423.61014
Romania,ROU,2003,394.00836
Romania,ROU,2004,332.84714
Romania,ROU,2005,288.02567
Romania,ROU,2006,253.37839
Romania,ROU,2007,329.84015
Romania,ROU,2008,348.47675
Romania,ROU,2009,334.1607
Romania,ROU,2010,304.4159
Romania,ROU,2011,325.41153
Romania,ROU,2012,321.55246
Romania,ROU,2013,319.8936
Romania,ROU,2014,314.60062
Romania,ROU,2015,325.34818
Romania,ROU,2016,322.29276
Romania,ROU,2017,343.9922
Romania,ROU,2018,327.38248
Romania,ROU,2019,358.58704
Romania,ROU,2020,381.38516
Romania,ROU,2021,408.5585
Romania,ROU,2022,425.2672
Romania,ROU,2023,418.54794
Russia,RUS,1994,520.24036
Russia,RUS,1995,509.57904
Russia,RUS,1996,499.93307
Russia,RUS,1997,490.3397
Russia,RUS,1998,480.67535
Russia,RUS,1999,471.5432
Russia,RUS,2000,462.77377
Russia,RUS,2001,453.0607
Russia,RUS,2002,450.64337
Russia,RUS,2003,448.12015
Russia,RUS,2004,447.03098
Russia,RUS,2005,445.8341
Russia,RUS,2006,444.35825
Russia,RUS,2007,442.0972
Russia,RUS,2008,439.23132
Russia,RUS,2009,436.04443
Russia,RUS,2010,432.83588
Russia,RUS,2011,429.49915
Russia,RUS,2012,425.7599
Russia,RUS,2013,421.84143
Russia,RUS,2014,488.5954
Russia,RUS,2015,429.8467
Russia,RUS,2016,444.44086
Russia,RUS,2017,440.60065
Russia,RUS,2018,442.66843
Russia,RUS,2019,442.35748
Russia,RUS,2020,442.84637
Russia,RUS,2021,444.47134
Russia,RUS,2022,445.25378
Russia,RUS,2023,445.68054
Rwanda,RWA,2000,18.26166
Rwanda,RWA,2001,20.557138
Rwanda,RWA,2002,22.704025
Rwanda,RWA,2003,24.581333
Rwanda,RWA,2004,26.249279
Rwanda,RWA,2005,27.80871
Rwanda,RWA,2006,29.751503
Rwanda,RWA,2007,31.574915
Rwanda,RWA,2008,33.292656
Rwanda,RWA,2009,34.917187
Rwanda,RWA,2010,36.45765
Rwanda,RWA,2011,37.926582
Rwanda,RWA,2012,39.32606
Rwanda,RWA,2013,40.634216
Rwanda,RWA,2014,41.85228
Rwanda,RWA,2015,42.9993
Rwanda,RWA,2016,44.07891
Rwanda,RWA,2017,45.095367
Rwanda,RWA,2018,46.05448
Rwanda,RWA,2019,47.745388
Rwanda,RWA,2020,45.95955
Rwanda,RWA,2021,45.000996
Rwanda,RWA,2022,44.02598
Rwanda,RWA,2023,43.068634
Saint Kitts and Nevis,KNA,2012,331.682
Saint Kitts and Nevis,KNA,2013,331.4283
Saint Kitts and Nevis,KNA,2014,331.28757
Saint Kitts and Nevis,KNA,2015,331.29813
Saint Kitts and Nevis,KNA,2016,331.38962
Saint Kitts and Nevis,KNA,2017,331.55865
Saint Kitts and Nevis,KNA,2018,331.8549
Saint Kitts and Nevis,KNA,2019,332.25775
Saint Kitts and Nevis,KNA,2020,332.8355
Saint Kitts and Nevis,KNA,2021,333.59708
Saint Kitts and Nevis,KNA,2022,333.97916
Saint Kitts and Nevis,KNA,2023,333.63275
Saint Lucia,LCA,2007,255.72551
Saint Lucia,LCA,2008,254.13564
Saint Lucia,LCA,2009,252.5483
Saint Lucia,LCA,2010,251.01445
Saint Lucia,LCA,2011,249.7075
Saint Lucia,LCA,2012,248.571
Saint Lucia,LCA,2013,247.4498
Saint Lucia,LCA,2014,246.35564
Saint Lucia,LCA,2015,245.2767
Saint Lucia,LCA,2016,244.24126
Saint Lucia,LCA,2017,243.27727
Saint Lucia,LCA,2018,242.34961
Saint Lucia,LCA,2019,241.47044
Saint Lucia,LCA,2020,240.67253
Saint Lucia,LCA,2021,240.30652
Saint Lucia,LCA,2022,239.95839
Saint Lucia,LCA,2023,239.28448
Saint Vincent and the Grenadines,VCT,1995,88.45839
Saint Vincent and the Grenadines,VCT,1996,87.66677
Saint Vincent and the Grenadines,VCT,1997,86.91455
Saint Vincent and the Grenadines,VCT,1998,86.14891
Saint Vincent and the Grenadines,VCT,1999,85.27346
Saint Vincent and the Grenadines,VCT,2000,84.40608
Saint Vincent and the Grenadines,VCT,2001,83.705574
Saint Vincent and the Grenadines,VCT,2002,83.08545
Saint Vincent and the Grenadines,VCT,2003,82.50043
Saint Vincent and the Grenadines,VCT,2004,81.987335
Saint Vincent and the Grenadines,VCT,2005,81.527954
Saint Vincent and the Grenadines,VCT,2006,81.10197
Saint Vincent and the Grenadines,VCT,2007,80.70665
Saint Vincent and the Grenadines,VCT,2008,80.32272
Saint Vincent and the Grenadines,VCT,2009,79.94796
Saint Vincent and the Grenadines,VCT,2010,79.59064
Saint Vincent and the Grenadines,VCT,2011,79.27356
Saint Vincent and the Grenadines,VCT,2012,78.9551
Saint Vincent and the Grenadines,VCT,2013,78.62358
Saint Vincent and the Grenadines,VCT,2014,79.06263
Saint Vincent and the Grenadines,VCT,2015,79.487656
Saint Vincent and the Grenadines,VCT,2016,79.94471
Saint Vincent and the Grenadines,VCT,2017,80.46336
Saint Vincent and the Grenadines,VCT,2018,81.028534
Saint Vincent and the Grenadines,VCT,2019,81.61894
Saint Vincent and the Grenadines,VCT,2020,82.1243
Saint Vincent and the Grenadines,VCT,2021,82.67131
Saint Vincent and the Grenadines,VCT,2022,83.31537
Saint Vincent and the Grenadines,VCT,2023,83.910286
Sao Tome and Principe,STP,1993,53.653416
Sao Tome and Principe,STP,1994,63.842037
Sao Tome and Principe,STP,1995,73.74496
Sao Tome and Principe,STP,1996,83.393486
Sao Tome and Principe,STP,1997,92.8269
Sao Tome and Principe,STP,1998,102.0921
Sao Tome and Principe,STP,1999,111.22758
Sao Tome and Principe,STP,2000,120.24422
Sao Tome and Principe,STP,2001,128.37782
Sao Tome and Principe,STP,2002,135.1722
Sao Tome and Principe,STP,2003,141.3339
Sao Tome and Principe,STP,2004,147.19283
Sao Tome and Principe,STP,2005,152.72849
Sao Tome and Principe,STP,2006,157.94002
Sao Tome and Principe,STP,2007,162.8454
Sao Tome and Principe,STP,2008,167.49062
Sao Tome and Principe,STP,2009,171.95393
Sao Tome and Principe,STP,2010,176.32657
Sao Tome and Principe,STP,2011,180.6115
Sao Tome and Principe,STP,2012,184.77899
Sao Tome and Principe,STP,2013,188.8622
Sao Tome and Principe,STP,2014,192.87875
Sao Tome and Principe,STP,2015,196.84402
Sao Tome and Principe,STP,2016,200.7968
Sao Tome and Principe,STP,2017,197.6127
Sao Tome and Principe,STP,2018,194.58862
Sao Tome and Principe,STP,2019,191.66605
Sao Tome and Principe,STP,2020,188.10263
Sao Tome and Principe,STP,2021,184.2666
Sao Tome and Principe,STP,2022,180.72955
Sao Tome and Principe,STP,2023,177.15483
Saudi Arabia,SAU,1992,1456.3593
Saudi Arabia,SAU,1993,1433.1438
Saudi Arabia,SAU,1994,1411.3035
Saudi Arabia,SAU,1995,1390.6932
Saudi Arabia,SAU,1996,1371.4364
Saudi Arabia,SAU,1997,1353.427
Saudi Arabia,SAU,1998,1336.4346
Saudi Arabia,SAU,1999,1320.4185
Saudi Arabia,SAU,2000,1292.9324
Saudi Arabia,SAU,2001,1250.7499
Saudi Arabia,SAU,2002,1212.2416
Saudi Arabia,SAU,2003,1176.9016
Saudi Arabia,SAU,2004,1144.3109
Saudi Arabia,SAU,2005,1123.0118
Saudi Arabia,SAU,2006,1103.0262
Saudi Arabia,SAU,2007,1037.405
Saudi Arabia,SAU,2008,976.4737
Saudi Arabia,SAU,2009,919.78357
Saudi Arabia,SAU,2010,866.9511
Saudi Arabia,SAU,2011,817.6392
Saudi Arabia,SAU,2012,771.549
Saudi Arabia,SAU,2013,794.2748
Saudi Arabia,SAU,2014,807.4314
Saudi Arabia,SAU,2015,828.4254
Saudi Arabia,SAU,2016,779.15717
Saudi Arabia,SAU,2017,758.5503
Saudi Arabia,SAU,2018,855.9821
Saudi Arabia,SAU,2019,852.9571
Saudi Arabia,SAU,2020,838.6895
Saudi Arabia,SAU,2021,829.6632
Saudi Arabia,SAU,2022,807.82336
Saudi Arabia,SAU,2023,781.3784
Senegal,SEN,1987,192.04887
Senegal,SEN,1988,188.99376
Senegal,SEN,1989,185.99657
Senegal,SEN,1990,183.02866
Senegal,SEN,1991,180.12766
Senegal,SEN,1992,177.3251
Senegal,SEN,1993,174.6193
Senegal,SEN,1994,172.05853
Senegal,SEN,1995,169.70178
Senegal,SEN,1996,167.5558
Senegal,SEN,1997,165.55437
Senegal,SEN,1998,163.5929
Senegal,SEN,1999,161.57907
Senegal,SEN,2000,159.50627
Senegal,SEN,2001,186.577
Senegal,SEN,2002,212.20663
Senegal,SEN,2003,208.75005
Senegal,SEN,2004,205.46216
Senegal,SEN,2005,202.22896
Senegal,SEN,2006,199.05783
Senegal,SEN,2007,195.93564
Senegal,SEN,2008,192.81963
Senegal,SEN,2009,189.69344
Senegal,SEN,2010,186.56831
Senegal,SEN,2011,183.22653
Senegal,SEN,2012,179.66722
Senegal,SEN,2013,175.66422
Senegal,SEN,2014,171.39162
Senegal,SEN,2015,167.37766
Senegal,SEN,2016,163.59973
Senegal,SEN,2017,160.04453
Senegal,SEN,2018,190.24777
Senegal,SEN,2019,184.74362
Senegal,SEN,2020,179.94273
Senegal,SEN,2021,175.4324
Senegal,SEN,2022,171.15633
Senegal,SEN,2023,167.11856
Serbia,SRB,2006,515.5502
Serbia,SRB,2007,528.93304
Serbia,SRB,2008,538.48267
Serbia,SRB,2009,555.66425
Serbia,SRB,2010,546.29626
Serbia,SRB,2011,536.96436
Serbia,SRB,2012,528.2183
Serbia,SRB,2013,570.35425
Serbia,SRB,2014,544.5952
Serbia,SRB,2015,653.2443
Serbia,SRB,2016,660.461
Serbia,SRB,2017,760.21704
Serbia,SRB,2018,791.66455
Serbia,SRB,2019,806.5571
Serbia,SRB,2020,737.9476
Serbia,SRB,2021,706.6125
Serbia,SRB,2022,749.64514
Serbia,SRB,2023,761.0877
Seychelles,SYC,1989,162.75174
Seychelles,SYC,1990,161.23395
Seychelles,SYC,1991,159.8196
Seychelles,SYC,1992,158.50555
Seychelles,SYC,1993,157.23653
Seychelles,SYC,1994,155.87138
Seychelles,SYC,1995,154.51329
Seychelles,SYC,1996,158.92554
Seychelles,SYC,1997,158.53351
Seychelles,SYC,1998,157.55437
Seychelles,SYC,1999,156.16843
Seychelles,SYC,2000,154.82849
Seychelles,SYC,2001,150.10844
Seychelles,SYC,2002,142.9287
Seychelles,SYC,2003,141.32408
Seychelles,SYC,2004,147.46669
Seychelles,SYC,2005,153.47389
Seychelles,SYC,2006,151.59395
Seychelles,SYC,2007,149.77916
Seychelles,SYC,2008,148.03209
Seychelles,SYC,2009,146.32375
Seychelles,SYC,2010,144.25456
Seychelles,SYC,2011,141.20218
Seychelles,SYC,2012,137.62897
Seychelles,SYC,2013,134.19203
Seychelles,SYC,2014,130.90694
Seychelles,SYC,2015,127.76335
Seychelles,SYC,2016,124.74845
Seychelles,SYC,2017,121.85739
Seychelles,SYC,2018,119.08901
Seychelles,SYC,2019,116.446594
Seychelles,SYC,2020,113.89048
Seychelles,SYC,2021,111.39343
Seychelles,SYC,2022,109.143776
Seychelles,SYC,2023,107.072655
Sierra Leone,SLE,1987,96.612854
Sierra Leone,SLE,1988,81.63683
Sierra Leone,SLE,1989,67.52617
Sierra Leone,SLE,1990,53.279427
Sierra Leone,SLE,1991,41.16702
Sierra Leone,SLE,1992,30.244028
Sierra Leone,SLE,1993,32.202324
Sierra Leone,SLE,1994,33.962906
Sierra Leone,SLE,1995,35.794662
Sierra Leone,SLE,1996,37.496063
Sierra Leone,SLE,1997,38.86376
Sierra Leone,SLE,1998,40.31322
Sierra Leone,SLE,1999,41.92604
Sierra Leone,SLE,2000,42.702663
Sierra Leone,SLE,2001,41.246906
Sierra Leone,SLE,2002,39.87179
Sierra Leone,SLE,2003,39.18352
Sierra Leone,SLE,2004,38.751118
Sierra Leone,SLE,2005,38.56981
Sierra Leone,SLE,2006,37.728027
Sierra Leone,SLE,2007,36.908504
Sierra Leone,SLE,2008,35.998302
Sierra Leone,SLE,2009,35.041676
Sierra Leone,SLE,2010,34.100876
Sierra Leone,SLE,2011,33.22243
Sierra Leone,SLE,2012,32.391605
Sierra Leone,SLE,2013,31.605358
Sierra Leone,SLE,2014,30.859238
Sierra Leone,SLE,2015,30.152088
Sierra Leone,SLE,2016,29.450426
Sierra Leone,SLE,2017,28.756119
Sierra Leone,SLE,2018,28.088984
Sierra Leone,SLE,2019,27.44442
Sierra Leone,SLE,2020,26.818129
Sierra Leone,SLE,2021,26.215
Sierra Leone,SLE,2022,25.637907
Sierra Leone,SLE,2023,25.081224
Singapore,SGP,1975,83.75494
Singapore,SGP,1976,112.14747
Singapore,SGP,1977,139.84074
Singapore,SGP,1978,166.93513
Singapore,SGP,1979,193.49231
Singapore,SGP,1980,217.48268
Singapore,SGP,1981,236.24873
Singapore,SGP,1982,253.54083
Singapore,SGP,1983,273.3377
Singapore,SGP,1984,294.82733
Singapore,SGP,1985,318.17755
Singapore,SGP,1986,341.84552
Singapore,SGP,1987,361.75748
Singapore,SGP,1988,377.07108
Singapore,SGP,1989,388.72034
Singapore,SGP,1990,398.19092
Singapore,SGP,1991,407.60248
Singapore,SGP,1992,417.29346
Singapore,SGP,1993,426.29626
Singapore,SGP,1994,433.7352
Singapore,SGP,1995,438.77045
Singapore,SGP,1996,441.65533
Singapore,SGP,1997,444.2093
Singapore,SGP,1998,449.71283
Singapore,SGP,1999,459.47656
Singapore,SGP,2000,468.51245
Singapore,SGP,2001,480.20828
Singapore,SGP,2002,497.40173
Singapore,SGP,2003,519.236
Singapore,SGP,2004,535.5632
Singapore,SGP,2005,543.7295
Singapore,SGP,2006,489.03406
Singapore,SGP,2007,432.8427
Singapore,SGP,2008,379.45346
Singapore,SGP,2009,333.75836
Singapore,SGP,2010,294.005
Singapore,SGP,2011,256.0735
Singapore,SGP,2012,219.4079
Singapore,SGP,2013,184.89474
Singapore,SGP,2014,152.0976
Singapore,SGP,2015,120.26411
Singapore,SGP,2016,119.148155
Singapore,SGP,2017,117.66431
Singapore,SGP,2018,116.534775
Singapore,SGP,2019,117.04607
Singapore,SGP,2020,117.43458
Singapore,SGP,2021,92.163
Singapore,SGP,2022,64.129715
Singapore,SGP,2023,62.587643
Slovakia,SVK,1993,295.1359
Slovakia,SVK,1994,276.79883
Slovakia,SVK,1995,258.85825
Slovakia,SVK,1996,251.37865
Slovakia,SVK,1997,243.95787
Slovakia,SVK,1998,235.1407
Slovakia,SVK,1999,226.41188
Slovakia,SVK,2000,217.75098
Slovakia,SVK,2001,209.85468
Slovakia,SVK,2002,203.50755
Slovakia,SVK,2003,200.11671
Slovakia,SVK,2004,179.71101
Slovakia,SVK,2005,168.6538
Slovakia,SVK,2006,149.22318
Slovakia,SVK,2007,127.952415
Slovakia,SVK,2008,115.85537
Slovakia,SVK,2009,112.49616
Slovakia,SVK,2010,107.69956
Slovakia,SVK,2011,106.29649
Slovakia,SVK,2012,123.09267
Slovakia,SVK,2013,93.20901
Slovakia,SVK,2014,103.28277
Slovakia,SVK,2015,101.972244
Slovakia,SVK,2016,98.57646
Slovakia,SVK,2017,102.34192
Slovakia,SVK,2018,102.23705
Slovakia,SVK,2019,102.48365
Slovakia,SVK,2020,101.74108
Slovakia,SVK,2021,104.04155
Slovakia,SVK,2022,102.97886
Slovakia,SVK,2023,102.14171
Slovenia,SVN,2002,451.50275
Slovenia,SVN,2003,455.9956
Slovenia,SVN,2004,459.65018
Slovenia,SVN,2005,462.51376
Slovenia,SVN,2006,465.3255
Slovenia,SVN,2007,464.1643
Slovenia,SVN,2008,463.16562
Slovenia,SVN,2009,463.05576
Slovenia,SVN,2010,459.33734
Slovenia,SVN,2011,458.82053
Slovenia,SVN,2012,451.99948
Slovenia,SVN,2013,561.9416
Slovenia,SVN,2014,476.24356
Slovenia,SVN,2015,435.4481
Slovenia,SVN,2016,430.44125
Slovenia,SVN,2017,451.60757
Slovenia,SVN,2018,464.36774
Slovenia,SVN,2019,453.09692
Slovenia,SVN,2020,477.54504
Slovenia,SVN,2021,440.50278
Slovenia,SVN,2022,390.9744
Slovenia,SVN,2023,447.5084
Somalia,SOM,1987,112.05951
Somalia,SOM,1988,138.31644
Somalia,SOM,1989,167.47282
Somalia,SOM,1990,195.1637
Somalia,SOM,1991,230.86769
Somalia,SOM,1992,271.56537
Somalia,SOM,1993,292.54584
Somalia,SOM,1994,305.31476
Somalia,SOM,1995,320.6797
Somalia,SOM,1996,334.4936
Somalia,SOM,1997,347.33002
Somalia,SOM,1998,356.6294
Somalia,SOM,1999,364.95633
Somalia,SOM,2000,372.22614
Somalia,SOM,2001,357.95718
Somalia,SOM,2002,345.0588
Somalia,SOM,2003,332.82346
Somalia,SOM,2004,320.78598
Somalia,SOM,2005,309.8393
Somalia,SOM,2006,300.4874
Somalia,SOM,2007,291.27634
Somalia,SOM,2008,282.77255
Somalia,SOM,2009,275.72482
Somalia,SOM,2010,268.96637
Somalia,SOM,2011,267.06982
Somalia,SOM,2012,264.66235
Somalia,SOM,2013,256.26294
Somalia,SOM,2014,247.23582
Somalia,SOM,2015,238.86497
Somalia,SOM,2016,229.84596
Somalia,SOM,2017,221.09552
Somalia,SOM,2018,213.42844
Somalia,SOM,2019,205.72678
Somalia,SOM,2020,198.06392
Somalia,SOM,2021,190.95117
Somalia,SOM,2022,185.26115
Somalia,SOM,2023,179.64319
South Africa,ZAF,1990,326.63113
South Africa,ZAF,1991,317.30072
South Africa,ZAF,1992,309.73404
South Africa,ZAF,1993,301.74728
South Africa,ZAF,1994,295.0495
South Africa,ZAF,1995,289.6621
South Africa,ZAF,1996,285.4419
South Africa,ZAF,1997,281.56097
South Africa,ZAF,1998,277.69196
South Africa,ZAF,1999,274.2116
South Africa,ZAF,2000,271.24844
South Africa,ZAF,2001,273.30634
South Africa,ZAF,2002,275.06824
South Africa,ZAF,2003,276.6356
South Africa,ZAF,2004,278.11462
South Africa,ZAF,2005,279.5217
South Africa,ZAF,2006,280.8466
South Africa,ZAF,2007,282.02164
South Africa,ZAF,2008,282.86365
South Africa,ZAF,2009,283.53354
South Africa,ZAF,2010,284.17896
South Africa,ZAF,2011,284.61792
South Africa,ZAF,2012,284.32434
South Africa,ZAF,2013,283.47372
South Africa,ZAF,2014,307.22278
South Africa,ZAF,2015,328.964
South Africa,ZAF,2016,332.6956
South Africa,ZAF,2017,336.25308
South Africa,ZAF,2018,338.66208
South Africa,ZAF,2019,317.17856
South Africa,ZAF,2020,316.8434
South Africa,ZAF,2021,312.13312
South Africa,ZAF,2022,322.35513
South Africa,ZAF,2023,330.14703
South Korea,KOR,1990,466.63644
South Korea,KOR,1991,479.2669
South Korea,KOR,1992,493.27225
South Korea,KOR,1993,506.92352
South Korea,KOR,1994,520.32837
South Korea,KOR,1995,531.98315
South Korea,KOR,1996,543.1272
South Korea,KOR,1997,553.74725
South Korea,KOR,1998,559.16455
South Korea,KOR,1999,555.13165
South Korea,KOR,2000,551.1832
South Korea,KOR,2001,583.92804
South Korea,KOR,2002,616.56537
South Korea,KOR,2003,598.9793
South Korea,KOR,2004,584.8786
South Korea,KOR,2005,610.21936
South Korea,KOR,2006,570.2513
South Korea,KOR,2007,569.0873
South Korea,KOR,2008,567.85205
South Korea,KOR,2009,566.4879
South Korea,KOR,2010,564.75836
South Korea,KOR,2011,561.48975
South Korea,KOR,2012,556.9895
South Korea,KOR,2013,552.57794
South Korea,KOR,2014,548.2888
South Korea,KOR,2015,528.8335
South Korea,KOR,2016,527.93646
South Korea,KOR,2017,526.00433
South Korea,KOR,2018,524.4293
South Korea,KOR,2019,523.14325
South Korea,KOR,2020,522.22894
South Korea,KOR,2021,522.3305
South Korea,KOR,2022,522.9951
South Korea,KOR,2023,523.3364
South Sudan,SSD,2012,61.173794
South Sudan,SSD,2013,58.927437
South Sudan,SSD,2014,58.5666
South Sudan,SSD,2015,59.238926
South Sudan,SSD,2016,60.756584
South Sudan,SSD,2017,64.13785
South Sudan,SSD,2018,65.00064
South Sudan,SSD,2019,63.127293
South Sudan,SSD,2020,61.50414
South Sudan,SSD,2021,60.557087
South Sudan,SSD,2022,59.70324
South Sudan,SSD,2023,57.300232
South-eastern Asia (FAO),,2001,445.23035
South-eastern Asia (FAO),,2002,461.81824
South-eastern Asia (FAO),,2003,478.09103
South-eastern Asia (FAO),,2004,496.1599
South-eastern Asia (FAO),,2005,517.8595
South-eastern Asia (FAO),,2006,663.52466
South-eastern Asia (FAO),,2007,768.1325
South-eastern Asia (FAO),,2008,769.5935
South-eastern Asia (FAO),,2009,768.17224
South-eastern Asia (FAO),,2010,771.1974
South-eastern Asia (FAO),,2011,772.59467
South-eastern Asia (FAO),,2012,772.82965
South-eastern Asia (FAO),,2013,773.1968
South-eastern Asia (FAO),,2014,772.0962
South-eastern Asia (FAO),,2015,771.04803
South-eastern Asia (FAO),,2016,767.4746
South-eastern Asia (FAO),,2017,765.102
South-eastern Asia (FAO),,2018,758.11426
South-eastern Asia (FAO),,2019,741.89166
South-eastern Asia (FAO),,2020,737.7247
South-eastern Asia (FAO),,2021,734.3448
South-eastern Asia (FAO),,2022,731.8131
South-eastern Asia (FAO),,2023,726.522
Southern Asia (FAO),,2001,618.28357
Southern Asia (FAO),,2002,618.4078
Southern Asia (FAO),,2003,618.63715
Southern Asia (FAO),,2004,618.73035
Southern Asia (FAO),,2005,618.29803
Southern Asia (FAO),,2006,618.176
Southern Asia (FAO),,2007,618.37067
Southern Asia (FAO),,2008,640.13684
Southern Asia (FAO),,2009,639.1708
Southern Asia (FAO),,2010,638.1924
Southern Asia (FAO),,2011,628.8706
Southern Asia (FAO),,2012,620.03687
Southern Asia (FAO),,2013,611.7508
Southern Asia (FAO),,2014,603.93646
Southern Asia (FAO),,2015,596.6112
Southern Asia (FAO),,2016,589.4961
Southern Asia (FAO),,2017,582.5225
Southern Asia (FAO),,2018,575.79694
Southern Asia (FAO),,2019,569.2834
Southern Asia (FAO),,2020,563.03204
Southern Asia (FAO),,2021,557.4803
Southern Asia (FAO),,2022,552.1869
Southern Asia (FAO),,2023,546.615
Spain,ESP,1975,1007.94037
Spain,ESP,1976,1018.568
Spain,ESP,1977,1029.1298
Spain,ESP,1978,1040.0768
Spain,ESP,1979,1051.6145
Spain,ESP,1980,1063.468
Spain,ESP,1981,1083.9211
Spain,ESP,1982,1105.2616
Spain,ESP,1983,1127.1724
Spain,ESP,1984,1149.5029
Spain,ESP,1985,1172.2396
Spain,ESP,1986,1183.7141
Spain,ESP,1987,1134.088
Spain,ESP,1988,1085.2052
Spain,ESP,1989,1037.1831
Spain,ESP,1990,989.9046
Spain,ESP,1991,941.2843
Spain,ESP,1992,926.33636
Spain,ESP,1993,911.2616
Spain,ESP,1994,896.90533
Spain,ESP,1995,882.98584
Spain,ESP,1996,869.4032
Spain,ESP,1997,855.9061
Spain,ESP,1998,867.7553
Spain,ESP,1999,879.45325
Spain,ESP,2000,890.78986
Spain,ESP,2001,878.2149
Spain,ESP,2002,860.601
Spain,ESP,2003,855.9153
Spain,ESP,2004,834.72565
Spain,ESP,2005,865.0356
Spain,ESP,2006,809.4672
Spain,ESP,2007,781.54065
Spain,ESP,2008,762.58154
Spain,ESP,2009,776.09863
Spain,ESP,2010,751.99927
Spain,ESP,2011,745.49915
Spain,ESP,2012,779.29193
Spain,ESP,2013,689.59094
Spain,ESP,2014,703.14355
Spain,ESP,2015,675.05383
Spain,ESP,2016,668.0751
Spain,ESP,2017,642.0931
Spain,ESP,2018,624.4901
Spain,ESP,2019,615.88336
Spain,ESP,2020,608.64746
Spain,ESP,2021,607.9312
Spain,ESP,2022,606.7527
Spain,ESP,2023,605.6991
Sri Lanka,LKA,1990,597.4026
Sri Lanka,LKA,1991,612.62177
Sri Lanka,LKA,1992,622.3277
Sri Lanka,LKA,1993,630.8899
Sri Lanka,LKA,1994,640.52936
Sri Lanka,LKA,1995,648.4717
Sri Lanka,LKA,1996,654.2278
Sri Lanka,LKA,1997,659.68805
Sri Lanka,LKA,1998,664.78156
Sri Lanka,LKA,1999,669.65533
Sri Lanka,LKA,2000,674.36707
Sri Lanka,LKA,2001,663.1347
Sri Lanka,LKA,2002,655.6055
Sri Lanka,LKA,2003,650.16797
Sri Lanka,LKA,2004,645.12024
Sri Lanka,LKA,2005,640.36725
Sri Lanka,LKA,2006,636.09174
Sri Lanka,LKA,2007,631.74194
Sri Lanka,LKA,2008,627.55164
Sri Lanka,LKA,2009,623.7102
Sri Lanka,LKA,2010,620.0462
Sri Lanka,LKA,2011,616.2107
Sri Lanka,LKA,2012,611.5414
Sri Lanka,LKA,2013,606.11945
Sri Lanka,LKA,2014,600.8134
Sri Lanka,LKA,2015,595.767
Sri Lanka,LKA,2016,590.8509
Sri Lanka,LKA,2017,586.1228
Sri Lanka,LKA,2018,581.76117
Sri Lanka,LKA,2019,577.6743
Sri Lanka,LKA,2020,573.8016
Sri Lanka,LKA,2021,570.299
Sri Lanka,LKA,2022,566.93756
Sri Lanka,LKA,2023,563.565
Sub-Saharan Africa (FAO),,2001,114.471344
Sub-Saharan Africa (FAO),,2002,122.69993
Sub-Saharan Africa (FAO),,2003,122.23454
Sub-Saharan Africa (FAO),,2004,121.43003
Sub-Saharan Africa (FAO),,2005,120.41307
Sub-Saharan Africa (FAO),,2006,120.69207
Sub-Saharan Africa (FAO),,2007,120.7131
Sub-Saharan Africa (FAO),,2008,120.73864
Sub-Saharan Africa (FAO),,2009,120.32666
Sub-Saharan Africa (FAO),,2010,120.02414
Sub-Saharan Africa (FAO),,2011,119.19604
Sub-Saharan Africa (FAO),,2012,117.754654
Sub-Saharan Africa (FAO),,2013,117.00676
Sub-Saharan Africa (FAO),,2014,117.67567
Sub-Saharan Africa (FAO),,2015,118.424736
Sub-Saharan Africa (FAO),,2016,118.50927
Sub-Saharan Africa (FAO),,2017,117.24113
Sub-Saharan Africa (FAO),,2018,117.98285
Sub-Saharan Africa (FAO),,2019,116.22539
Sub-Saharan Africa (FAO),,2020,115.56023
Sub-Saharan Africa (FAO),,2021,114.1009
Sub-Saharan Africa (FAO),,2022,113.28704
Sub-Saharan Africa (FAO),,2023,104.4546
Sudan,SDN,2012,729.4876
Sudan,SDN,2013,712.833
Sudan,SDN,2014,693.78406
Sudan,SDN,2015,672.964
Sudan,SDN,2016,652.8132
Sudan,SDN,2017,630.58496
Sudan,SDN,2018,608.9676
Sudan,SDN,2019,591.35187
Sudan,SDN,2020,575.6666
Sudan,SDN,2021,560.36456
Sudan,SDN,2022,545.4268
Sudan,SDN,2023,538.2394
Suriname,SUR,1987,1158.9514
Suriname,SUR,1988,1183.7938
Suriname,SUR,1989,1205.4296
Suriname,SUR,1990,1232.6565
Suriname,SUR,1991,1264.0939
Suriname,SUR,1992,1294.978
Suriname,SUR,1993,1328.0563
Suriname,SUR,1994,1356.7965
Suriname,SUR,1995,1371.5625
Suriname,SUR,1996,1379.5425
Suriname,SUR,1997,1387.1537
Suriname,SUR,1998,1394.1509
Suriname,SUR,1999,1400.3492
Suriname,SUR,2000,1405.6642
Suriname,SUR,2001,1358.4841
Suriname,SUR,2002,1312.989
Suriname,SUR,2003,1269.6122
Suriname,SUR,2004,1233.5181
Suriname,SUR,2005,1203.3538
Suriname,SUR,2006,1173.1495
Suriname,SUR,2007,1159.852
Suriname,SUR,2008,1146.4033
Suriname,SUR,2009,1133.0688
Suriname,SUR,2010,1119.975
Suriname,SUR,2011,1107.1991
Suriname,SUR,2012,1094.6746
Suriname,SUR,2013,1082.3872
Suriname,SUR,2014,1070.436
Suriname,SUR,2015,1058.926
Suriname,SUR,2016,1047.8821
Suriname,SUR,2017,1037.3699
Suriname,SUR,2018,1027.3347
Suriname,SUR,2019,1016.7259
Suriname,SUR,2020,1005.85236
Suriname,SUR,2021,996.76965
Suriname,SUR,2022,988.3434
Suriname,SUR,2023,979.35077
Sweden,SWE,1970,506.4169
Sweden,SWE,1971,504.4886
Sweden,SWE,1972,504.50452
Sweden,SWE,1973,505.11423
Sweden,SWE,1974,505.18103
Sweden,SWE,1975,504.72125
Sweden,SWE,1976,502.18948
Sweden,SWE,1977,499.70337
Sweden,SWE,1978,497.5478
Sweden,SWE,1979,495.77103
Sweden,SWE,1980,494.07562
Sweden,SWE,1981,466.17627
Sweden,SWE,1982,438.621
Sweden,SWE,1983,411.14603
Sweden,SWE,1984,383.5189
Sweden,SWE,1985,355.67825
Sweden,SWE,1986,354.94174
Sweden,SWE,1987,353.8491
Sweden,SWE,1988,352.31482
Sweden,SWE,1989,350.06058
Sweden,SWE,1990,346.90384
Sweden,SWE,1991,344.78522
Sweden,SWE,1992,343.00256
Sweden,SWE,1993,334.6396
Sweden,SWE,1994,325.93826
Sweden,SWE,1995,317.9361
Sweden,SWE,1996,312.04727
Sweden,SWE,1997,306.4827
Sweden,SWE,1998,305.4404
Sweden,SWE,1999,304.33078
Sweden,SWE,2000,302.9722
Sweden,SWE,2001,300.64
Sweden,SWE,2002,299.83038
Sweden,SWE,2003,298.04327
Sweden,SWE,2004,296.20377
Sweden,SWE,2005,291.2588
Sweden,SWE,2006,289.62772
Sweden,SWE,2007,287.4859
Sweden,SWE,2008,287.38562
Sweden,SWE,2009,287.064
Sweden,SWE,2010,286.7278
Sweden,SWE,2011,277.92654
Sweden,SWE,2012,269.27924
Sweden,SWE,2013,260.46234
Sweden,SWE,2014,251.41203
Sweden,SWE,2015,242.35976
Sweden,SWE,2016,233.14871
Sweden,SWE,2017,223.92435
Sweden,SWE,2018,215.30348
Sweden,SWE,2019,207.15771
Sweden,SWE,2020,239.91455
Sweden,SWE,2021,198.5382
Sweden,SWE,2022,197.19017
Sweden,SWE,2023,195.9912
Switzerland,CHE,1975,409.86972
Switzerland,CHE,1976,411.92822
Switzerland,CHE,1977,413.03162
Switzerland,CHE,1978,412.70044
Switzerland,CHE,1979,411.5834
Switzerland,CHE,1980,409.66183
Switzerland,CHE,1981,409.21817
Switzerland,CHE,1982,408.61703
Switzerland,CHE,1983,408.642
Switzerland,CHE,1984,408.9456
Switzerland,CHE,1985,408.904
Switzerland,CHE,1986,407.8558
Switzerland,CHE,1987,406.36914
Switzerland,CHE,1988,404.44983
Switzerland,CHE,1989,402.23904
Switzerland,CHE,1990,399.36404
Switzerland,CHE,1991,395.47192
Switzerland,CHE,1992,391.99713
Switzerland,CHE,1993,384.51416
Switzerland,CHE,1994,377.57446
Switzerland,CHE,1995,371.1964
Switzerland,CHE,1996,365.70172
Switzerland,CHE,1997,360.97354
Switzerland,CHE,1998,358.74762
Switzerland,CHE,1999,355.90103
Switzerland,CHE,2000,352.78363
Switzerland,CHE,2001,349.57977
Switzerland,CHE,2002,345.93842
Switzerland,CHE,2003,336.36023
Switzerland,CHE,2004,327.09863
Switzerland,CHE,2005,318.09692
Switzerland,CHE,2006,309.2488
Switzerland,CHE,2007,299.70654
Switzerland,CHE,2008,289.21207
Switzerland,CHE,2009,278.99445
Switzerland,CHE,2010,269.29547
Switzerland,CHE,2011,259.79575
Switzerland,CHE,2012,250.63364
Switzerland,CHE,2013,212.55185
Switzerland,CHE,2014,208.02821
Switzerland,CHE,2015,209.53813
Switzerland,CHE,2016,207.14275
Switzerland,CHE,2017,205.09537
Switzerland,CHE,2018,207.57732
Switzerland,CHE,2019,201.78317
Switzerland,CHE,2020,201.58365
Switzerland,CHE,2021,197.17415
Switzerland,CHE,2022,197.08418
Switzerland,CHE,2023,195.34277
Syria,SYR,1975,442.1285
Syria,SYR,1976,494.25858
Syria,SYR,1977,542.3095
Syria,SYR,1978,586.58484
Syria,SYR,1979,627.47266
Syria,SYR,1980,665.2281
Syria,SYR,1981,700.0577
Syria,SYR,1982,731.93384
Syria,SYR,1983,760.25916
Syria,SYR,1984,785.1128
Syria,SYR,1985,807.2692
Syria,SYR,1986,827.2003
Syria,SYR,1987,845.1487
Syria,SYR,1988,861.38885
Syria,SYR,1989,876.3311
Syria,SYR,1990,890.09314
Syria,SYR,1991,902.9047
Syria,SYR,1992,914.7329
Syria,SYR,1993,925.50665
Syria,SYR,1994,946.5406
Syria,SYR,1995,923.04736
Syria,SYR,1996,929.8111
Syria,SYR,1997,935.75226
Syria,SYR,1998,942.89575
Syria,SYR,1999,905.7151
Syria,SYR,2000,905.8842
Syria,SYR,2001,912.1865
Syria,SYR,2002,936.4947
Syria,SYR,2003,933.01605
Syria,SYR,2004,912.1347
Syria,SYR,2005,890.84296
Syria,SYR,2006,853.51025
Syria,SYR,2007,802.5426
Syria,SYR,2008,774.6332
Syria,SYR,2009,762.6347
Syria,SYR,2010,745.48914
Syria,SYR,2011,732.5959
Syria,SYR,2012,736.40485
Syria,SYR,2013,773.548
Syria,SYR,2014,826.7082
Syria,SYR,2015,862.8432
Syria,SYR,2016,873.21796
Syria,SYR,2017,871.8174
Syria,SYR,2018,856.09015
Syria,SYR,2019,823.46387
Syria,SYR,2020,796.2401
Syria,SYR,2021,774.9098
Syria,SYR,2022,746.16113
Syria,SYR,2023,710.34827
Tajikistan,TJK,1994,2038.1545
Tajikistan,TJK,1995,1921.0172
Tajikistan,TJK,1996,1810.2079
Tajikistan,TJK,1997,1716.0087
Tajikistan,TJK,1998,1633.6925
Tajikistan,TJK,1999,1553.4941
Tajikistan,TJK,2000,2006.2897
Tajikistan,TJK,2001,1495.4065
Tajikistan,TJK,2002,1525.5315
Tajikistan,TJK,2003,1553.921
Tajikistan,TJK,2004,1580.0692
Tajikistan,TJK,2005,1604.71
Tajikistan,TJK,2006,1628.7201
Tajikistan,TJK,2007,1552.8639
Tajikistan,TJK,2008,1478.4264
Tajikistan,TJK,2009,1405.3685
Tajikistan,TJK,2010,1333.4541
Tajikistan,TJK,2011,1262.785
Tajikistan,TJK,2012,1192.6836
Tajikistan,TJK,2013,1123.9895
Tajikistan,TJK,2014,1057.8246
Tajikistan,TJK,2015,1031.1389
Tajikistan,TJK,2016,986.8446
Tajikistan,TJK,2017,879.16
Tajikistan,TJK,2018,1050.1398
Tajikistan,TJK,2019,1112.4908
Tajikistan,TJK,2020,1015.4564
Tajikistan,TJK,2021,993.2869
Tajikistan,TJK,2022,972.28284
Tajikistan,TJK,2023,952.8577
Tanzania,TZA,1994,50.44603
Tanzania,TZA,1995,64.10038
Tanzania,TZA,1996,77.876175
Tanzania,TZA,1997,90.958046
Tanzania,TZA,1998,102.85558
Tanzania,TZA,1999,114.02196
Tanzania,TZA,2000,124.322685
Tanzania,TZA,2001,134.14444
Tanzania,TZA,2002,143.51642
Tanzania,TZA,2003,139.7698
Tanzania,TZA,2004,136.02847
Tanzania,TZA,2005,132.30539
Tanzania,TZA,2006,128.6515
Tanzania,TZA,2007,125.11008
Tanzania,TZA,2008,121.77382
Tanzania,TZA,2009,118.80649
Tanzania,TZA,2010,115.82161
Tanzania,TZA,2011,112.62375
Tanzania,TZA,2012,109.42651
Tanzania,TZA,2013,106.17701
Tanzania,TZA,2014,102.95619
Tanzania,TZA,2015,99.65214
Tanzania,TZA,2016,96.31389
Tanzania,TZA,2017,93.1488
Tanzania,TZA,2018,90.25518
Tanzania,TZA,2019,87.60472
Tanzania,TZA,2020,85.02152
Tanzania,TZA,2021,82.50781
Tanzania,TZA,2022,80.10901
Tanzania,TZA,2023,77.81727
Thailand,THA,2007,854.0083
Thailand,THA,2008,847.47327
Thailand,THA,2009,841.2374
Thailand,THA,2010,835.6148
Thailand,THA,2011,830.435
Thailand,THA,2012,825.3056
Thailand,THA,2013,820.47253
Thailand,THA,2014,816.1345
Thailand,THA,2015,812.381
Thailand,THA,2016,808.7232
Thailand,THA,2017,805.3099
Thailand,THA,2018,802.874
Thailand,THA,2019,801.233
Thailand,THA,2020,799.89966
Thailand,THA,2021,798.9423
Thailand,THA,2022,798.8532
Thailand,THA,2023,799.2197
Togo,TGO,1987,24.880325
Togo,TGO,1988,25.744808
Togo,TGO,1989,26.549486
Togo,TGO,1990,27.296917
Togo,TGO,1991,27.992573
Togo,TGO,1992,28.641327
Togo,TGO,1993,30.257658
Togo,TGO,1994,31.579655
Togo,TGO,1995,31.60634
Togo,TGO,1996,31.775007
Togo,TGO,1997,32.066
Togo,TGO,1998,32.414513
Togo,TGO,1999,32.721317
Togo,TGO,2000,33.008846
Togo,TGO,2001,32.086617
Togo,TGO,2002,31.219557
Togo,TGO,2003,33.680546
Togo,TGO,2004,35.986958
Togo,TGO,2005,38.154675
Togo,TGO,2006,37.1007
Togo,TGO,2007,36.03549
Togo,TGO,2008,35.014378
Togo,TGO,2009,34.036106
Togo,TGO,2010,33.122467
Togo,TGO,2011,32.241863
Togo,TGO,2012,31.405195
Togo,TGO,2013,30.608988
Togo,TGO,2014,29.842955
Togo,TGO,2015,29.100132
Togo,TGO,2016,28.377678
Togo,TGO,2017,27.677317
Togo,TGO,2018,27.001574
Togo,TGO,2019,26.349783
Togo,TGO,2020,25.721706
Togo,TGO,2021,25.117199
Togo,TGO,2022,24.53316
Togo,TGO,2023,23.967316
Trinidad and Tobago,TTO,1997,227.44041
Trinidad and Tobago,TTO,1998,231.00366
Trinidad and Tobago,TTO,1999,234.526
Trinidad and Tobago,TTO,2000,237.91943
Trinidad and Tobago,TTO,2001,241.557
Trinidad and Tobago,TTO,2002,245.0431
Trinidad and Tobago,TTO,2003,248.44823
Trinidad and Tobago,TTO,2004,251.82477
Trinidad and Tobago,TTO,2005,255.171
Trinidad and Tobago,TTO,2006,258.6054
Trinidad and Tobago,TTO,2007,262.00345
Trinidad and Tobago,TTO,2008,265.36267
Trinidad and Tobago,TTO,2009,268.63788
Trinidad and Tobago,TTO,2010,271.7573
Trinidad and Tobago,TTO,2011,274.6987
Trinidad and Tobago,TTO,2012,272.97162
Trinidad and Tobago,TTO,2013,271.26266
Trinidad and Tobago,TTO,2014,269.6443
Trinidad and Tobago,TTO,2015,268.12418
Trinidad and Tobago,TTO,2016,266.66183
Trinidad and Tobago,TTO,2017,265.14252
Trinidad and Tobago,TTO,2018,260.58835
Trinidad and Tobago,TTO,2019,258.06555
Trinidad and Tobago,TTO,2020,258.74
Trinidad and Tobago,TTO,2021,257.57578
Trinidad and Tobago,TTO,2022,256.16318
Trinidad and Tobago,TTO,2023,254.9682
Tunisia,TUN,1975,183.24234
Tunisia,TUN,1976,206.10326
Tunisia,TUN,1977,227.74786
Tunisia,TUN,1978,248.51848
Tunisia,TUN,1979,268.56992
Tunisia,TUN,1980,287.60883
Tunisia,TUN,1981,292.97375
Tunisia,TUN,1982,298.17725
Tunisia,TUN,1983,303.38257
Tunisia,TUN,1984,307.47733
Tunisia,TUN,1985,310.39542
Tunisia,TUN,1986,323.0135
Tunisia,TUN,1987,335.0455
Tunisia,TUN,1988,346.7328
Tunisia,TUN,1989,358.20926
Tunisia,TUN,1990,369.39114
Tunisia,TUN,1991,356.55865
Tunisia,TUN,1992,344.11703
Tunisia,TUN,1993,332.3809
Tunisia,TUN,1994,321.6296
Tunisia,TUN,1995,311.85672
Tunisia,TUN,1996,302.71887
Tunisia,TUN,1997,294.0368
Tunisia,TUN,1998,285.77817
Tunisia,TUN,1999,277.9008
Tunisia,TUN,2000,270.3551
Tunisia,TUN,2001,288.76324
Tunisia,TUN,2002,290.37714
Tunisia,TUN,2003,292.0083
Tunisia,TUN,2004,293.76865
Tunisia,TUN,2005,295.64703
Tunisia,TUN,2006,297.44617
Tunisia,TUN,2007,299.08917
Tunisia,TUN,2008,300.54156
Tunisia,TUN,2009,301.76477
Tunisia,TUN,2010,302.75925
Tunisia,TUN,2011,303.59998
Tunisia,TUN,2012,308.57666
Tunisia,TUN,2013,313.2149
Tunisia,TUN,2014,317.71054
Tunisia,TUN,2015,322.24127
Tunisia,TUN,2016,326.71582
Tunisia,TUN,2017,310.373
Tunisia,TUN,2018,326.77704
Tunisia,TUN,2019,323.38306
Tunisia,TUN,2020,300.64163
Tunisia,TUN,2021,307.88748
Tunisia,TUN,2022,310.64746
Tunisia,TUN,2023,315.4192
Turkey,TUR,1992,544.9204
Turkey,TUR,1993,547.0386
Turkey,TUR,1994,548.8512
Turkey,TUR,1995,550.9994
Turkey,TUR,1996,553.65063
Turkey,TUR,1997,556.44324
Turkey,TUR,1998,559.3359
Turkey,TUR,1999,562.3575
Turkey,TUR,2000,601.7489
Turkey,TUR,2001,572.78174
Turkey,TUR,2002,572.76196
Turkey,TUR,2003,572.26904
Turkey,TUR,2004,534.4307
Turkey,TUR,2005,543.282
Turkey,TUR,2006,552.1138
Turkey,TUR,2007,555.006
Turkey,TUR,2008,587.04065
Turkey,TUR,2009,593.54987
Turkey,TUR,2010,606.59796
Turkey,TUR,2011,635.6514
Turkey,TUR,2012,641.9787
Turkey,TUR,2013,662.93835
Turkey,TUR,2014,656.91345
Turkey,TUR,2015,696.045
Turkey,TUR,2016,710.5881
Turkey,TUR,2017,692.05756
Turkey,TUR,2018,703.48065
Turkey,TUR,2019,728.49304
Turkey,TUR,2020,722.3956
Turkey,TUR,2021,716.4457
Turkey,TUR,2022,741.6583
Turkey,TUR,2023,739.8564
Turkmenistan,TKM,1994,5776.039
Turkmenistan,TKM,1995,5718.2104
Turkmenistan,TKM,1996,5664.9604
Turkmenistan,TKM,1997,5613.112
Turkmenistan,TKM,1998,5561.8857
Turkmenistan,TKM,1999,5502.667
Turkmenistan,TKM,2000,5435.0547
Turkmenistan,TKM,2001,5452.9414
Turkmenistan,TKM,2002,5468.6147
Turkmenistan,TKM,2003,5483.293
Turkmenistan,TKM,2004,5638.0547
Turkmenistan,TKM,2005,5535.673
Turkmenistan,TKM,2006,5436.3145
Turkmenistan,TKM,2007,5338.421
Turkmenistan,TKM,2008,5240.115
Turkmenistan,TKM,2009,5140.188
Turkmenistan,TKM,2010,5038.4717
Turkmenistan,TKM,2011,4935.322
Turkmenistan,TKM,2012,4831.353
Turkmenistan,TKM,2013,4727.2544
Turkmenistan,TKM,2014,4623.7217
Turkmenistan,TKM,2015,4521.412
Turkmenistan,TKM,2016,4420.9937
Turkmenistan,TKM,2017,4434.598
Turkmenistan,TKM,2018,4038.7505
Turkmenistan,TKM,2019,4072.3584
Turkmenistan,TKM,2020,3776.2637
Turkmenistan,TKM,2021,2450.6145
Turkmenistan,TKM,2022,2403.79
Turkmenistan,TKM,2023,2359.9717
Uganda,UGA,1970,19.376835
Uganda,UGA,1971,19.242422
Uganda,UGA,1972,19.16626
Uganda,UGA,1973,19.10943
Uganda,UGA,1974,19.0182
Uganda,UGA,1975,18.8994
Uganda,UGA,1976,18.768337
Uganda,UGA,1977,18.62833
Uganda,UGA,1978,18.480768
Uganda,UGA,1979,18.372328
Uganda,UGA,1980,18.319128
Uganda,UGA,1981,18.258465
Uganda,UGA,1982,18.152422
Uganda,UGA,1983,18.01168
Uganda,UGA,1984,17.831718
Uganda,UGA,1985,17.625507
Uganda,UGA,1986,17.398973
Uganda,UGA,1987,17.139093
Uganda,UGA,1988,16.864107
Uganda,UGA,1989,16.582506
Uganda,UGA,1990,16.300608
Uganda,UGA,1991,16.012424
Uganda,UGA,1992,15.706121
Uganda,UGA,1993,15.39509
Uganda,UGA,1994,15.101845
Uganda,UGA,1995,14.903946
Uganda,UGA,1996,14.710184
Uganda,UGA,1997,14.487525
Uganda,UGA,1998,14.254874
Uganda,UGA,1999,13.986158
Uganda,UGA,2000,13.733248
Uganda,UGA,2001,13.965066
Uganda,UGA,2002,14.160178
Uganda,UGA,2003,15.462068
Uganda,UGA,2004,16.695812
Uganda,UGA,2005,17.85466
Uganda,UGA,2006,18.93392
Uganda,UGA,2007,19.933332
Uganda,UGA,2008,20.858196
Uganda,UGA,2009,20.253632
Uganda,UGA,2010,19.666077
Uganda,UGA,2011,19.097849
Uganda,UGA,2012,18.55118
Uganda,UGA,2013,18.02641
Uganda,UGA,2014,17.502146
Uganda,UGA,2015,16.972435
Uganda,UGA,2016,16.417885
Uganda,UGA,2017,15.85469
Uganda,UGA,2018,15.325088
Uganda,UGA,2019,14.814078
Uganda,UGA,2020,14.328403
Uganda,UGA,2021,13.874692
Uganda,UGA,2022,13.46361
Uganda,UGA,2023,13.091748
Ukraine,UKR,1992,496.90704
Ukraine,UKR,1993,478.26056
Ukraine,UKR,1994,462.2475
Ukraine,UKR,1995,447.242
Ukraine,UKR,1996,432.24054
Ukraine,UKR,1997,416.97772
Ukraine,UKR,1998,401.19308
Ukraine,UKR,1999,385.12143
Ukraine,UKR,2000,368.8707
Ukraine,UKR,2001,359.26144
Ukraine,UKR,2002,349.2882
Ukraine,UKR,2003,338.66406
Ukraine,UKR,2004,327.69824
Ukraine,UKR,2005,316.9029
Ukraine,UKR,2006,318.02063
Ukraine,UKR,2007,318.4681
Ukraine,UKR,2008,319.1171
Ukraine,UKR,2009,319.43817
Ukraine,UKR,2010,319.6573
Ukraine,UKR,2011,302.24896
Ukraine,UKR,2012,284.5052
Ukraine,UKR,2013,266.60223
Ukraine,UKR,2014,249.01909
Ukraine,UKR,2015,210.81187
Ukraine,UKR,2016,216.19212
Ukraine,UKR,2017,246.54437
Ukraine,UKR,2018,247.78304
Ukraine,UKR,2019,246.1883
Ukraine,UKR,2020,218.57648
Ukraine,UKR,2021,189.39633
Ukraine,UKR,2022,118.85619
Ukraine,UKR,2023,150.1875
United Arab Emirates,ARE,1980,886.08844
United Arab Emirates,ARE,1981,891.5115
United Arab Emirates,ARE,1982,909.71704
United Arab Emirates,ARE,1983,924.14386
United Arab Emirates,ARE,1984,935.78644
United Arab Emirates,ARE,1985,945.3921
United Arab Emirates,ARE,1986,942.6305
United Arab Emirates,ARE,1987,929.8008
United Arab Emirates,ARE,1988,918.22906
United Arab Emirates,ARE,1989,907.78534
United Arab Emirates,ARE,1990,898.3855
United Arab Emirates,ARE,1991,889.98505
United Arab Emirates,ARE,1992,882.5713
United Arab Emirates,ARE,1993,876.1708
United Arab Emirates,ARE,1994,870.8346
United Arab Emirates,ARE,1995,865.8284
United Arab Emirates,ARE,1996,872.82544
United Arab Emirates,ARE,1997,861.23083
United Arab Emirates,ARE,1998,850.42816
United Arab Emirates,ARE,1999,840.4386
United Arab Emirates,ARE,2000,831.26874
United Arab Emirates,ARE,2001,822.611
United Arab Emirates,ARE,2002,814.2974
United Arab Emirates,ARE,2003,806.44836
United Arab Emirates,ARE,2004,833.0385
United Arab Emirates,ARE,2005,857.05896
United Arab Emirates,ARE,2006,816.7765
United Arab Emirates,ARE,2007,743.98267
United Arab Emirates,ARE,2008,678.7519
United Arab Emirates,ARE,2009,651.7404
United Arab Emirates,ARE,2010,643.46246
United Arab Emirates,ARE,2011,633.0911
United Arab Emirates,ARE,2012,620.39923
United Arab Emirates,ARE,2013,605.7986
United Arab Emirates,ARE,2014,587.3389
United Arab Emirates,ARE,2015,568.45654
United Arab Emirates,ARE,2016,556.3656
United Arab Emirates,ARE,2017,541.6498
United Arab Emirates,ARE,2018,544.40656
United Arab Emirates,ARE,2019,536.7063
United Arab Emirates,ARE,2020,527.2053
United Arab Emirates,ARE,2021,500.62994
United Arab Emirates,ARE,2022,507.4235
United Arab Emirates,ARE,2023,462.2658
United Kingdom,GBR,1980,240.04079
United Kingdom,GBR,1981,232.91173
United Kingdom,GBR,1982,225.92606
United Kingdom,GBR,1983,218.73868
United Kingdom,GBR,1984,211.26169
United Kingdom,GBR,1985,203.68716
United Kingdom,GBR,1986,204.99747
United Kingdom,GBR,1987,206.34242
United Kingdom,GBR,1988,207.65767
United Kingdom,GBR,1989,208.91139
United Kingdom,GBR,1990,210.04791
United Kingdom,GBR,1991,209.6075
United Kingdom,GBR,1992,209.2542
United Kingdom,GBR,1993,208.98346
United Kingdom,GBR,1994,208.71262
United Kingdom,GBR,1995,208.40987
United Kingdom,GBR,1996,209.252
United Kingdom,GBR,1997,210.07346
United Kingdom,GBR,1998,210.77849
United Kingdom,GBR,1999,211.36383
United Kingdom,GBR,2000,275.59094
United Kingdom,GBR,2001,255.93674
United Kingdom,GBR,2002,233.99095
United Kingdom,GBR,2003,211.47195
United Kingdom,GBR,2004,194.70953
United Kingdom,GBR,2005,169.69737
United Kingdom,GBR,2006,212.7726
United Kingdom,GBR,2007,138.34212
United Kingdom,GBR,2008,131.24864
United Kingdom,GBR,2009,128.89915
United Kingdom,GBR,2010,127.46942
United Kingdom,GBR,2011,120.95869
United Kingdom,GBR,2012,128.42305
United Kingdom,GBR,2013,117.31902
United Kingdom,GBR,2014,109.59839
United Kingdom,GBR,2015,124.797134
United Kingdom,GBR,2016,127.78223
United Kingdom,GBR,2017,126.89423
United Kingdom,GBR,2018,126.13764
United Kingdom,GBR,2019,125.46386
United Kingdom,GBR,2020,125.01511
United Kingdom,GBR,2021,124.42959
United Kingdom,GBR,2022,123.49786
United Kingdom,GBR,2023,122.59226
United States,USA,1980,2252.2537
United States,USA,1981,2247.8667
United States,USA,1982,2243.1982
United States,USA,1983,2238.419
United States,USA,1984,2234.0679
United States,USA,1985,2230.0894
United States,USA,1986,2226.027
United States,USA,1987,2222.5437
United States,USA,1988,2218.904
United States,USA,1989,2214.8882
United States,USA,1990,2207.3105
United States,USA,1991,2164.9817
United States,USA,1992,2123.3643
United States,USA,1993,2083.5913
United States,USA,1994,2046.1547
United States,USA,1995,2010.3396
United States,USA,1996,2008.3485
United States,USA,1997,2006.7451
United States,USA,1998,2004.8527
United States,USA,1999,2002.8895
United States,USA,2000,2000.7325
United States,USA,2001,1980.5912
United States,USA,2002,1960.7792
United States,USA,2003,1941.2229
United States,USA,2004,1921.687
United States,USA,2005,1902.1951
United States,USA,2006,1831.0677
United States,USA,2007,1760.7749
United States,USA,2008,1691.8505
United States,USA,2009,1624.7097
United States,USA,2010,1557.1951
United States,USA,2011,1517.9778
United States,USA,2012,1477.935
United States,USA,2013,1438.7123
United States,USA,2014,1400.1768
United States,USA,2015,1349.1674
United States,USA,2016,1349.6895
United States,USA,2017,1337.3984
United States,USA,2018,1326.0151
United States,USA,2019,1315.2844
United States,USA,2020,1308.9059
United States,USA,2021,1306.1151
United States,USA,2022,1300.866
United States,USA,2023,1293.506
Uruguay,URY,1965,242.43152
Uruguay,URY,1966,271.82288
Uruguay,URY,1967,300.84796
Uruguay,URY,1968,329.62973
Uruguay,URY,1969,358.33075
Uruguay,URY,1970,386.98492
Uruguay,URY,1971,415.46973
Uruguay,URY,1972,443.7129
Uruguay,URY,1973,471.60275
Uruguay,URY,1974,498.95865
Uruguay,URY,1975,525.70746
Uruguay,URY,1976,551.98315
Uruguay,URY,1977,578.11383
Uruguay,URY,1978,604.29675
Uruguay,URY,1979,630.63306
Uruguay,URY,1980,657.192
Uruguay,URY,1981,683.7097
Uruguay,URY,1982,709.7986
Uruguay,URY,1983,735.4175
Uruguay,URY,1984,760.70245
Uruguay,URY,1985,785.53894
Uruguay,URY,1986,809.80084
Uruguay,URY,1987,833.4709
Uruguay,URY,1988,856.59485
Uruguay,URY,1989,879.38306
Uruguay,URY,1990,901.94476
Uruguay,URY,1991,924.3028
Uruguay,URY,1992,946.5868
Uruguay,URY,1993,968.842
Uruguay,URY,1994,990.91235
Uruguay,URY,1995,1012.717
Uruguay,URY,1996,1034.2062
Uruguay,URY,1997,1055.4253
Uruguay,URY,1998,1076.7827
Uruguay,URY,1999,1098.3353
Uruguay,URY,2000,1120.566
Uruguay,URY,2001,1128.355
Uruguay,URY,2002,1137.2942
Uruguay,URY,2003,1147.0101
Uruguay,URY,2004,1156.8385
Uruguay,URY,2005,1166.42
Uruguay,URY,2006,1175.5889
Uruguay,URY,2007,1184.0498
Uruguay,URY,2008,1191.984
Uruguay,URY,2009,1199.5624
Uruguay,URY,2010,1206.8953
Uruguay,URY,2011,1214.2799
Uruguay,URY,2012,1221.5065
Uruguay,URY,2013,1228.1967
Uruguay,URY,2014,1234.4568
Uruguay,URY,2015,1240.4236
Uruguay,URY,2016,1246.5027
Uruguay,URY,2017,1253.322
Uruguay,URY,2018,1261.2397
Uruguay,URY,2019,1270.4086
Uruguay,URY,2020,1279.9052
Uruguay,URY,2021,1300.9987
Uruguay,URY,2022,1329.2743
Uruguay,URY,2023,1284.2231
Uzbekistan,UZB,1994,2584.4387
Uzbekistan,UZB,1995,2548.9468
Uzbekistan,UZB,1996,2516.9783
Uzbekistan,UZB,1997,2489.046
Uzbekistan,UZB,1998,2465.2178
Uzbekistan,UZB,1999,2445.6018
Uzbekistan,UZB,2000,2429.465
Uzbekistan,UZB,2001,2414.4805
Uzbekistan,UZB,2002,2339.9624
Uzbekistan,UZB,2003,2267.1
Uzbekistan,UZB,2004,2195.4062
Uzbekistan,UZB,2005,2124.6748
Uzbekistan,UZB,2006,2079.9539
Uzbekistan,UZB,2007,2033.7399
Uzbekistan,UZB,2008,1985.7712
Uzbekistan,UZB,2009,1937.4521
Uzbekistan,UZB,2010,1890.5383
Uzbekistan,UZB,2011,1845.62
Uzbekistan,UZB,2012,1801.9828
Uzbekistan,UZB,2013,1758.2461
Uzbekistan,UZB,2014,1713.7614
Uzbekistan,UZB,2015,1793.0787
Uzbekistan,UZB,2016,1743.9908
Uzbekistan,UZB,2017,1851.085
Uzbekistan,UZB,2018,1743.34
Uzbekistan,UZB,2019,1637.3878
Uzbekistan,UZB,2020,1527.4053
Uzbekistan,UZB,2021,1276.1473
Uzbekistan,UZB,2022,1273.65
Uzbekistan,UZB,2023,1248.166
Venezuela,VEN,1970,360.03473
Venezuela,VEN,1971,363.29672
Venezuela,VEN,1972,366.2182
Venezuela,VEN,1973,368.78857
Venezuela,VEN,1974,370.99725
Venezuela,VEN,1975,372.8352
Venezuela,VEN,1976,374.2991
Venezuela,VEN,1977,375.4095
Venezuela,VEN,1978,376.2141
Venezuela,VEN,1979,376.77106
Venezuela,VEN,1980,377.15414
Venezuela,VEN,1981,377.38623
Venezuela,VEN,1982,377.4772
Venezuela,VEN,1983,377.43222
Venezuela,VEN,1984,377.2497
Venezuela,VEN,1985,376.94785
Venezuela,VEN,1986,376.46143
Venezuela,VEN,1987,375.80887
Venezuela,VEN,1988,375.09683
Venezuela,VEN,1989,374.3842
Venezuela,VEN,1990,373.70233
Venezuela,VEN,1991,373.05634
Venezuela,VEN,1992,372.4729
Venezuela,VEN,1993,371.95898
Venezuela,VEN,1994,371.51715
Venezuela,VEN,1995,371.12808
Venezuela,VEN,1996,370.76065
Venezuela,VEN,1997,370.38763
Venezuela,VEN,1998,370.0282
Venezuela,VEN,1999,369.7503
Venezuela,VEN,2000,369.5604
Venezuela,VEN,2001,442.2968
Venezuela,VEN,2002,512.3899
Venezuela,VEN,2003,579.9866
Venezuela,VEN,2004,645.4563
Venezuela,VEN,2005,708.8195
Venezuela,VEN,2006,764.2439
Venezuela,VEN,2007,818.3299
Venezuela,VEN,2008,806.53546
Venezuela,VEN,2009,795.6278
Venezuela,VEN,2010,785.2782
Venezuela,VEN,2011,775.2659
Venezuela,VEN,2012,765.5963
Venezuela,VEN,2013,756.4238
Venezuela,VEN,2014,747.87604
Venezuela,VEN,2015,740.051
Venezuela,VEN,2016,735.43866
Venezuela,VEN,2017,740.26044
Venezuela,VEN,2018,759.0784
Venezuela,VEN,2019,781.8862
Venezuela,VEN,2020,795.4661
Venezuela,VEN,2021,801.27625
Venezuela,VEN,2022,801.9809
Venezuela,VEN,2023,799.49176
Vietnam,VNM,1980,721.2789
Vietnam,VNM,1981,732.1057
Vietnam,VNM,1982,742.10223
Vietnam,VNM,1983,750.9329
Vietnam,VNM,1984,758.81104
Vietnam,VNM,1985,766.50055
Vietnam,VNM,1986,770.86786
Vietnam,VNM,1987,775.6673
Vietnam,VNM,1988,780.0172
Vietnam,VNM,1989,783.6396
Vietnam,VNM,1990,786.4797
Vietnam,VNM,1991,800.511
Vietnam,VNM,1992,814.19464
Vietnam,VNM,1993,827.8459
Vietnam,VNM,1994,841.6754
Vietnam,VNM,1995,855.8786
Vietnam,VNM,1996,870.6765
Vietnam,VNM,1997,885.4635
Vietnam,VNM,1998,899.8022
Vietnam,VNM,1999,914.7559
Vietnam,VNM,2000,930.78766
Vietnam,VNM,2001,947.2593
Vietnam,VNM,2002,963.54266
Vietnam,VNM,2003,979.6368
Vietnam,VNM,2004,995.61646
Vietnam,VNM,2005,1011.6131
Vietnam,VNM,2006,996.0946
Vietnam,VNM,2007,976.4523
Vietnam,VNM,2008,956.62164
Vietnam,VNM,2009,940.2959
Vietnam,VNM,2010,927.50397
Vietnam,VNM,2011,914.8134
Vietnam,VNM,2012,902.1191
Vietnam,VNM,2013,889.5135
Vietnam,VNM,2014,876.782
Vietnam,VNM,2015,864.0076
Vietnam,VNM,2016,853.1904
Vietnam,VNM,2017,842.64075
Vietnam,VNM,2018,833.35657
Vietnam,VNM,2019,825.32556
Vietnam,VNM,2020,817.7066
Vietnam,VNM,2021,810.63245
Vietnam,VNM,2022,804.56934
Vietnam,VNM,2023,799.18536
Western Asia (FAO),,2001,871.77264
Western Asia (FAO),,2002,852.19244
Western Asia (FAO),,2003,835.77893
Western Asia (FAO),,2004,810.6461
Western Asia (FAO),,2005,794.6797
Western Asia (FAO),,2006,779.94403
Western Asia (FAO),,2007,753.87274
Western Asia (FAO),,2008,734.0542
Western Asia (FAO),,2009,708.7186
Western Asia (FAO),,2010,688.91425
Western Asia (FAO),,2011,678.93024
Western Asia (FAO),,2012,663.91315
Western Asia (FAO),,2013,657.6241
Western Asia (FAO),,2014,641.0547
Western Asia (FAO),,2015,631.11084
Western Asia (FAO),,2016,638.34845
Western Asia (FAO),,2017,639.4614
Western Asia (FAO),,2018,611.7077
Western Asia (FAO),,2019,697.4019
Western Asia (FAO),,2020,696.2443
Western Asia (FAO),,2021,681.5008
Western Asia (FAO),,2022,646.7258
Western Asia (FAO),,2023,632.19476
Western Asia and Northern Africa (FAO),,2001,770.6468
Western Asia and Northern Africa (FAO),,2002,761.182
Western Asia and Northern Africa (FAO),,2003,749.0768
Western Asia and Northern Africa (FAO),,2004,732.5489
Western Asia and Northern Africa (FAO),,2005,720.6364
Western Asia and Northern Africa (FAO),,2006,709.299
Western Asia and Northern Africa (FAO),,2007,692.16565
Western Asia and Northern Africa (FAO),,2008,678.069
Western Asia and Northern Africa (FAO),,2009,660.9551
Western Asia and Northern Africa (FAO),,2010,646.70074
Western Asia and Northern Africa (FAO),,2011,623.33105
Western Asia and Northern Africa (FAO),,2012,625.4633
Western Asia and Northern Africa (FAO),,2013,619.03937
Western Asia and Northern Africa (FAO),,2014,606.6349
Western Asia and Northern Africa (FAO),,2015,597.6768
Western Asia and Northern Africa (FAO),,2016,597.25146
Western Asia and Northern Africa (FAO),,2017,600.3082
Western Asia and Northern Africa (FAO),,2018,581.1795
Western Asia and Northern Africa (FAO),,2019,622.2978
Western Asia and Northern Africa (FAO),,2020,617.3635
Western Asia and Northern Africa (FAO),,2021,604.58203
Western Asia and Northern Africa (FAO),,2022,583.1077
Western Asia and Northern Africa (FAO),,2023,572.3439
World,OWID_WRL,2001,573.29065
World,OWID_WRL,2002,572.73785
World,OWID_WRL,2003,571.50684
World,OWID_WRL,2004,569.163
World,OWID_WRL,2005,569.0788
World,OWID_WRL,2006,577.84235
World,OWID_WRL,2007,580.4642
World,OWID_WRL,2008,585.6467
World,OWID_WRL,2009,578.0224
World,OWID_WRL,2010,574.39874
World,OWID_WRL,2011,567.9865
World,OWID_WRL,2012,560.59296
World,OWID_WRL,2013,553.4952
World,OWID_WRL,2014,546.72974
World,OWID_WRL,2015,538.64624
World,OWID_WRL,2016,535.0389
World,OWID_WRL,2017,531.52716
World,OWID_WRL,2018,525.6369
World,OWID_WRL,2019,522.7244
World,OWID_WRL,2020,513.04034
World,OWID_WRL,2021,508.38266
World,OWID_WRL,2022,504.84247
World,OWID_WRL,2023,499.68127
Yemen,YEM,1990,211.11961
Yemen,YEM,1991,206.42818
Yemen,YEM,1992,201.84804
Yemen,YEM,1993,197.40535
Yemen,YEM,1994,193.14952
Yemen,YEM,1995,189.12718
Yemen,YEM,1996,185.56964
Yemen,YEM,1997,182.36609
Yemen,YEM,1998,179.2474
Yemen,YEM,1999,176.21136
Yemen,YEM,2000,173.256
Yemen,YEM,2001,169.73079
Yemen,YEM,2002,166.354
Yemen,YEM,2003,163.07504
Yemen,YEM,2004,159.85396
Yemen,YEM,2005,156.42767
Yemen,YEM,2006,151.42451
Yemen,YEM,2007,146.59874
Yemen,YEM,2008,141.96434
Yemen,YEM,2009,137.4976
Yemen,YEM,2010,133.24918
Yemen,YEM,2011,129.24675
Yemen,YEM,2012,125.37962
Yemen,YEM,2013,121.61859
Yemen,YEM,2014,117.94361
Yemen,YEM,2015,114.41178
Yemen,YEM,2016,111.02802
Yemen,YEM,2017,107.733475
Yemen,YEM,2018,104.590904
Yemen,YEM,2019,101.53395
Yemen,YEM,2020,98.65818
Yemen,YEM,2021,95.98756
Yemen,YEM,2022,93.26875
Yemen,YEM,2023,90.50337
Zambia,ZMB,1992,213.6564
Zambia,ZMB,1993,206.17581
Zambia,ZMB,1994,198.921
Zambia,ZMB,1995,192.42303
Zambia,ZMB,1996,186.04585
Zambia,ZMB,1997,179.68375
Zambia,ZMB,1998,173.40883
Zambia,ZMB,1999,167.23982
Zambia,ZMB,2000,161.06601
Zambia,ZMB,2001,156.93365
Zambia,ZMB,2002,152.82175
Zambia,ZMB,2003,162.3617
Zambia,ZMB,2004,171.04941
Zambia,ZMB,2005,178.8123
Zambia,ZMB,2006,185.6248
Zambia,ZMB,2007,191.61214
Zambia,ZMB,2008,196.88472
Zambia,ZMB,2009,201.60846
Zambia,ZMB,2010,205.9242
Zambia,ZMB,2011,209.99956
Zambia,ZMB,2012,213.76471
Zambia,ZMB,2013,217.16249
Zambia,ZMB,2014,220.20082
Zambia,ZMB,2015,222.95375
Zambia,ZMB,2016,225.38843
Zambia,ZMB,2017,227.52821
Zambia,ZMB,2018,229.47414
Zambia,ZMB,2019,231.20792
Zambia,ZMB,2020,232.7788
Zambia,ZMB,2021,234.2783
Zambia,ZMB,2022,232.27382
Zambia,ZMB,2023,230.453
Zimbabwe,ZWE,1987,131.39977
Zimbabwe,ZWE,1988,148.07327
Zimbabwe,ZWE,1989,164.01756
Zimbabwe,ZWE,1990,179.23938
Zimbabwe,ZWE,1991,193.75644
Zimbabwe,ZWE,1992,206.95714
Zimbabwe,ZWE,1993,222.27773
Zimbabwe,ZWE,1994,240.31677
Zimbabwe,ZWE,1995,256.22806
Zimbabwe,ZWE,1996,269.84253
Zimbabwe,ZWE,1997,282.32617
Zimbabwe,ZWE,1998,294.02386
Zimbabwe,ZWE,1999,306.19196
Zimbabwe,ZWE,2000,320.1297
Zimbabwe,ZWE,2001,334.61685
Zimbabwe,ZWE,2002,347.87564
Zimbabwe,ZWE,2003,333.37906
Zimbabwe,ZWE,2004,319.50778
Zimbabwe,ZWE,2005,306.32602
Zimbabwe,ZWE,2006,292.56647
Zimbabwe,ZWE,2007,278.81787
Zimbabwe,ZWE,2008,273.7998
Zimbabwe,ZWE,2009,268.3163
Zimbabwe,ZWE,2010,262.39096
Zimbabwe,ZWE,2011,256.1781
Zimbabwe,ZWE,2012,250.47697
Zimbabwe,ZWE,2013,245.42044
Zimbabwe,ZWE,2014,240.54349
Zimbabwe,ZWE,2015,235.82866
Zimbabwe,ZWE,2016,232.98846
Zimbabwe,ZWE,2017,225.42474
Zimbabwe,ZWE,2018,250.84929
Zimbabwe,ZWE,2019,277.39914
Zimbabwe,ZWE,2020,316.205
Zimbabwe,ZWE,2021,310.7941
Zimbabwe,ZWE,2022,305.5363
Zimbabwe,ZWE,2023,300.45486