STRUCTURE,STRUCTURE_ID,STRUCTURE_NAME,ACTION,REF_AREA,Reference area,FREQ,Frequency of observation,POLLUTANT,Pollutant,MEASURE,Measure,UNIT_MEASURE,Unit of measure,TIME_PERIOD,Time period,OBS_VALUE,Observation value,OBS_STATUS,Observation status,UNIT_MULT,Unit multiplier,PRICE_BASE,Price base,BASE_PER,Base period,DECIMALS,Decimals,CONVERSION_TYPE,Conversion type
DATAFLOW,OECD.ENV.EPI:DSD_AIR_GHG@DF_AIR_GHG(1.0),Air emissions - Greenhouse gas emissions Inventories,I,EST,Estonia,A,Annual,GHG,Greenhouse gases,_T,Total emissions excluding LULUCF,T_CO2E,Tonnes of CO2-equivalent,2024,,10240.615555971,,A,Normal value,3,Thousands,,,,,2,Two,,
DATAFLOW,OECD.ENV.EPI:DSD_AIR_GHG@DF_AIR_GHG(1.0),Air emissions - Greenhouse gas emissions Inventories,I,ISL,Iceland,A,Annual,GHG,Greenhouse gases,_T,Total emissions excluding LULUCF,T_CO2E,Tonnes of CO2-equivalent,2024,,4779.0434641578,,A,Normal value,3,Thousands,,,,,2,Two,,
DATAFLOW,OECD.ENV.EPI:DSD_AIR_GHG@DF_AIR_GHG(1.0),Air emissions - Greenhouse gas emissions Inventories,I,ISR,Israel,A,Annual,GHG,Greenhouse gases,_T,Total emissions excluding LULUCF,T_CO2E,Tonnes of CO2-equivalent,2024,,78523.19,,A,Normal value,3,Thousands,,,,,2,Two,,
DATAFLOW,OECD.ENV.EPI:DSD_AIR_GHG@DF_AIR_GHG(1.0),Air emissions - Greenhouse gas emissions Inventories,I,LIE,Liechtenstein,A,Annual,GHG,Greenhouse gases,_T,Total emissions excluding LULUCF,T_CO2E,Tonnes of CO2-equivalent,2024,,150.98848583839,,A,Normal value,3,Thousands,,,,,2,Two,,
DATAFLOW,OECD.ENV.EPI:DSD_AIR_GHG@DF_AIR_GHG(1.0),Air emissions - Greenhouse gas emissions Inventories,I,MLT,Malta,A,Annual,GHG,Greenhouse gases,_T,Total emissions excluding LULUCF,T_CO2E,Tonnes of CO2-equivalent,2024,,2170.2109329055,,A,Normal value,3,Thousands,,,,,2,Two,,
DATAFLOW,OECD.ENV.EPI:DSD_AIR_GHG@DF_AIR_GHG(1.0),Air emissions - Greenhouse gas emissions Inventories,I,MCO,Monaco,A,Annual,GHG,Greenhouse gases,_T,Total emissions excluding LULUCF,T_CO2E,Tonnes of CO2-equivalent,2024,,61.622021559112,,A,Normal value,3,Thousands,,,,,2,Two,,
DATAFLOW,OECD.ENV.EPI:DSD_AIR_GHG@DF_AIR_GHG(1.0),Air emissions - Greenhouse gas emissions Inventories,I,CYP,Cyprus,A,Annual,GHG,Greenhouse gases,_T,Total emissions excluding LULUCF,T_CO2E,Tonnes of CO2-equivalent,2024,,8828.0806515027,,A,Normal value,3,Thousands,,,,,2,Two,,
DATAFLOW,OECD.ENV.EPI:DSD_AIR_GHG@DF_AIR_GHG(1.0),Air emissions - Greenhouse gas emissions Inventories,I,LUX,Luxembourg,A,Annual,GHG,Greenhouse gases,_T,Total emissions excluding LULUCF,T_CO2E,Tonnes of CO2-equivalent,2024,,7496.9527650136,,A,Normal value,3,Thousands,,,,,2,Two,,
DATAFLOW,OECD.ENV.EPI:DSD_AIR_GHG@DF_AIR_GHG(1.0),Air emissions - Greenhouse gas emissions Inventories,I,UKR,Ukraine,A,Annual,GHG,Greenhouse gases,_T,Total emissions excluding LULUCF,T_CO2E,Tonnes of CO2-equivalent,2024,,226833.04905584,,A,Normal value,3,Thousands,,,,,2,Two,,
DATAFLOW,OECD.ENV.EPI:DSD_AIR_GHG@DF_AIR_GHG(1.0),Air emissions - Greenhouse gas emissions Inventories,I,IRL,Ireland,A,Annual,GHG,Greenhouse gases,_T,Total emissions excluding LULUCF,T_CO2E,Tonnes of CO2-equivalent,2024,,53825.470823004,,A,Normal value,3,Thousands,,,,,2,Two,,
DATAFLOW,OECD.ENV.EPI:DSD_AIR_GHG@DF_AIR_GHG(1.0),Air emissions - Greenhouse gas emissions Inventories,I,KAZ,Kazakhstan,A,Annual,GHG,Greenhouse gases,_T,Total emissions excluding LULUCF,T_CO2E,Tonnes of CO2-equivalent,2024,,360318.5319692,,A,Normal value,3,Thousands,,,,,2,Two,,
DATAFLOW,OECD.ENV.EPI:DSD_AIR_GHG@DF_AIR_GHG(1.0),Air emissions - Greenhouse gas emissions Inventories,I,HRV,Croatia,A,Annual,GHG,Greenhouse gases,_T,Total emissions excluding LULUCF,T_CO2E,Tonnes of CO2-equivalent,2024,,25275.419536162,,A,Normal value,3,Thousands,,,,,2,Two,,
DATAFLOW,OECD.ENV.EPI:DSD_AIR_GHG@DF_AIR_GHG(1.0),Air emissions - Greenhouse gas emissions Inventories,I,TUR,Türkiye,A,Annual,GHG,Greenhouse gases,_T,Total emissions excluding LULUCF,T_CO2E,Tonnes of CO2-equivalent,2024,,584521.33867992,,A,Normal value,3,Thousands,,,,,2,Two,,
DATAFLOW,OECD.ENV.EPI:DSD_AIR_GHG@DF_AIR_GHG(1.0),Air emissions - Greenhouse gas emissions Inventories,I,LVA,Latvia,A,Annual,GHG,Greenhouse gases,_T,Total emissions excluding LULUCF,T_CO2E,Tonnes of CO2-equivalent,2024,,9617.7073854993,,A,Normal value,3,Thousands,,,,,2,Two,,
DATAFLOW,OECD.ENV.EPI:DSD_AIR_GHG@DF_AIR_GHG(1.0),Air emissions - Greenhouse gas emissions Inventories,I,FIN,Finland,A,Annual,GHG,Greenhouse gases,_T,Total emissions excluding LULUCF,T_CO2E,Tonnes of CO2-equivalent,2024,,39234.621805733,,A,Normal value,3,Thousands,,,,,2,Two,,
DATAFLOW,OECD.ENV.EPI:DSD_AIR_GHG@DF_AIR_GHG(1.0),Air emissions - Greenhouse gas emissions Inventories,I,SVN,Slovenia,A,Annual,GHG,Greenhouse gases,_T,Total emissions excluding LULUCF,T_CO2E,Tonnes of CO2-equivalent,2024,,15483.805685998,,A,Normal value,3,Thousands,,,,,2,Two,,
DATAFLOW,OECD.ENV.EPI:DSD_AIR_GHG@DF_AIR_GHG(1.0),Air emissions - Greenhouse gas emissions Inventories,I,GRC,Greece,A,Annual,GHG,Greenhouse gases,_T,Total emissions excluding LULUCF,T_CO2E,Tonnes of CO2-equivalent,2024,,73281.529423085,,A,Normal value,3,Thousands,,,,,2,Two,,
DATAFLOW,OECD.ENV.EPI:DSD_AIR_GHG@DF_AIR_GHG(1.0),Air emissions - Greenhouse gas emissions Inventories,I,SWE,Sweden,A,Annual,GHG,Greenhouse gases,_T,Total emissions excluding LULUCF,T_CO2E,Tonnes of CO2-equivalent,2024,,47493.655235487,,A,Normal value,3,Thousands,,,,,2,Two,,
DATAFLOW,OECD.ENV.EPI:DSD_AIR_GHG@DF_AIR_GHG(1.0),Air emissions - Greenhouse gas emissions Inventories,I,NZL,New Zealand,A,Annual,GHG,Greenhouse gases,_T,Total emissions excluding LULUCF,T_CO2E,Tonnes of CO2-equivalent,2024,,75811.607600947,,A,Normal value,3,Thousands,,,,,2,Two,,
DATAFLOW,OECD.ENV.EPI:DSD_AIR_GHG@DF_AIR_GHG(1.0),Air emissions - Greenhouse gas emissions Inventories,I,JPN,Japan,A,Annual,GHG,Greenhouse gases,_T,Total emissions excluding LULUCF,T_CO2E,Tonnes of CO2-equivalent,2024,,1044545.8407903,,A,Normal value,3,Thousands,,,,,2,Two,,
DATAFLOW,OECD.ENV.EPI:DSD_AIR_GHG@DF_AIR_GHG(1.0),Air emissions - Greenhouse gas emissions Inventories,I,DNK,Denmark,A,Annual,GHG,Greenhouse gases,_T,Total emissions excluding LULUCF,T_CO2E,Tonnes of CO2-equivalent,2024,,38181.006038827,,A,Normal value,3,Thousands,,,,,2,Two,,
DATAFLOW,OECD.ENV.EPI:DSD_AIR_GHG@DF_AIR_GHG(1.0),Air emissions - Greenhouse gas emissions Inventories,I,CHE,Switzerland,A,Annual,GHG,Greenhouse gases,_T,Total emissions excluding LULUCF,T_CO2E,Tonnes of CO2-equivalent,2024,,40019.559217556,,A,Normal value,3,Thousands,,,,,2,Two,,
DATAFLOW,OECD.ENV.EPI:DSD_AIR_GHG@DF_AIR_GHG(1.0),Air emissions - Greenhouse gas emissions Inventories,I,ITA,Italy,A,Annual,GHG,Greenhouse gases,_T,Total emissions excluding LULUCF,T_CO2E,Tonnes of CO2-equivalent,2024,,362618.31848426,,A,Normal value,3,Thousands,,,,,2,Two,,
DATAFLOW,OECD.ENV.EPI:DSD_AIR_GHG@DF_AIR_GHG(1.0),Air emissions - Greenhouse gas emissions Inventories,I,CZE,Czechia,A,Annual,GHG,Greenhouse gases,_T,Total emissions excluding LULUCF,T_CO2E,Tonnes of CO2-equivalent,2024,,96210.79114533,,A,Normal value,3,Thousands,,,,,2,Two,,
DATAFLOW,OECD.ENV.EPI:DSD_AIR_GHG@DF_AIR_GHG(1.0),Air emissions - Greenhouse gas emissions Inventories,I,DEU,Germany,A,Annual,GHG,Greenhouse gases,_T,Total emissions excluding LULUCF,T_CO2E,Tonnes of CO2-equivalent,2024,,649769.51839,,A,Normal value,3,Thousands,,,,,2,Two,,
DATAFLOW,OECD.ENV.EPI:DSD_AIR_GHG@DF_AIR_GHG(1.0),Air emissions - Greenhouse gas emissions Inventories,I,AUT,Austria,A,Annual,GHG,Greenhouse gases,_T,Total emissions excluding LULUCF,T_CO2E,Tonnes of CO2-equivalent,2024,,66637.831296897,,A,Normal value,3,Thousands,,,,,2,Two,,
DATAFLOW,OECD.ENV.EPI:DSD_AIR_GHG@DF_AIR_GHG(1.0),Air emissions - Greenhouse gas emissions Inventories,I,HUN,Hungary,A,Annual,GHG,Greenhouse gases,_T,Total emissions excluding LULUCF,T_CO2E,Tonnes of CO2-equivalent,2024,,53659.114141573,,A,Normal value,3,Thousands,,,,,2,Two,,
DATAFLOW,OECD.ENV.EPI:DSD_AIR_GHG@DF_AIR_GHG(1.0),Air emissions - Greenhouse gas emissions Inventories,I,BEL,Belgium,A,Annual,GHG,Greenhouse gases,_T,Total emissions excluding LULUCF,T_CO2E,Tonnes of CO2-equivalent,2024,,98012.409155419,,A,Normal value,3,Thousands,,,,,2,Two,,
DATAFLOW,OECD.ENV.EPI:DSD_AIR_GHG@DF_AIR_GHG(1.0),Air emissions - Greenhouse gas emissions Inventories,I,GBR,United Kingdom,A,Annual,GHG,Greenhouse gases,_T,Total emissions excluding LULUCF,T_CO2E,Tonnes of CO2-equivalent,2024,,375220.85890559,,A,Normal value,3,Thousands,,,,,2,Two,,
DATAFLOW,OECD.ENV.EPI:DSD_AIR_GHG@DF_AIR_GHG(1.0),Air emissions - Greenhouse gas emissions Inventories,I,SVK,Slovak Republic,A,Annual,GHG,Greenhouse gases,_T,Total emissions excluding LULUCF,T_CO2E,Tonnes of CO2-equivalent,2024,,33871.913235092,,A,Normal value,3,Thousands,,,,,2,Two,,
DATAFLOW,OECD.ENV.EPI:DSD_AIR_GHG@DF_AIR_GHG(1.0),Air emissions - Greenhouse gas emissions Inventories,I,LTU,Lithuania,A,Annual,GHG,Greenhouse gases,_T,Total emissions excluding LULUCF,T_CO2E,Tonnes of CO2-equivalent,2024,,18270.254089058,,A,Normal value,3,Thousands,,,,,2,Two,,
DATAFLOW,OECD.ENV.EPI:DSD_AIR_GHG@DF_AIR_GHG(1.0),Air emissions - Greenhouse gas emissions Inventories,I,PRT,Portugal,A,Annual,GHG,Greenhouse gases,_T,Total emissions excluding LULUCF,T_CO2E,Tonnes of CO2-equivalent,2024,,51379.06105541,,A,Normal value,3,Thousands,,,,,2,Two,,
DATAFLOW,OECD.ENV.EPI:DSD_AIR_GHG@DF_AIR_GHG(1.0),Air emissions - Greenhouse gas emissions Inventories,I,POL,Poland,A,Annual,GHG,Greenhouse gases,_T,Total emissions excluding LULUCF,T_CO2E,Tonnes of CO2-equivalent,2024,,340566.16321794,,A,Normal value,3,Thousands,,,,,2,Two,,
DATAFLOW,OECD.ENV.EPI:DSD_AIR_GHG@DF_AIR_GHG(1.0),Air emissions - Greenhouse gas emissions Inventories,I,CAN,Canada,A,Annual,GHG,Greenhouse gases,_T,Total emissions excluding LULUCF,T_CO2E,Tonnes of CO2-equivalent,2024,,684708.66670273,,A,Normal value,3,Thousands,,,,,2,Two,,
DATAFLOW,OECD.ENV.EPI:DSD_AIR_GHG@DF_AIR_GHG(1.0),Air emissions - Greenhouse gas emissions Inventories,I,ROU,Romania,A,Annual,GHG,Greenhouse gases,_T,Total emissions excluding LULUCF,T_CO2E,Tonnes of CO2-equivalent,2024,,95587.780503284,,A,Normal value,3,Thousands,,,,,2,Two,,
DATAFLOW,OECD.ENV.EPI:DSD_AIR_GHG@DF_AIR_GHG(1.0),Air emissions - Greenhouse gas emissions Inventories,I,FRA,France,A,Annual,GHG,Greenhouse gases,_T,Total emissions excluding LULUCF,T_CO2E,Tonnes of CO2-equivalent,2024,,371111.18564316,,A,Normal value,3,Thousands,,,,,2,Two,,
DATAFLOW,OECD.ENV.EPI:DSD_AIR_GHG@DF_AIR_GHG(1.0),Air emissions - Greenhouse gas emissions Inventories,I,AUS,Australia,A,Annual,GHG,Greenhouse gases,_T,Total emissions excluding LULUCF,T_CO2E,Tonnes of CO2-equivalent,2024,,518566.8060641,,A,Normal value,3,Thousands,,,,,2,Two,,
DATAFLOW,OECD.ENV.EPI:DSD_AIR_GHG@DF_AIR_GHG(1.0),Air emissions - Greenhouse gas emissions Inventories,I,BGR,Bulgaria,A,Annual,GHG,Greenhouse gases,_T,Total emissions excluding LULUCF,T_CO2E,Tonnes of CO2-equivalent,2024,,43340.312672151,,A,Normal value,3,Thousands,,,,,2,Two,,
DATAFLOW,OECD.ENV.EPI:DSD_AIR_GHG@DF_AIR_GHG(1.0),Air emissions - Greenhouse gas emissions Inventories,I,NLD,Netherlands,A,Annual,GHG,Greenhouse gases,_T,Total emissions excluding LULUCF,T_CO2E,Tonnes of CO2-equivalent,2024,,140255.57121863,,A,Normal value,3,Thousands,,,,,2,Two,,
DATAFLOW,OECD.ENV.EPI:DSD_AIR_GHG@DF_AIR_GHG(1.0),Air emissions - Greenhouse gas emissions Inventories,I,ESP,Spain,A,Annual,GHG,Greenhouse gases,_T,Total emissions excluding LULUCF,T_CO2E,Tonnes of CO2-equivalent,2024,,267707.36473179,,A,Normal value,3,Thousands,,,,,2,Two,,
DATAFLOW,OECD.ENV.EPI:DSD_AIR_GHG@DF_AIR_GHG(1.0),Air emissions - Greenhouse gas emissions Inventories,I,NOR,Norway,A,Annual,GHG,Greenhouse gases,_T,Total emissions excluding LULUCF,T_CO2E,Tonnes of CO2-equivalent,2024,,44424.715057888,,A,Normal value,3,Thousands,,,,,2,Two,,
DATAFLOW,OECD.ENV.EPI:DSD_AIR_GHG@DF_AIR_GHG(1.0),Air emissions - Greenhouse gas emissions Inventories,I,EU27_2020,European Union (27 countries from 01/02/2020),A,Annual,GHG,Greenhouse gases,_T,Total emissions excluding LULUCF,T_CO2E,Tonnes of CO2-equivalent,2024,,3013539.6559457,,A,Normal value,3,Thousands,,,,,2,Two,,
DATAFLOW,OECD.ENV.EPI:DSD_AIR_GHG@DF_AIR_GHG(1.0),Air emissions - Greenhouse gas emissions Inventories,I,ESP,Spain,A,Annual,GHG,Greenhouse gases,_T,Total emissions excluding LULUCF,T_CO2E,Tonnes of CO2-equivalent,2023,,269968.94190723,,A,Normal value,3,Thousands,,,,,2,Two,,
DATAFLOW,OECD.ENV.EPI:DSD_AIR_GHG@DF_AIR_GHG(1.0),Air emissions - Greenhouse gas emissions Inventories,I,NLD,Netherlands,A,Annual,GHG,Greenhouse gases,_T,Total emissions excluding LULUCF,T_CO2E,Tonnes of CO2-equivalent,2023,,142371.3382312,,A,Normal value,3,Thousands,,,,,2,Two,,
DATAFLOW,OECD.ENV.EPI:DSD_AIR_GHG@DF_AIR_GHG(1.0),Air emissions - Greenhouse gas emissions Inventories,I,BGR,Bulgaria,A,Annual,GHG,Greenhouse gases,_T,Total emissions excluding LULUCF,T_CO2E,Tonnes of CO2-equivalent,2023,,45647.496461258,,A,Normal value,3,Thousands,,,,,2,Two,,
DATAFLOW,OECD.ENV.EPI:DSD_AIR_GHG@DF_AIR_GHG(1.0),Air emissions - Greenhouse gas emissions Inventories,I,AUS,Australia,A,Annual,GHG,Greenhouse gases,_T,Total emissions excluding LULUCF,T_CO2E,Tonnes of CO2-equivalent,2023,,525745.73815329,,A,Normal value,3,Thousands,,,,,2,Two,,
DATAFLOW,OECD.ENV.EPI:DSD_AIR_GHG@DF_AIR_GHG(1.0),Air emissions - Greenhouse gas emissions Inventories,I,FRA,France,A,Annual,GHG,Greenhouse gases,_T,Total emissions excluding LULUCF,T_CO2E,Tonnes of CO2-equivalent,2023,,384816.62713899,,A,Normal value,3,Thousands,,,,,2,Two,,
DATAFLOW,OECD.ENV.EPI:DSD_AIR_GHG@DF_AIR_GHG(1.0),Air emissions - Greenhouse gas emissions Inventories,I,ROU,Romania,A,Annual,GHG,Greenhouse gases,_T,Total emissions excluding LULUCF,T_CO2E,Tonnes of CO2-equivalent,2023,,95762.851016923,,A,Normal value,3,Thousands,,,,,2,Two,,
DATAFLOW,OECD.ENV.EPI:DSD_AIR_GHG@DF_AIR_GHG(1.0),Air emissions - Greenhouse gas emissions Inventories,I,CAN,Canada,A,Annual,GHG,Greenhouse gases,_T,Total emissions excluding LULUCF,T_CO2E,Tonnes of CO2-equivalent,2023,,686884.71280997,,A,Normal value,3,Thousands,,,,,2,Two,,
DATAFLOW,OECD.ENV.EPI:DSD_AIR_GHG@DF_AIR_GHG(1.0),Air emissions - Greenhouse gas emissions Inventories,I,POL,Poland,A,Annual,GHG,Greenhouse gases,_T,Total emissions excluding LULUCF,T_CO2E,Tonnes of CO2-equivalent,2023,,346884.68837753,,A,Normal value,3,Thousands,,,,,2,Two,,
DATAFLOW,OECD.ENV.EPI:DSD_AIR_GHG@DF_AIR_GHG(1.0),Air emissions - Greenhouse gas emissions Inventories,I,PRT,Portugal,A,Annual,GHG,Greenhouse gases,_T,Total emissions excluding LULUCF,T_CO2E,Tonnes of CO2-equivalent,2023,,52962.491903837,,A,Normal value,3,Thousands,,,,,2,Two,,
DATAFLOW,OECD.ENV.EPI:DSD_AIR_GHG@DF_AIR_GHG(1.0),Air emissions - Greenhouse gas emissions Inventories,I,KOR,Korea,A,Annual,GHG,Greenhouse gases,_T,Total emissions excluding LULUCF,T_CO2E,Tonnes of CO2-equivalent,2023,,707199.78,,A,Normal value,3,Thousands,,,,,2,Two,,
DATAFLOW,OECD.ENV.EPI:DSD_AIR_GHG@DF_AIR_GHG(1.0),Air emissions - Greenhouse gas emissions Inventories,I,LTU,Lithuania,A,Annual,GHG,Greenhouse gases,_T,Total emissions excluding LULUCF,T_CO2E,Tonnes of CO2-equivalent,2023,,17838.578246216,,A,Normal value,3,Thousands,,,,,2,Two,,
DATAFLOW,OECD.ENV.EPI:DSD_AIR_GHG@DF_AIR_GHG(1.0),Air emissions - Greenhouse gas emissions Inventories,I,SVK,Slovak Republic,A,Annual,GHG,Greenhouse gases,_T,Total emissions excluding LULUCF,T_CO2E,Tonnes of CO2-equivalent,2023,,36613.765539256,,A,Normal value,3,Thousands,,,,,2,Two,,
DATAFLOW,OECD.ENV.EPI:DSD_AIR_GHG@DF_AIR_GHG(1.0),Air emissions - Greenhouse gas emissions Inventories,I,GBR,United Kingdom,A,Annual,GHG,Greenhouse gases,_T,Total emissions excluding LULUCF,T_CO2E,Tonnes of CO2-equivalent,2023,,385848.26528916,,A,Normal value,3,Thousands,,,,,2,Two,,
DATAFLOW,OECD.ENV.EPI:DSD_AIR_GHG@DF_AIR_GHG(1.0),Air emissions - Greenhouse gas emissions Inventories,I,BEL,Belgium,A,Annual,GHG,Greenhouse gases,_T,Total emissions excluding LULUCF,T_CO2E,Tonnes of CO2-equivalent,2023,,97814.744371815,,A,Normal value,3,Thousands,,,,,2,Two,,
DATAFLOW,OECD.ENV.EPI:DSD_AIR_GHG@DF_AIR_GHG(1.0),Air emissions - Greenhouse gas emissions Inventories,I,HUN,Hungary,A,Annual,GHG,Greenhouse gases,_T,Total emissions excluding LULUCF,T_CO2E,Tonnes of CO2-equivalent,2023,,54240.171274527,,A,Normal value,3,Thousands,,,,,2,Two,,
DATAFLOW,OECD.ENV.EPI:DSD_AIR_GHG@DF_AIR_GHG(1.0),Air emissions - Greenhouse gas emissions Inventories,I,AUT,Austria,A,Annual,GHG,Greenhouse gases,_T,Total emissions excluding LULUCF,T_CO2E,Tonnes of CO2-equivalent,2023,,68674.060499298,,A,Normal value,3,Thousands,,,,,2,Two,,
DATAFLOW,OECD.ENV.EPI:DSD_AIR_GHG@DF_AIR_GHG(1.0),Air emissions - Greenhouse gas emissions Inventories,I,DEU,Germany,A,Annual,GHG,Greenhouse gases,_T,Total emissions excluding LULUCF,T_CO2E,Tonnes of CO2-equivalent,2023,,669578.36047497,,A,Normal value,3,Thousands,,,,,2,Two,,
DATAFLOW,OECD.ENV.EPI:DSD_AIR_GHG@DF_AIR_GHG(1.0),Air emissions - Greenhouse gas emissions Inventories,I,CHE,Switzerland,A,Annual,GHG,Greenhouse gases,_T,Total emissions excluding LULUCF,T_CO2E,Tonnes of CO2-equivalent,2023,,40579.037912863,,A,Normal value,3,Thousands,,,,,2,Two,,
DATAFLOW,OECD.ENV.EPI:DSD_AIR_GHG@DF_AIR_GHG(1.0),Air emissions - Greenhouse gas emissions Inventories,I,CZE,Czechia,A,Annual,GHG,Greenhouse gases,_T,Total emissions excluding LULUCF,T_CO2E,Tonnes of CO2-equivalent,2023,,101818.52492703,,A,Normal value,3,Thousands,,,,,2,Two,,
DATAFLOW,OECD.ENV.EPI:DSD_AIR_GHG@DF_AIR_GHG(1.0),Air emissions - Greenhouse gas emissions Inventories,I,DNK,Denmark,A,Annual,GHG,Greenhouse gases,_T,Total emissions excluding LULUCF,T_CO2E,Tonnes of CO2-equivalent,2023,,40602.376329514,,A,Normal value,3,Thousands,,,,,2,Two,,
DATAFLOW,OECD.ENV.EPI:DSD_AIR_GHG@DF_AIR_GHG(1.0),Air emissions - Greenhouse gas emissions Inventories,I,ITA,Italy,A,Annual,GHG,Greenhouse gases,_T,Total emissions excluding LULUCF,T_CO2E,Tonnes of CO2-equivalent,2023,,376296.07690304,,A,Normal value,3,Thousands,,,,,2,Two,,
DATAFLOW,OECD.ENV.EPI:DSD_AIR_GHG@DF_AIR_GHG(1.0),Air emissions - Greenhouse gas emissions Inventories,I,JPN,Japan,A,Annual,GHG,Greenhouse gases,_T,Total emissions excluding LULUCF,T_CO2E,Tonnes of CO2-equivalent,2023,,1064861.1523541,,A,Normal value,3,Thousands,,,,,2,Two,,
DATAFLOW,OECD.ENV.EPI:DSD_AIR_GHG@DF_AIR_GHG(1.0),Air emissions - Greenhouse gas emissions Inventories,I,NZL,New Zealand,A,Annual,GHG,Greenhouse gases,_T,Total emissions excluding LULUCF,T_CO2E,Tonnes of CO2-equivalent,2023,,75898.932807197,,A,Normal value,3,Thousands,,,,,2,Two,,
DATAFLOW,OECD.ENV.EPI:DSD_AIR_GHG@DF_AIR_GHG(1.0),Air emissions - Greenhouse gas emissions Inventories,I,GRC,Greece,A,Annual,GHG,Greenhouse gases,_T,Total emissions excluding LULUCF,T_CO2E,Tonnes of CO2-equivalent,2023,,71944.25191114,,A,Normal value,3,Thousands,,,,,2,Two,,
DATAFLOW,OECD.ENV.EPI:DSD_AIR_GHG@DF_AIR_GHG(1.0),Air emissions - Greenhouse gas emissions Inventories,I,SWE,Sweden,A,Annual,GHG,Greenhouse gases,_T,Total emissions excluding LULUCF,T_CO2E,Tonnes of CO2-equivalent,2023,,44233.570105526,,A,Normal value,3,Thousands,,,,,2,Two,,
DATAFLOW,OECD.ENV.EPI:DSD_AIR_GHG@DF_AIR_GHG(1.0),Air emissions - Greenhouse gas emissions Inventories,I,FIN,Finland,A,Annual,GHG,Greenhouse gases,_T,Total emissions excluding LULUCF,T_CO2E,Tonnes of CO2-equivalent,2023,,41171.561133011,,A,Normal value,3,Thousands,,,,,2,Two,,
DATAFLOW,OECD.ENV.EPI:DSD_AIR_GHG@DF_AIR_GHG(1.0),Air emissions - Greenhouse gas emissions Inventories,I,IRL,Ireland,A,Annual,GHG,Greenhouse gases,_T,Total emissions excluding LULUCF,T_CO2E,Tonnes of CO2-equivalent,2023,,54886.871204191,,A,Normal value,3,Thousands,,,,,2,Two,,
DATAFLOW,OECD.ENV.EPI:DSD_AIR_GHG@DF_AIR_GHG(1.0),Air emissions - Greenhouse gas emissions Inventories,I,SVN,Slovenia,A,Annual,GHG,Greenhouse gases,_T,Total emissions excluding LULUCF,T_CO2E,Tonnes of CO2-equivalent,2023,,14870.192685992,,A,Normal value,3,Thousands,,,,,2,Two,,
DATAFLOW,OECD.ENV.EPI:DSD_AIR_GHG@DF_AIR_GHG(1.0),Air emissions - Greenhouse gas emissions Inventories,I,LVA,Latvia,A,Annual,GHG,Greenhouse gases,_T,Total emissions excluding LULUCF,T_CO2E,Tonnes of CO2-equivalent,2023,,9889.5808307568,,A,Normal value,3,Thousands,,,,,2,Two,,
DATAFLOW,OECD.ENV.EPI:DSD_AIR_GHG@DF_AIR_GHG(1.0),Air emissions - Greenhouse gas emissions Inventories,I,TUR,Türkiye,A,Annual,GHG,Greenhouse gases,_T,Total emissions excluding LULUCF,T_CO2E,Tonnes of CO2-equivalent,2023,,555158.09018855,,A,Normal value,3,Thousands,,,,,2,Two,,
DATAFLOW,OECD.ENV.EPI:DSD_AIR_GHG@DF_AIR_GHG(1.0),Air emissions - Greenhouse gas emissions Inventories,I,HRV,Croatia,A,Annual,GHG,Greenhouse gases,_T,Total emissions excluding LULUCF,T_CO2E,Tonnes of CO2-equivalent,2023,,25342.547115325,,A,Normal value,3,Thousands,,,,,2,Two,,
DATAFLOW,OECD.ENV.EPI:DSD_AIR_GHG@DF_AIR_GHG(1.0),Air emissions - Greenhouse gas emissions Inventories,I,KAZ,Kazakhstan,A,Annual,GHG,Greenhouse gases,_T,Total emissions excluding LULUCF,T_CO2E,Tonnes of CO2-equivalent,2023,,361591.84898974,,A,Normal value,3,Thousands,,,,,2,Two,,
DATAFLOW,OECD.ENV.EPI:DSD_AIR_GHG@DF_AIR_GHG(1.0),Air emissions - Greenhouse gas emissions Inventories,I,UKR,Ukraine,A,Annual,GHG,Greenhouse gases,_T,Total emissions excluding LULUCF,T_CO2E,Tonnes of CO2-equivalent,2023,,233471.73955301,,A,Normal value,3,Thousands,,,,,2,Two,,
DATAFLOW,OECD.ENV.EPI:DSD_AIR_GHG@DF_AIR_GHG(1.0),Air emissions - Greenhouse gas emissions Inventories,I,LUX,Luxembourg,A,Annual,GHG,Greenhouse gases,_T,Total emissions excluding LULUCF,T_CO2E,Tonnes of CO2-equivalent,2023,,7813.2244413184,,A,Normal value,3,Thousands,,,,,2,Two,,
DATAFLOW,OECD.ENV.EPI:DSD_AIR_GHG@DF_AIR_GHG(1.0),Air emissions - Greenhouse gas emissions Inventories,I,CYP,Cyprus,A,Annual,GHG,Greenhouse gases,_T,Total emissions excluding LULUCF,T_CO2E,Tonnes of CO2-equivalent,2023,,8778.4545909907,,A,Normal value,3,Thousands,,,,,2,Two,,
DATAFLOW,OECD.ENV.EPI:DSD_AIR_GHG@DF_AIR_GHG(1.0),Air emissions - Greenhouse gas emissions Inventories,I,SRB,Serbia,A,Annual,GHG,Greenhouse gases,_T,Total emissions excluding LULUCF,T_CO2E,Tonnes of CO2-equivalent,2023,,62109.731464075,,A,Normal value,3,Thousands,,,,,2,Two,,
DATAFLOW,OECD.ENV.EPI:DSD_AIR_GHG@DF_AIR_GHG(1.0),Air emissions - Greenhouse gas emissions Inventories,I,EST,Estonia,A,Annual,GHG,Greenhouse gases,_T,Total emissions excluding LULUCF,T_CO2E,Tonnes of CO2-equivalent,2023,,10887.966548379,,A,Normal value,3,Thousands,,,,,2,Two,,
DATAFLOW,OECD.ENV.EPI:DSD_AIR_GHG@DF_AIR_GHG(1.0),Air emissions - Greenhouse gas emissions Inventories,I,ISL,Iceland,A,Annual,GHG,Greenhouse gases,_T,Total emissions excluding LULUCF,T_CO2E,Tonnes of CO2-equivalent,2023,,4644.0138252469,,A,Normal value,3,Thousands,,,,,2,Two,,
DATAFLOW,OECD.ENV.EPI:DSD_AIR_GHG@DF_AIR_GHG(1.0),Air emissions - Greenhouse gas emissions Inventories,I,ISR,Israel,A,Annual,GHG,Greenhouse gases,_T,Total emissions excluding LULUCF,T_CO2E,Tonnes of CO2-equivalent,2023,,77374,,A,Normal value,3,Thousands,,,,,2,Two,,
DATAFLOW,OECD.ENV.EPI:DSD_AIR_GHG@DF_AIR_GHG(1.0),Air emissions - Greenhouse gas emissions Inventories,I,LIE,Liechtenstein,A,Annual,GHG,Greenhouse gases,_T,Total emissions excluding LULUCF,T_CO2E,Tonnes of CO2-equivalent,2023,,168.0768714641,,A,Normal value,3,Thousands,,,,,2,Two,,
DATAFLOW,OECD.ENV.EPI:DSD_AIR_GHG@DF_AIR_GHG(1.0),Air emissions - Greenhouse gas emissions Inventories,I,MLT,Malta,A,Annual,GHG,Greenhouse gases,_T,Total emissions excluding LULUCF,T_CO2E,Tonnes of CO2-equivalent,2023,,2207.3419885678,,A,Normal value,3,Thousands,,,,,2,Two,,
DATAFLOW,OECD.ENV.EPI:DSD_AIR_GHG@DF_AIR_GHG(1.0),Air emissions - Greenhouse gas emissions Inventories,I,MCO,Monaco,A,Annual,GHG,Greenhouse gases,_T,Total emissions excluding LULUCF,T_CO2E,Tonnes of CO2-equivalent,2023,,60.18189390183,,A,Normal value,3,Thousands,,,,,2,Two,,
DATAFLOW,OECD.ENV.EPI:DSD_AIR_GHG@DF_AIR_GHG(1.0),Air emissions - Greenhouse gas emissions Inventories,I,NOR,Norway,A,Annual,GHG,Greenhouse gases,_T,Total emissions excluding LULUCF,T_CO2E,Tonnes of CO2-equivalent,2023,,46342.064660225,,A,Normal value,3,Thousands,,,,,2,Two,,
DATAFLOW,OECD.ENV.EPI:DSD_AIR_GHG@DF_AIR_GHG(1.0),Air emissions - Greenhouse gas emissions Inventories,I,EU27_2020,European Union (27 countries from 01/02/2020),A,Annual,GHG,Greenhouse gases,_T,Total emissions excluding LULUCF,T_CO2E,Tonnes of CO2-equivalent,2023,,3084740.5529949,,A,Normal value,3,Thousands,,,,,2,Two,,
DATAFLOW,OECD.ENV.EPI:DSD_AIR_GHG@DF_AIR_GHG(1.0),Air emissions - Greenhouse gas emissions Inventories,I,CHE,Switzerland,A,Annual,GHG,Greenhouse gases,_T,Total emissions excluding LULUCF,T_CO2E,Tonnes of CO2-equivalent,2015,,48884.903770567,,A,Normal value,3,Thousands,,,,,2,Two,,
DATAFLOW,OECD.ENV.EPI:DSD_AIR_GHG@DF_AIR_GHG(1.0),Air emissions - Greenhouse gas emissions Inventories,I,CHL,Chile,A,Annual,GHG,Greenhouse gases,_T,Total emissions excluding LULUCF,T_CO2E,Tonnes of CO2-equivalent,2015,,100804.94,,A,Normal value,3,Thousands,,,,,2,Two,,
DATAFLOW,OECD.ENV.EPI:DSD_AIR_GHG@DF_AIR_GHG(1.0),Air emissions - Greenhouse gas emissions Inventories,I,CZE,Czechia,A,Annual,GHG,Greenhouse gases,_T,Total emissions excluding LULUCF,T_CO2E,Tonnes of CO2-equivalent,2015,,124619.77513866,,A,Normal value,3,Thousands,,,,,2,Two,,
DATAFLOW,OECD.ENV.EPI:DSD_AIR_GHG@DF_AIR_GHG(1.0),Air emissions - Greenhouse gas emissions Inventories,I,DNK,Denmark,A,Annual,GHG,Greenhouse gases,_T,Total emissions excluding LULUCF,T_CO2E,Tonnes of CO2-equivalent,2015,,51419.414381912,,A,Normal value,3,Thousands,,,,,2,Two,,
DATAFLOW,OECD.ENV.EPI:DSD_AIR_GHG@DF_AIR_GHG(1.0),Air emissions - Greenhouse gas emissions Inventories,I,LVA,Latvia,A,Annual,GHG,Greenhouse gases,_T,Total emissions excluding LULUCF,T_CO2E,Tonnes of CO2-equivalent,2015,,10654.814697328,,A,Normal value,3,Thousands,,,,,2,Two,,
DATAFLOW,OECD.ENV.EPI:DSD_AIR_GHG@DF_AIR_GHG(1.0),Air emissions - Greenhouse gas emissions Inventories,I,MEX,Mexico,A,Annual,GHG,Greenhouse gases,_T,Total emissions excluding LULUCF,T_CO2E,Tonnes of CO2-equivalent,2015,,745493.45,,A,Normal value,3,Thousands,,,,,2,Two,,
DATAFLOW,OECD.ENV.EPI:DSD_AIR_GHG@DF_AIR_GHG(1.0),Air emissions - Greenhouse gas emissions Inventories,I,JPN,Japan,A,Annual,GHG,Greenhouse gases,_T,Total emissions excluding LULUCF,T_CO2E,Tonnes of CO2-equivalent,2015,,1300974.3294963,,A,Normal value,3,Thousands,,,,,2,Two,,
DATAFLOW,OECD.ENV.EPI:DSD_AIR_GHG@DF_AIR_GHG(1.0),Air emissions - Greenhouse gas emissions Inventories,I,SVN,Slovenia,A,Annual,GHG,Greenhouse gases,_T,Total emissions excluding LULUCF,T_CO2E,Tonnes of CO2-equivalent,2015,,16900.643775096,,A,Normal value,3,Thousands,,,,,2,Two,,
DATAFLOW,OECD.ENV.EPI:DSD_AIR_GHG@DF_AIR_GHG(1.0),Air emissions - Greenhouse gas emissions Inventories,I,USA,United States,A,Annual,GHG,Greenhouse gases,_T,Total emissions excluding LULUCF,T_CO2E,Tonnes of CO2-equivalent,2015,,6736216.78,,A,Normal value,3,Thousands,,,,,2,Two,,
DATAFLOW,OECD.ENV.EPI:DSD_AIR_GHG@DF_AIR_GHG(1.0),Air emissions - Greenhouse gas emissions Inventories,I,GRC,Greece,A,Annual,GHG,Greenhouse gases,_T,Total emissions excluding LULUCF,T_CO2E,Tonnes of CO2-equivalent,2015,,96078.307052596,,A,Normal value,3,Thousands,,,,,2,Two,,
DATAFLOW,OECD.ENV.EPI:DSD_AIR_GHG@DF_AIR_GHG(1.0),Air emissions - Greenhouse gas emissions Inventories,I,IRL,Ireland,A,Annual,GHG,Greenhouse gases,_T,Total emissions excluding LULUCF,T_CO2E,Tonnes of CO2-equivalent,2015,,60277.518314605,,A,Normal value,3,Thousands,,,,,2,Two,,
DATAFLOW,OECD.ENV.EPI:DSD_AIR_GHG@DF_AIR_GHG(1.0),Air emissions - Greenhouse gas emissions Inventories,I,TUR,Türkiye,A,Annual,GHG,Greenhouse gases,_T,Total emissions excluding LULUCF,T_CO2E,Tonnes of CO2-equivalent,2015,,483932.01567004,,A,Normal value,3,Thousands,,,,,2,Two,,
DATAFLOW,OECD.ENV.EPI:DSD_AIR_GHG@DF_AIR_GHG(1.0),Air emissions - Greenhouse gas emissions Inventories,I,GHA,Ghana,A,Annual,GHG,Greenhouse gases,_T,Total emissions excluding LULUCF,T_CO2E,Tonnes of CO2-equivalent,2015,,32766.401675124,,A,Normal value,3,Thousands,,,,,2,Two,,
DATAFLOW,OECD.ENV.EPI:DSD_AIR_GHG@DF_AIR_GHG(1.0),Air emissions - Greenhouse gas emissions Inventories,I,IDN,Indonesia,A,Annual,GHG,Greenhouse gases,_T,Total emissions excluding LULUCF,T_CO2E,Tonnes of CO2-equivalent,2015,,825543.04077184,,A,Normal value,3,Thousands,,,,,2,Two,,
DATAFLOW,OECD.ENV.EPI:DSD_AIR_GHG@DF_AIR_GHG(1.0),Air emissions - Greenhouse gas emissions Inventories,I,UKR,Ukraine,A,Annual,GHG,Greenhouse gases,_T,Total emissions excluding LULUCF,T_CO2E,Tonnes of CO2-equivalent,2015,,324790.68020097,,A,Normal value,3,Thousands,,,,,2,Two,,
DATAFLOW,OECD.ENV.EPI:DSD_AIR_GHG@DF_AIR_GHG(1.0),Air emissions - Greenhouse gas emissions Inventories,I,HRV,Croatia,A,Annual,GHG,Greenhouse gases,_T,Total emissions excluding LULUCF,T_CO2E,Tonnes of CO2-equivalent,2015,,24635.244738323,,A,Normal value,3,Thousands,,,,,2,Two,,
DATAFLOW,OECD.ENV.EPI:DSD_AIR_GHG@DF_AIR_GHG(1.0),Air emissions - Greenhouse gas emissions Inventories,I,KAZ,Kazakhstan,A,Annual,GHG,Greenhouse gases,_T,Total emissions excluding LULUCF,T_CO2E,Tonnes of CO2-equivalent,2015,,399818.55133236,,A,Normal value,3,Thousands,,,,,2,Two,,
DATAFLOW,OECD.ENV.EPI:DSD_AIR_GHG@DF_AIR_GHG(1.0),Air emissions - Greenhouse gas emissions Inventories,I,FIN,Finland,A,Annual,GHG,Greenhouse gases,_T,Total emissions excluding LULUCF,T_CO2E,Tonnes of CO2-equivalent,2015,,55102.457687442,,A,Normal value,3,Thousands,,,,,2,Two,,
DATAFLOW,OECD.ENV.EPI:DSD_AIR_GHG@DF_AIR_GHG(1.0),Air emissions - Greenhouse gas emissions Inventories,I,CRI,Costa Rica,A,Annual,GHG,Greenhouse gases,_T,Total emissions excluding LULUCF,T_CO2E,Tonnes of CO2-equivalent,2015,,14433.23,,A,Normal value,3,Thousands,,,,,2,Two,,
DATAFLOW,OECD.ENV.EPI:DSD_AIR_GHG@DF_AIR_GHG(1.0),Air emissions - Greenhouse gas emissions Inventories,I,ARG,Argentina,A,Annual,GHG,Greenhouse gases,_T,Total emissions excluding LULUCF,T_CO2E,Tonnes of CO2-equivalent,2015,,343805.27251828,,A,Normal value,3,Thousands,,,,,2,Two,,
DATAFLOW,OECD.ENV.EPI:DSD_AIR_GHG@DF_AIR_GHG(1.0),Air emissions - Greenhouse gas emissions Inventories,I,GEO,Georgia,A,Annual,GHG,Greenhouse gases,_T,Total emissions excluding LULUCF,T_CO2E,Tonnes of CO2-equivalent,2015,,18483.312142863,,A,Normal value,3,Thousands,,,,,2,Two,,
DATAFLOW,OECD.ENV.EPI:DSD_AIR_GHG@DF_AIR_GHG(1.0),Air emissions - Greenhouse gas emissions Inventories,I,SRB,Serbia,A,Annual,GHG,Greenhouse gases,_T,Total emissions excluding LULUCF,T_CO2E,Tonnes of CO2-equivalent,2015,,62825.855911779,,A,Normal value,3,Thousands,,,,,2,Two,,
DATAFLOW,OECD.ENV.EPI:DSD_AIR_GHG@DF_AIR_GHG(1.0),Air emissions - Greenhouse gas emissions Inventories,I,ZWE,Zimbabwe,A,Annual,GHG,Greenhouse gases,_T,Total emissions excluding LULUCF,T_CO2E,Tonnes of CO2-equivalent,2015,,29997.960780142,,A,Normal value,3,Thousands,,,,,2,Two,,
DATAFLOW,OECD.ENV.EPI:DSD_AIR_GHG@DF_AIR_GHG(1.0),Air emissions - Greenhouse gas emissions Inventories,I,PER,Peru,A,Annual,GHG,Greenhouse gases,_T,Total emissions excluding LULUCF,T_CO2E,Tonnes of CO2-equivalent,2015,,97808.888803038,,A,Normal value,3,Thousands,,,,,2,Two,,
DATAFLOW,OECD.ENV.EPI:DSD_AIR_GHG@DF_AIR_GHG(1.0),Air emissions - Greenhouse gas emissions Inventories,I,LUX,Luxembourg,A,Annual,GHG,Greenhouse gases,_T,Total emissions excluding LULUCF,T_CO2E,Tonnes of CO2-equivalent,2015,,10374.833072436,,A,Normal value,3,Thousands,,,,,2,Two,,
DATAFLOW,OECD.ENV.EPI:DSD_AIR_GHG@DF_AIR_GHG(1.0),Air emissions - Greenhouse gas emissions Inventories,I,EST,Estonia,A,Annual,GHG,Greenhouse gases,_T,Total emissions excluding LULUCF,T_CO2E,Tonnes of CO2-equivalent,2015,,17910.501562164,,A,Normal value,3,Thousands,,,,,2,Two,,
DATAFLOW,OECD.ENV.EPI:DSD_AIR_GHG@DF_AIR_GHG(1.0),Air emissions - Greenhouse gas emissions Inventories,I,ISL,Iceland,A,Annual,GHG,Greenhouse gases,_T,Total emissions excluding LULUCF,T_CO2E,Tonnes of CO2-equivalent,2015,,4820.4260842928,,A,Normal value,3,Thousands,,,,,2,Two,,
DATAFLOW,OECD.ENV.EPI:DSD_AIR_GHG@DF_AIR_GHG(1.0),Air emissions - Greenhouse gas emissions Inventories,I,ISR,Israel,A,Annual,GHG,Greenhouse gases,_T,Total emissions excluding LULUCF,T_CO2E,Tonnes of CO2-equivalent,2015,,81303.08,,A,Normal value,3,Thousands,,,,,2,Two,,
DATAFLOW,OECD.ENV.EPI:DSD_AIR_GHG@DF_AIR_GHG(1.0),Air emissions - Greenhouse gas emissions Inventories,I,DZA,Algeria,A,Annual,GHG,Greenhouse gases,_T,Total emissions excluding LULUCF,T_CO2E,Tonnes of CO2-equivalent,2015,,207204.68666526,,A,Normal value,3,Thousands,,,,,2,Two,,
DATAFLOW,OECD.ENV.EPI:DSD_AIR_GHG@DF_AIR_GHG(1.0),Air emissions - Greenhouse gas emissions Inventories,I,BRN,Brunei Darussalam,A,Annual,GHG,Greenhouse gases,_T,Total emissions excluding LULUCF,T_CO2E,Tonnes of CO2-equivalent,2015,,11085.053773469,,A,Normal value,3,Thousands,,,,,2,Two,,
DATAFLOW,OECD.ENV.EPI:DSD_AIR_GHG@DF_AIR_GHG(1.0),Air emissions - Greenhouse gas emissions Inventories,I,CIV,Côte d’Ivoire,A,Annual,GHG,Greenhouse gases,_T,Total emissions excluding LULUCF,T_CO2E,Tonnes of CO2-equivalent,2015,,47426.327396596,,A,Normal value,3,Thousands,,,,,2,Two,,
DATAFLOW,OECD.ENV.EPI:DSD_AIR_GHG@DF_AIR_GHG(1.0),Air emissions - Greenhouse gas emissions Inventories,I,CUB,Cuba,A,Annual,GHG,Greenhouse gases,_T,Total emissions excluding LULUCF,T_CO2E,Tonnes of CO2-equivalent,2015,,59362.441434075,,A,Normal value,3,Thousands,,,,,2,Two,,
DATAFLOW,OECD.ENV.EPI:DSD_AIR_GHG@DF_AIR_GHG(1.0),Air emissions - Greenhouse gas emissions Inventories,I,CYP,Cyprus,A,Annual,GHG,Greenhouse gases,_T,Total emissions excluding LULUCF,T_CO2E,Tonnes of CO2-equivalent,2015,,8330.1562543644,,A,Normal value,3,Thousands,,,,,2,Two,,
DATAFLOW,OECD.ENV.EPI:DSD_AIR_GHG@DF_AIR_GHG(1.0),Air emissions - Greenhouse gas emissions Inventories,I,EGY,Egypt,A,Annual,GHG,Greenhouse gases,_T,Total emissions excluding LULUCF,T_CO2E,Tonnes of CO2-equivalent,2015,,334185.05347087,,A,Normal value,3,Thousands,,,,,2,Two,,
DATAFLOW,OECD.ENV.EPI:DSD_AIR_GHG@DF_AIR_GHG(1.0),Air emissions - Greenhouse gas emissions Inventories,I,GTM,Guatemala,A,Annual,GHG,Greenhouse gases,_T,Total emissions excluding LULUCF,T_CO2E,Tonnes of CO2-equivalent,2015,,29633.268690907,,A,Normal value,3,Thousands,,,,,2,Two,,
DATAFLOW,OECD.ENV.EPI:DSD_AIR_GHG@DF_AIR_GHG(1.0),Air emissions - Greenhouse gas emissions Inventories,I,GNB,Guinea-Bissau,A,Annual,GHG,Greenhouse gases,_T,Total emissions excluding LULUCF,T_CO2E,Tonnes of CO2-equivalent,2015,,1299.481052208,,A,Normal value,3,Thousands,,,,,2,Two,,
DATAFLOW,OECD.ENV.EPI:DSD_AIR_GHG@DF_AIR_GHG(1.0),Air emissions - Greenhouse gas emissions Inventories,I,GUY,Guyana,A,Annual,GHG,Greenhouse gases,_T,Total emissions excluding LULUCF,T_CO2E,Tonnes of CO2-equivalent,2015,,4617.6094977549,,A,Normal value,3,Thousands,,,,,2,Two,,
DATAFLOW,OECD.ENV.EPI:DSD_AIR_GHG@DF_AIR_GHG(1.0),Air emissions - Greenhouse gas emissions Inventories,I,VAT,Holy See,A,Annual,GHG,Greenhouse gases,_T,Total emissions excluding LULUCF,T_CO2E,Tonnes of CO2-equivalent,2015,,17.299764883509,,A,Normal value,3,Thousands,,,,,2,Two,,
DATAFLOW,OECD.ENV.EPI:DSD_AIR_GHG@DF_AIR_GHG(1.0),Air emissions - Greenhouse gas emissions Inventories,I,KEN,Kenya,A,Annual,GHG,Greenhouse gases,_T,Total emissions excluding LULUCF,T_CO2E,Tonnes of CO2-equivalent,2015,,55780.118626785,,A,Normal value,3,Thousands,,,,,2,Two,,
DATAFLOW,OECD.ENV.EPI:DSD_AIR_GHG@DF_AIR_GHG(1.0),Air emissions - Greenhouse gas emissions Inventories,I,LIE,Liechtenstein,A,Annual,GHG,Greenhouse gases,_T,Total emissions excluding LULUCF,T_CO2E,Tonnes of CO2-equivalent,2015,,197.46582548594,,A,Normal value,3,Thousands,,,,,2,Two,,
DATAFLOW,OECD.ENV.EPI:DSD_AIR_GHG@DF_AIR_GHG(1.0),Air emissions - Greenhouse gas emissions Inventories,I,MDV,Maldives,A,Annual,GHG,Greenhouse gases,_T,Total emissions excluding LULUCF,T_CO2E,Tonnes of CO2-equivalent,2015,,1546.876312912,,A,Normal value,3,Thousands,,,,,2,Two,,
DATAFLOW,OECD.ENV.EPI:DSD_AIR_GHG@DF_AIR_GHG(1.0),Air emissions - Greenhouse gas emissions Inventories,I,MLT,Malta,A,Annual,GHG,Greenhouse gases,_T,Total emissions excluding LULUCF,T_CO2E,Tonnes of CO2-equivalent,2015,,2135.5797707401,,A,Normal value,3,Thousands,,,,,2,Two,,
DATAFLOW,OECD.ENV.EPI:DSD_AIR_GHG@DF_AIR_GHG(1.0),Air emissions - Greenhouse gas emissions Inventories,I,MUS,Mauritius,A,Annual,GHG,Greenhouse gases,_T,Total emissions excluding LULUCF,T_CO2E,Tonnes of CO2-equivalent,2015,,5230.4309492251,,A,Normal value,3,Thousands,,,,,2,Two,,
DATAFLOW,OECD.ENV.EPI:DSD_AIR_GHG@DF_AIR_GHG(1.0),Air emissions - Greenhouse gas emissions Inventories,I,MDA,Moldova,A,Annual,GHG,Greenhouse gases,_T,Total emissions excluding LULUCF,T_CO2E,Tonnes of CO2-equivalent,2015,,13163.085206835,,A,Normal value,3,Thousands,,,,,2,Two,,
DATAFLOW,OECD.ENV.EPI:DSD_AIR_GHG@DF_AIR_GHG(1.0),Air emissions - Greenhouse gas emissions Inventories,I,MCO,Monaco,A,Annual,GHG,Greenhouse gases,_T,Total emissions excluding LULUCF,T_CO2E,Tonnes of CO2-equivalent,2015,,88.05653695381,,A,Normal value,3,Thousands,,,,,2,Two,,
DATAFLOW,OECD.ENV.EPI:DSD_AIR_GHG@DF_AIR_GHG(1.0),Air emissions - Greenhouse gas emissions Inventories,I,NAM,Namibia,A,Annual,GHG,Greenhouse gases,_T,Total emissions excluding LULUCF,T_CO2E,Tonnes of CO2-equivalent,2015,,11273.793962189,,A,Normal value,3,Thousands,,,,,2,Two,,
DATAFLOW,OECD.ENV.EPI:DSD_AIR_GHG@DF_AIR_GHG(1.0),Air emissions - Greenhouse gas emissions Inventories,I,NPL,Nepal,A,Annual,GHG,Greenhouse gases,_T,Total emissions excluding LULUCF,T_CO2E,Tonnes of CO2-equivalent,2015,,42820.700771217,,A,Normal value,3,Thousands,,,,,2,Two,,
DATAFLOW,OECD.ENV.EPI:DSD_AIR_GHG@DF_AIR_GHG(1.0),Air emissions - Greenhouse gas emissions Inventories,I,NGA,Nigeria,A,Annual,GHG,Greenhouse gases,_T,Total emissions excluding LULUCF,T_CO2E,Tonnes of CO2-equivalent,2015,,290739.00466764,,A,Normal value,3,Thousands,,,,,2,Two,,
DATAFLOW,OECD.ENV.EPI:DSD_AIR_GHG@DF_AIR_GHG(1.0),Air emissions - Greenhouse gas emissions Inventories,I,PAN,Panama,A,Annual,GHG,Greenhouse gases,_T,Total emissions excluding LULUCF,T_CO2E,Tonnes of CO2-equivalent,2015,,17794.36090244,,A,Normal value,3,Thousands,,,,,2,Two,,
DATAFLOW,OECD.ENV.EPI:DSD_AIR_GHG@DF_AIR_GHG(1.0),Air emissions - Greenhouse gas emissions Inventories,I,RWA,Rwanda,A,Annual,GHG,Greenhouse gases,_T,Total emissions excluding LULUCF,T_CO2E,Tonnes of CO2-equivalent,2015,,9559.8866260246,,A,Normal value,3,Thousands,,,,,2,Two,,
DATAFLOW,OECD.ENV.EPI:DSD_AIR_GHG@DF_AIR_GHG(1.0),Air emissions - Greenhouse gas emissions Inventories,I,SGP,Singapore,A,Annual,GHG,Greenhouse gases,_T,Total emissions excluding LULUCF,T_CO2E,Tonnes of CO2-equivalent,2015,,54326.718351919,,A,Normal value,3,Thousands,,,,,2,Two,,
DATAFLOW,OECD.ENV.EPI:DSD_AIR_GHG@DF_AIR_GHG(1.0),Air emissions - Greenhouse gas emissions Inventories,I,SLB,Solomon Islands,A,Annual,GHG,Greenhouse gases,_T,Total emissions excluding LULUCF,T_CO2E,Tonnes of CO2-equivalent,2015,,519.39897778376,,A,Normal value,3,Thousands,,,,,2,Two,,
DATAFLOW,OECD.ENV.EPI:DSD_AIR_GHG@DF_AIR_GHG(1.0),Air emissions - Greenhouse gas emissions Inventories,I,ZAF,South Africa,A,Annual,GHG,Greenhouse gases,_T,Total emissions excluding LULUCF,T_CO2E,Tonnes of CO2-equivalent,2015,,512499.05914015,,A,Normal value,3,Thousands,,,,,2,Two,,
DATAFLOW,OECD.ENV.EPI:DSD_AIR_GHG@DF_AIR_GHG(1.0),Air emissions - Greenhouse gas emissions Inventories,I,UZB,Uzbekistan,A,Annual,GHG,Greenhouse gases,_T,Total emissions excluding LULUCF,T_CO2E,Tonnes of CO2-equivalent,2015,,166995.72268057,,A,Normal value,3,Thousands,,,,,2,Two,,
DATAFLOW,OECD.ENV.EPI:DSD_AIR_GHG@DF_AIR_GHG(1.0),Air emissions - Greenhouse gas emissions Inventories,I,VEN,Venezuela,A,Annual,GHG,Greenhouse gases,_T,Total emissions excluding LULUCF,T_CO2E,Tonnes of CO2-equivalent,2015,,232706.95388802,,A,Normal value,3,Thousands,,,,,2,Two,,
DATAFLOW,OECD.ENV.EPI:DSD_AIR_GHG@DF_AIR_GHG(1.0),Air emissions - Greenhouse gas emissions Inventories,I,SWE,Sweden,A,Annual,GHG,Greenhouse gases,_T,Total emissions excluding LULUCF,T_CO2E,Tonnes of CO2-equivalent,2015,,53250.64590389,,A,Normal value,3,Thousands,,,,,2,Two,,
DATAFLOW,OECD.ENV.EPI:DSD_AIR_GHG@DF_AIR_GHG(1.0),Air emissions - Greenhouse gas emissions Inventories,I,NZL,New Zealand,A,Annual,GHG,Greenhouse gases,_T,Total emissions excluding LULUCF,T_CO2E,Tonnes of CO2-equivalent,2015,,83007.962276281,,A,Normal value,3,Thousands,,,,,2,Two,,
DATAFLOW,OECD.ENV.EPI:DSD_AIR_GHG@DF_AIR_GHG(1.0),Air emissions - Greenhouse gas emissions Inventories,I,ITA,Italy,A,Annual,GHG,Greenhouse gases,_T,Total emissions excluding LULUCF,T_CO2E,Tonnes of CO2-equivalent,2015,,437699.89657316,,A,Normal value,3,Thousands,,,,,2,Two,,
DATAFLOW,OECD.ENV.EPI:DSD_AIR_GHG@DF_AIR_GHG(1.0),Air emissions - Greenhouse gas emissions Inventories,I,DEU,Germany,A,Annual,GHG,Greenhouse gases,_T,Total emissions excluding LULUCF,T_CO2E,Tonnes of CO2-equivalent,2015,,898605.65289619,,A,Normal value,3,Thousands,,,,,2,Two,,
DATAFLOW,OECD.ENV.EPI:DSD_AIR_GHG@DF_AIR_GHG(1.0),Air emissions - Greenhouse gas emissions Inventories,I,BRA,Brazil,A,Annual,GHG,Greenhouse gases,_T,Total emissions excluding LULUCF,T_CO2E,Tonnes of CO2-equivalent,2015,,1189537.9901085,,A,Normal value,3,Thousands,,,,,2,Two,,
DATAFLOW,OECD.ENV.EPI:DSD_AIR_GHG@DF_AIR_GHG(1.0),Air emissions - Greenhouse gas emissions Inventories,I,AUT,Austria,A,Annual,GHG,Greenhouse gases,_T,Total emissions excluding LULUCF,T_CO2E,Tonnes of CO2-equivalent,2015,,79316.296181623,,A,Normal value,3,Thousands,,,,,2,Two,,
DATAFLOW,OECD.ENV.EPI:DSD_AIR_GHG@DF_AIR_GHG(1.0),Air emissions - Greenhouse gas emissions Inventories,I,MYS,Malaysia,A,Annual,GHG,Greenhouse gases,_T,Total emissions excluding LULUCF,T_CO2E,Tonnes of CO2-equivalent,2015,,317743.64377516,,A,Normal value,3,Thousands,,,,,2,Two,,
DATAFLOW,OECD.ENV.EPI:DSD_AIR_GHG@DF_AIR_GHG(1.0),Air emissions - Greenhouse gas emissions Inventories,I,HUN,Hungary,A,Annual,GHG,Greenhouse gases,_T,Total emissions excluding LULUCF,T_CO2E,Tonnes of CO2-equivalent,2015,,62443.299372274,,A,Normal value,3,Thousands,,,,,2,Two,,
DATAFLOW,OECD.ENV.EPI:DSD_AIR_GHG@DF_AIR_GHG(1.0),Air emissions - Greenhouse gas emissions Inventories,I,BEL,Belgium,A,Annual,GHG,Greenhouse gases,_T,Total emissions excluding LULUCF,T_CO2E,Tonnes of CO2-equivalent,2015,,118419.60610476,,A,Normal value,3,Thousands,,,,,2,Two,,
DATAFLOW,OECD.ENV.EPI:DSD_AIR_GHG@DF_AIR_GHG(1.0),Air emissions - Greenhouse gas emissions Inventories,I,SVK,Slovak Republic,A,Annual,GHG,Greenhouse gases,_T,Total emissions excluding LULUCF,T_CO2E,Tonnes of CO2-equivalent,2015,,41374.671313349,,A,Normal value,3,Thousands,,,,,2,Two,,
DATAFLOW,OECD.ENV.EPI:DSD_AIR_GHG@DF_AIR_GHG(1.0),Air emissions - Greenhouse gas emissions Inventories,I,LTU,Lithuania,A,Annual,GHG,Greenhouse gases,_T,Total emissions excluding LULUCF,T_CO2E,Tonnes of CO2-equivalent,2015,,19622.474300108,,A,Normal value,3,Thousands,,,,,2,Two,,
DATAFLOW,OECD.ENV.EPI:DSD_AIR_GHG@DF_AIR_GHG(1.0),Air emissions - Greenhouse gas emissions Inventories,I,KOR,Korea,A,Annual,GHG,Greenhouse gases,_T,Total emissions excluding LULUCF,T_CO2E,Tonnes of CO2-equivalent,2015,,725053.11,,A,Normal value,3,Thousands,,,,,2,Two,,
DATAFLOW,OECD.ENV.EPI:DSD_AIR_GHG@DF_AIR_GHG(1.0),Air emissions - Greenhouse gas emissions Inventories,I,COL,Colombia,A,Annual,GHG,Greenhouse gases,_T,Total emissions excluding LULUCF,T_CO2E,Tonnes of CO2-equivalent,2015,,169324.71,,A,Normal value,3,Thousands,,,,,2,Two,,
DATAFLOW,OECD.ENV.EPI:DSD_AIR_GHG@DF_AIR_GHG(1.0),Air emissions - Greenhouse gas emissions Inventories,I,GBR,United Kingdom,A,Annual,GHG,Greenhouse gases,_T,Total emissions excluding LULUCF,T_CO2E,Tonnes of CO2-equivalent,2015,,513961.8770572,,A,Normal value,3,Thousands,,,,,2,Two,,
DATAFLOW,OECD.ENV.EPI:DSD_AIR_GHG@DF_AIR_GHG(1.0),Air emissions - Greenhouse gas emissions Inventories,I,PRT,Portugal,A,Annual,GHG,Greenhouse gases,_T,Total emissions excluding LULUCF,T_CO2E,Tonnes of CO2-equivalent,2015,,67312.677196575,,A,Normal value,3,Thousands,,,,,2,Two,,
DATAFLOW,OECD.ENV.EPI:DSD_AIR_GHG@DF_AIR_GHG(1.0),Air emissions - Greenhouse gas emissions Inventories,I,POL,Poland,A,Annual,GHG,Greenhouse gases,_T,Total emissions excluding LULUCF,T_CO2E,Tonnes of CO2-equivalent,2015,,381273.99288058,,A,Normal value,3,Thousands,,,,,2,Two,,
DATAFLOW,OECD.ENV.EPI:DSD_AIR_GHG@DF_AIR_GHG(1.0),Air emissions - Greenhouse gas emissions Inventories,I,CAN,Canada,A,Annual,GHG,Greenhouse gases,_T,Total emissions excluding LULUCF,T_CO2E,Tonnes of CO2-equivalent,2015,,743372.42353747,,A,Normal value,3,Thousands,,,,,2,Two,,
DATAFLOW,OECD.ENV.EPI:DSD_AIR_GHG@DF_AIR_GHG(1.0),Air emissions - Greenhouse gas emissions Inventories,I,AUS,Australia,A,Annual,GHG,Greenhouse gases,_T,Total emissions excluding LULUCF,T_CO2E,Tonnes of CO2-equivalent,2015,,542573.94524974,,A,Normal value,3,Thousands,,,,,2,Two,,
DATAFLOW,OECD.ENV.EPI:DSD_AIR_GHG@DF_AIR_GHG(1.0),Air emissions - Greenhouse gas emissions Inventories,I,ROU,Romania,A,Annual,GHG,Greenhouse gases,_T,Total emissions excluding LULUCF,T_CO2E,Tonnes of CO2-equivalent,2015,,106704.49117456,,A,Normal value,3,Thousands,,,,,2,Two,,
DATAFLOW,OECD.ENV.EPI:DSD_AIR_GHG@DF_AIR_GHG(1.0),Air emissions - Greenhouse gas emissions Inventories,I,FRA,France,A,Annual,GHG,Greenhouse gases,_T,Total emissions excluding LULUCF,T_CO2E,Tonnes of CO2-equivalent,2015,,467129.19682076,,A,Normal value,3,Thousands,,,,,2,Two,,
DATAFLOW,OECD.ENV.EPI:DSD_AIR_GHG@DF_AIR_GHG(1.0),Air emissions - Greenhouse gas emissions Inventories,I,BGR,Bulgaria,A,Annual,GHG,Greenhouse gases,_T,Total emissions excluding LULUCF,T_CO2E,Tonnes of CO2-equivalent,2015,,60639.739309096,,A,Normal value,3,Thousands,,,,,2,Two,,
DATAFLOW,OECD.ENV.EPI:DSD_AIR_GHG@DF_AIR_GHG(1.0),Air emissions - Greenhouse gas emissions Inventories,I,ESP,Spain,A,Annual,GHG,Greenhouse gases,_T,Total emissions excluding LULUCF,T_CO2E,Tonnes of CO2-equivalent,2015,,332237.39614294,,A,Normal value,3,Thousands,,,,,2,Two,,
DATAFLOW,OECD.ENV.EPI:DSD_AIR_GHG@DF_AIR_GHG(1.0),Air emissions - Greenhouse gas emissions Inventories,I,NOR,Norway,A,Annual,GHG,Greenhouse gases,_T,Total emissions excluding LULUCF,T_CO2E,Tonnes of CO2-equivalent,2015,,54012.479317771,,A,Normal value,3,Thousands,,,,,2,Two,,
DATAFLOW,OECD.ENV.EPI:DSD_AIR_GHG@DF_AIR_GHG(1.0),Air emissions - Greenhouse gas emissions Inventories,I,NLD,Netherlands,A,Annual,GHG,Greenhouse gases,_T,Total emissions excluding LULUCF,T_CO2E,Tonnes of CO2-equivalent,2015,,194278.20896371,,A,Normal value,3,Thousands,,,,,2,Two,,
DATAFLOW,OECD.ENV.EPI:DSD_AIR_GHG@DF_AIR_GHG(1.0),Air emissions - Greenhouse gas emissions Inventories,I,EU27_2020,European Union (27 countries from 01/02/2020),A,Annual,GHG,Greenhouse gases,_T,Total emissions excluding LULUCF,T_CO2E,Tonnes of CO2-equivalent,2015,,3790107.8679345,,A,Normal value,3,Thousands,,,,,2,Two,,
DATAFLOW,OECD.ENV.EPI:DSD_AIR_GHG@DF_AIR_GHG(1.0),Air emissions - Greenhouse gas emissions Inventories,I,NLD,Netherlands,A,Annual,GHG,Greenhouse gases,_T,Total emissions excluding LULUCF,T_CO2E,Tonnes of CO2-equivalent,2017,,192126.4325373,,A,Normal value,3,Thousands,,,,,2,Two,,
DATAFLOW,OECD.ENV.EPI:DSD_AIR_GHG@DF_AIR_GHG(1.0),Air emissions - Greenhouse gas emissions Inventories,I,NOR,Norway,A,Annual,GHG,Greenhouse gases,_T,Total emissions excluding LULUCF,T_CO2E,Tonnes of CO2-equivalent,2017,,52423.747954214,,A,Normal value,3,Thousands,,,,,2,Two,,
DATAFLOW,OECD.ENV.EPI:DSD_AIR_GHG@DF_AIR_GHG(1.0),Air emissions - Greenhouse gas emissions Inventories,I,ESP,Spain,A,Annual,GHG,Greenhouse gases,_T,Total emissions excluding LULUCF,T_CO2E,Tonnes of CO2-equivalent,2017,,334151.79447935,,A,Normal value,3,Thousands,,,,,2,Two,,
DATAFLOW,OECD.ENV.EPI:DSD_AIR_GHG@DF_AIR_GHG(1.0),Air emissions - Greenhouse gas emissions Inventories,I,BGR,Bulgaria,A,Annual,GHG,Greenhouse gases,_T,Total emissions excluding LULUCF,T_CO2E,Tonnes of CO2-equivalent,2017,,59974.468850526,,A,Normal value,3,Thousands,,,,,2,Two,,
DATAFLOW,OECD.ENV.EPI:DSD_AIR_GHG@DF_AIR_GHG(1.0),Air emissions - Greenhouse gas emissions Inventories,I,FRA,France,A,Annual,GHG,Greenhouse gases,_T,Total emissions excluding LULUCF,T_CO2E,Tonnes of CO2-equivalent,2017,,473086.61910095,,A,Normal value,3,Thousands,,,,,2,Two,,
DATAFLOW,OECD.ENV.EPI:DSD_AIR_GHG@DF_AIR_GHG(1.0),Air emissions - Greenhouse gas emissions Inventories,I,ROU,Romania,A,Annual,GHG,Greenhouse gases,_T,Total emissions excluding LULUCF,T_CO2E,Tonnes of CO2-equivalent,2017,,108377.28040188,,A,Normal value,3,Thousands,,,,,2,Two,,
DATAFLOW,OECD.ENV.EPI:DSD_AIR_GHG@DF_AIR_GHG(1.0),Air emissions - Greenhouse gas emissions Inventories,I,AUS,Australia,A,Annual,GHG,Greenhouse gases,_T,Total emissions excluding LULUCF,T_CO2E,Tonnes of CO2-equivalent,2017,,559710.71473518,,A,Normal value,3,Thousands,,,,,2,Two,,
DATAFLOW,OECD.ENV.EPI:DSD_AIR_GHG@DF_AIR_GHG(1.0),Air emissions - Greenhouse gas emissions Inventories,I,CAN,Canada,A,Annual,GHG,Greenhouse gases,_T,Total emissions excluding LULUCF,T_CO2E,Tonnes of CO2-equivalent,2017,,738816.76459799,,A,Normal value,3,Thousands,,,,,2,Two,,
DATAFLOW,OECD.ENV.EPI:DSD_AIR_GHG@DF_AIR_GHG(1.0),Air emissions - Greenhouse gas emissions Inventories,I,POL,Poland,A,Annual,GHG,Greenhouse gases,_T,Total emissions excluding LULUCF,T_CO2E,Tonnes of CO2-equivalent,2017,,406433.19301622,,A,Normal value,3,Thousands,,,,,2,Two,,
DATAFLOW,OECD.ENV.EPI:DSD_AIR_GHG@DF_AIR_GHG(1.0),Air emissions - Greenhouse gas emissions Inventories,I,PRT,Portugal,A,Annual,GHG,Greenhouse gases,_T,Total emissions excluding LULUCF,T_CO2E,Tonnes of CO2-equivalent,2017,,70591.456837817,,A,Normal value,3,Thousands,,,,,2,Two,,
DATAFLOW,OECD.ENV.EPI:DSD_AIR_GHG@DF_AIR_GHG(1.0),Air emissions - Greenhouse gas emissions Inventories,I,GBR,United Kingdom,A,Annual,GHG,Greenhouse gases,_T,Total emissions excluding LULUCF,T_CO2E,Tonnes of CO2-equivalent,2017,,474866.76327214,,A,Normal value,3,Thousands,,,,,2,Two,,
DATAFLOW,OECD.ENV.EPI:DSD_AIR_GHG@DF_AIR_GHG(1.0),Air emissions - Greenhouse gas emissions Inventories,I,COL,Colombia,A,Annual,GHG,Greenhouse gases,_T,Total emissions excluding LULUCF,T_CO2E,Tonnes of CO2-equivalent,2017,,167309.73,,A,Normal value,3,Thousands,,,,,2,Two,,
DATAFLOW,OECD.ENV.EPI:DSD_AIR_GHG@DF_AIR_GHG(1.0),Air emissions - Greenhouse gas emissions Inventories,I,KOR,Korea,A,Annual,GHG,Greenhouse gases,_T,Total emissions excluding LULUCF,T_CO2E,Tonnes of CO2-equivalent,2017,,756270.39,,A,Normal value,3,Thousands,,,,,2,Two,,
DATAFLOW,OECD.ENV.EPI:DSD_AIR_GHG@DF_AIR_GHG(1.0),Air emissions - Greenhouse gas emissions Inventories,I,LTU,Lithuania,A,Annual,GHG,Greenhouse gases,_T,Total emissions excluding LULUCF,T_CO2E,Tonnes of CO2-equivalent,2017,,19796.069352391,,A,Normal value,3,Thousands,,,,,2,Two,,
DATAFLOW,OECD.ENV.EPI:DSD_AIR_GHG@DF_AIR_GHG(1.0),Air emissions - Greenhouse gas emissions Inventories,I,SVK,Slovak Republic,A,Annual,GHG,Greenhouse gases,_T,Total emissions excluding LULUCF,T_CO2E,Tonnes of CO2-equivalent,2017,,43190.157175602,,A,Normal value,3,Thousands,,,,,2,Two,,
DATAFLOW,OECD.ENV.EPI:DSD_AIR_GHG@DF_AIR_GHG(1.0),Air emissions - Greenhouse gas emissions Inventories,I,BEL,Belgium,A,Annual,GHG,Greenhouse gases,_T,Total emissions excluding LULUCF,T_CO2E,Tonnes of CO2-equivalent,2017,,116379.18985196,,A,Normal value,3,Thousands,,,,,2,Two,,
DATAFLOW,OECD.ENV.EPI:DSD_AIR_GHG@DF_AIR_GHG(1.0),Air emissions - Greenhouse gas emissions Inventories,I,HUN,Hungary,A,Annual,GHG,Greenhouse gases,_T,Total emissions excluding LULUCF,T_CO2E,Tonnes of CO2-equivalent,2017,,65294.878539118,,A,Normal value,3,Thousands,,,,,2,Two,,
DATAFLOW,OECD.ENV.EPI:DSD_AIR_GHG@DF_AIR_GHG(1.0),Air emissions - Greenhouse gas emissions Inventories,I,AUT,Austria,A,Annual,GHG,Greenhouse gases,_T,Total emissions excluding LULUCF,T_CO2E,Tonnes of CO2-equivalent,2017,,82703.415667809,,A,Normal value,3,Thousands,,,,,2,Two,,
DATAFLOW,OECD.ENV.EPI:DSD_AIR_GHG@DF_AIR_GHG(1.0),Air emissions - Greenhouse gas emissions Inventories,I,BRA,Brazil,A,Annual,GHG,Greenhouse gases,_T,Total emissions excluding LULUCF,T_CO2E,Tonnes of CO2-equivalent,2017,,1180124.535155,,A,Normal value,3,Thousands,,,,,2,Two,,
DATAFLOW,OECD.ENV.EPI:DSD_AIR_GHG@DF_AIR_GHG(1.0),Air emissions - Greenhouse gas emissions Inventories,I,MYS,Malaysia,A,Annual,GHG,Greenhouse gases,_T,Total emissions excluding LULUCF,T_CO2E,Tonnes of CO2-equivalent,2017,,317345.25693296,,A,Normal value,3,Thousands,,,,,2,Two,,
DATAFLOW,OECD.ENV.EPI:DSD_AIR_GHG@DF_AIR_GHG(1.0),Air emissions - Greenhouse gas emissions Inventories,I,DNK,Denmark,A,Annual,GHG,Greenhouse gases,_T,Total emissions excluding LULUCF,T_CO2E,Tonnes of CO2-equivalent,2017,,51293.316565425,,A,Normal value,3,Thousands,,,,,2,Two,,
DATAFLOW,OECD.ENV.EPI:DSD_AIR_GHG@DF_AIR_GHG(1.0),Air emissions - Greenhouse gas emissions Inventories,I,DEU,Germany,A,Annual,GHG,Greenhouse gases,_T,Total emissions excluding LULUCF,T_CO2E,Tonnes of CO2-equivalent,2017,,886279.76280056,,A,Normal value,3,Thousands,,,,,2,Two,,
DATAFLOW,OECD.ENV.EPI:DSD_AIR_GHG@DF_AIR_GHG(1.0),Air emissions - Greenhouse gas emissions Inventories,I,ITA,Italy,A,Annual,GHG,Greenhouse gases,_T,Total emissions excluding LULUCF,T_CO2E,Tonnes of CO2-equivalent,2017,,427139.08232268,,A,Normal value,3,Thousands,,,,,2,Two,,
DATAFLOW,OECD.ENV.EPI:DSD_AIR_GHG@DF_AIR_GHG(1.0),Air emissions - Greenhouse gas emissions Inventories,I,NZL,New Zealand,A,Annual,GHG,Greenhouse gases,_T,Total emissions excluding LULUCF,T_CO2E,Tonnes of CO2-equivalent,2017,,82301.693907162,,A,Normal value,3,Thousands,,,,,2,Two,,
DATAFLOW,OECD.ENV.EPI:DSD_AIR_GHG@DF_AIR_GHG(1.0),Air emissions - Greenhouse gas emissions Inventories,I,SWE,Sweden,A,Annual,GHG,Greenhouse gases,_T,Total emissions excluding LULUCF,T_CO2E,Tonnes of CO2-equivalent,2017,,52248.9742121,,A,Normal value,3,Thousands,,,,,2,Two,,
DATAFLOW,OECD.ENV.EPI:DSD_AIR_GHG@DF_AIR_GHG(1.0),Air emissions - Greenhouse gas emissions Inventories,I,CHE,Switzerland,A,Annual,GHG,Greenhouse gases,_T,Total emissions excluding LULUCF,T_CO2E,Tonnes of CO2-equivalent,2017,,48325.99001418,,A,Normal value,3,Thousands,,,,,2,Two,,
DATAFLOW,OECD.ENV.EPI:DSD_AIR_GHG@DF_AIR_GHG(1.0),Air emissions - Greenhouse gas emissions Inventories,I,CHL,Chile,A,Annual,GHG,Greenhouse gases,_T,Total emissions excluding LULUCF,T_CO2E,Tonnes of CO2-equivalent,2017,,105726.64,,A,Normal value,3,Thousands,,,,,2,Two,,
DATAFLOW,OECD.ENV.EPI:DSD_AIR_GHG@DF_AIR_GHG(1.0),Air emissions - Greenhouse gas emissions Inventories,I,CZE,Czechia,A,Annual,GHG,Greenhouse gases,_T,Total emissions excluding LULUCF,T_CO2E,Tonnes of CO2-equivalent,2017,,128176.97790622,,A,Normal value,3,Thousands,,,,,2,Two,,
DATAFLOW,OECD.ENV.EPI:DSD_AIR_GHG@DF_AIR_GHG(1.0),Air emissions - Greenhouse gas emissions Inventories,I,MEX,Mexico,A,Annual,GHG,Greenhouse gases,_T,Total emissions excluding LULUCF,T_CO2E,Tonnes of CO2-equivalent,2017,,757975.81,,A,Normal value,3,Thousands,,,,,2,Two,,
DATAFLOW,OECD.ENV.EPI:DSD_AIR_GHG@DF_AIR_GHG(1.0),Air emissions - Greenhouse gas emissions Inventories,I,JPN,Japan,A,Annual,GHG,Greenhouse gases,_T,Total emissions excluding LULUCF,T_CO2E,Tonnes of CO2-equivalent,2017,,1266843.700682,,A,Normal value,3,Thousands,,,,,2,Two,,
DATAFLOW,OECD.ENV.EPI:DSD_AIR_GHG@DF_AIR_GHG(1.0),Air emissions - Greenhouse gas emissions Inventories,I,SVN,Slovenia,A,Annual,GHG,Greenhouse gases,_T,Total emissions excluding LULUCF,T_CO2E,Tonnes of CO2-equivalent,2017,,17896.274316422,,A,Normal value,3,Thousands,,,,,2,Two,,
DATAFLOW,OECD.ENV.EPI:DSD_AIR_GHG@DF_AIR_GHG(1.0),Air emissions - Greenhouse gas emissions Inventories,I,USA,United States,A,Annual,GHG,Greenhouse gases,_T,Total emissions excluding LULUCF,T_CO2E,Tonnes of CO2-equivalent,2017,,6551027.15,,A,Normal value,3,Thousands,,,,,2,Two,,
DATAFLOW,OECD.ENV.EPI:DSD_AIR_GHG@DF_AIR_GHG(1.0),Air emissions - Greenhouse gas emissions Inventories,I,FIN,Finland,A,Annual,GHG,Greenhouse gases,_T,Total emissions excluding LULUCF,T_CO2E,Tonnes of CO2-equivalent,2017,,55086.572519254,,A,Normal value,3,Thousands,,,,,2,Two,,
DATAFLOW,OECD.ENV.EPI:DSD_AIR_GHG@DF_AIR_GHG(1.0),Air emissions - Greenhouse gas emissions Inventories,I,GRC,Greece,A,Annual,GHG,Greenhouse gases,_T,Total emissions excluding LULUCF,T_CO2E,Tonnes of CO2-equivalent,2017,,96251.83741037,,A,Normal value,3,Thousands,,,,,2,Two,,
DATAFLOW,OECD.ENV.EPI:DSD_AIR_GHG@DF_AIR_GHG(1.0),Air emissions - Greenhouse gas emissions Inventories,I,IRL,Ireland,A,Annual,GHG,Greenhouse gases,_T,Total emissions excluding LULUCF,T_CO2E,Tonnes of CO2-equivalent,2017,,61841.704810906,,A,Normal value,3,Thousands,,,,,2,Two,,
DATAFLOW,OECD.ENV.EPI:DSD_AIR_GHG@DF_AIR_GHG(1.0),Air emissions - Greenhouse gas emissions Inventories,I,LVA,Latvia,A,Annual,GHG,Greenhouse gases,_T,Total emissions excluding LULUCF,T_CO2E,Tonnes of CO2-equivalent,2017,,10645.786630452,,A,Normal value,3,Thousands,,,,,2,Two,,
DATAFLOW,OECD.ENV.EPI:DSD_AIR_GHG@DF_AIR_GHG(1.0),Air emissions - Greenhouse gas emissions Inventories,I,TUR,Türkiye,A,Annual,GHG,Greenhouse gases,_T,Total emissions excluding LULUCF,T_CO2E,Tonnes of CO2-equivalent,2017,,535157.74489155,,A,Normal value,3,Thousands,,,,,2,Two,,
DATAFLOW,OECD.ENV.EPI:DSD_AIR_GHG@DF_AIR_GHG(1.0),Air emissions - Greenhouse gas emissions Inventories,I,GHA,Ghana,A,Annual,GHG,Greenhouse gases,_T,Total emissions excluding LULUCF,T_CO2E,Tonnes of CO2-equivalent,2017,,37985.323556474,,A,Normal value,3,Thousands,,,,,2,Two,,
DATAFLOW,OECD.ENV.EPI:DSD_AIR_GHG@DF_AIR_GHG(1.0),Air emissions - Greenhouse gas emissions Inventories,I,IDN,Indonesia,A,Annual,GHG,Greenhouse gases,_T,Total emissions excluding LULUCF,T_CO2E,Tonnes of CO2-equivalent,2017,,872167.65719038,,A,Normal value,3,Thousands,,,,,2,Two,,
DATAFLOW,OECD.ENV.EPI:DSD_AIR_GHG@DF_AIR_GHG(1.0),Air emissions - Greenhouse gas emissions Inventories,I,UKR,Ukraine,A,Annual,GHG,Greenhouse gases,_T,Total emissions excluding LULUCF,T_CO2E,Tonnes of CO2-equivalent,2017,,328815.09055904,,A,Normal value,3,Thousands,,,,,2,Two,,
DATAFLOW,OECD.ENV.EPI:DSD_AIR_GHG@DF_AIR_GHG(1.0),Air emissions - Greenhouse gas emissions Inventories,I,HRV,Croatia,A,Annual,GHG,Greenhouse gases,_T,Total emissions excluding LULUCF,T_CO2E,Tonnes of CO2-equivalent,2017,,25664.864713663,,A,Normal value,3,Thousands,,,,,2,Two,,
DATAFLOW,OECD.ENV.EPI:DSD_AIR_GHG@DF_AIR_GHG(1.0),Air emissions - Greenhouse gas emissions Inventories,I,KAZ,Kazakhstan,A,Annual,GHG,Greenhouse gases,_T,Total emissions excluding LULUCF,T_CO2E,Tonnes of CO2-equivalent,2017,,409574.63088557,,A,Normal value,3,Thousands,,,,,2,Two,,
DATAFLOW,OECD.ENV.EPI:DSD_AIR_GHG@DF_AIR_GHG(1.0),Air emissions - Greenhouse gas emissions Inventories,I,CRI,Costa Rica,A,Annual,GHG,Greenhouse gases,_T,Total emissions excluding LULUCF,T_CO2E,Tonnes of CO2-equivalent,2017,,15531.73,,A,Normal value,3,Thousands,,,,,2,Two,,
DATAFLOW,OECD.ENV.EPI:DSD_AIR_GHG@DF_AIR_GHG(1.0),Air emissions - Greenhouse gas emissions Inventories,I,ARG,Argentina,A,Annual,GHG,Greenhouse gases,_T,Total emissions excluding LULUCF,T_CO2E,Tonnes of CO2-equivalent,2017,,343356.38730882,,A,Normal value,3,Thousands,,,,,2,Two,,
DATAFLOW,OECD.ENV.EPI:DSD_AIR_GHG@DF_AIR_GHG(1.0),Air emissions - Greenhouse gas emissions Inventories,I,GEO,Georgia,A,Annual,GHG,Greenhouse gases,_T,Total emissions excluding LULUCF,T_CO2E,Tonnes of CO2-equivalent,2017,,17788.77594237,,A,Normal value,3,Thousands,,,,,2,Two,,
DATAFLOW,OECD.ENV.EPI:DSD_AIR_GHG@DF_AIR_GHG(1.0),Air emissions - Greenhouse gas emissions Inventories,I,SRB,Serbia,A,Annual,GHG,Greenhouse gases,_T,Total emissions excluding LULUCF,T_CO2E,Tonnes of CO2-equivalent,2017,,65002.883869296,,A,Normal value,3,Thousands,,,,,2,Two,,
DATAFLOW,OECD.ENV.EPI:DSD_AIR_GHG@DF_AIR_GHG(1.0),Air emissions - Greenhouse gas emissions Inventories,I,ZWE,Zimbabwe,A,Annual,GHG,Greenhouse gases,_T,Total emissions excluding LULUCF,T_CO2E,Tonnes of CO2-equivalent,2017,,30431.750238867,,A,Normal value,3,Thousands,,,,,2,Two,,
DATAFLOW,OECD.ENV.EPI:DSD_AIR_GHG@DF_AIR_GHG(1.0),Air emissions - Greenhouse gas emissions Inventories,I,CYP,Cyprus,A,Annual,GHG,Greenhouse gases,_T,Total emissions excluding LULUCF,T_CO2E,Tonnes of CO2-equivalent,2017,,8937.5681515026,,A,Normal value,3,Thousands,,,,,2,Two,,
DATAFLOW,OECD.ENV.EPI:DSD_AIR_GHG@DF_AIR_GHG(1.0),Air emissions - Greenhouse gas emissions Inventories,I,PER,Peru,A,Annual,GHG,Greenhouse gases,_T,Total emissions excluding LULUCF,T_CO2E,Tonnes of CO2-equivalent,2017,,101198.82610155,,A,Normal value,3,Thousands,,,,,2,Two,,
DATAFLOW,OECD.ENV.EPI:DSD_AIR_GHG@DF_AIR_GHG(1.0),Air emissions - Greenhouse gas emissions Inventories,I,LUX,Luxembourg,A,Annual,GHG,Greenhouse gases,_T,Total emissions excluding LULUCF,T_CO2E,Tonnes of CO2-equivalent,2017,,10348.119663574,,A,Normal value,3,Thousands,,,,,2,Two,,
DATAFLOW,OECD.ENV.EPI:DSD_AIR_GHG@DF_AIR_GHG(1.0),Air emissions - Greenhouse gas emissions Inventories,I,EST,Estonia,A,Annual,GHG,Greenhouse gases,_T,Total emissions excluding LULUCF,T_CO2E,Tonnes of CO2-equivalent,2017,,20750.365931733,,A,Normal value,3,Thousands,,,,,2,Two,,
DATAFLOW,OECD.ENV.EPI:DSD_AIR_GHG@DF_AIR_GHG(1.0),Air emissions - Greenhouse gas emissions Inventories,I,ISL,Iceland,A,Annual,GHG,Greenhouse gases,_T,Total emissions excluding LULUCF,T_CO2E,Tonnes of CO2-equivalent,2017,,4861.1683218665,,A,Normal value,3,Thousands,,,,,2,Two,,
DATAFLOW,OECD.ENV.EPI:DSD_AIR_GHG@DF_AIR_GHG(1.0),Air emissions - Greenhouse gas emissions Inventories,I,ISR,Israel,A,Annual,GHG,Greenhouse gases,_T,Total emissions excluding LULUCF,T_CO2E,Tonnes of CO2-equivalent,2017,,80546.85,,A,Normal value,3,Thousands,,,,,2,Two,,
DATAFLOW,OECD.ENV.EPI:DSD_AIR_GHG@DF_AIR_GHG(1.0),Air emissions - Greenhouse gas emissions Inventories,I,DZA,Algeria,A,Annual,GHG,Greenhouse gases,_T,Total emissions excluding LULUCF,T_CO2E,Tonnes of CO2-equivalent,2017,,212107.85800282,,A,Normal value,3,Thousands,,,,,2,Two,,
DATAFLOW,OECD.ENV.EPI:DSD_AIR_GHG@DF_AIR_GHG(1.0),Air emissions - Greenhouse gas emissions Inventories,I,BRN,Brunei Darussalam,A,Annual,GHG,Greenhouse gases,_T,Total emissions excluding LULUCF,T_CO2E,Tonnes of CO2-equivalent,2017,,11246.215848797,,A,Normal value,3,Thousands,,,,,2,Two,,
DATAFLOW,OECD.ENV.EPI:DSD_AIR_GHG@DF_AIR_GHG(1.0),Air emissions - Greenhouse gas emissions Inventories,I,CIV,Côte d’Ivoire,A,Annual,GHG,Greenhouse gases,_T,Total emissions excluding LULUCF,T_CO2E,Tonnes of CO2-equivalent,2017,,46546.639958568,,A,Normal value,3,Thousands,,,,,2,Two,,
DATAFLOW,OECD.ENV.EPI:DSD_AIR_GHG@DF_AIR_GHG(1.0),Air emissions - Greenhouse gas emissions Inventories,I,CUB,Cuba,A,Annual,GHG,Greenhouse gases,_T,Total emissions excluding LULUCF,T_CO2E,Tonnes of CO2-equivalent,2017,,54477.063123213,,A,Normal value,3,Thousands,,,,,2,Two,,
DATAFLOW,OECD.ENV.EPI:DSD_AIR_GHG@DF_AIR_GHG(1.0),Air emissions - Greenhouse gas emissions Inventories,I,EGY,Egypt,A,Annual,GHG,Greenhouse gases,_T,Total emissions excluding LULUCF,T_CO2E,Tonnes of CO2-equivalent,2017,,356320.00535688,,A,Normal value,3,Thousands,,,,,2,Two,,
DATAFLOW,OECD.ENV.EPI:DSD_AIR_GHG@DF_AIR_GHG(1.0),Air emissions - Greenhouse gas emissions Inventories,I,GTM,Guatemala,A,Annual,GHG,Greenhouse gases,_T,Total emissions excluding LULUCF,T_CO2E,Tonnes of CO2-equivalent,2017,,30696.539378739,,A,Normal value,3,Thousands,,,,,2,Two,,
DATAFLOW,OECD.ENV.EPI:DSD_AIR_GHG@DF_AIR_GHG(1.0),Air emissions - Greenhouse gas emissions Inventories,I,GNB,Guinea-Bissau,A,Annual,GHG,Greenhouse gases,_T,Total emissions excluding LULUCF,T_CO2E,Tonnes of CO2-equivalent,2017,,1347.3462669277,,A,Normal value,3,Thousands,,,,,2,Two,,
DATAFLOW,OECD.ENV.EPI:DSD_AIR_GHG@DF_AIR_GHG(1.0),Air emissions - Greenhouse gas emissions Inventories,I,GUY,Guyana,A,Annual,GHG,Greenhouse gases,_T,Total emissions excluding LULUCF,T_CO2E,Tonnes of CO2-equivalent,2017,,4743.7754996667,,A,Normal value,3,Thousands,,,,,2,Two,,
DATAFLOW,OECD.ENV.EPI:DSD_AIR_GHG@DF_AIR_GHG(1.0),Air emissions - Greenhouse gas emissions Inventories,I,VAT,Holy See,A,Annual,GHG,Greenhouse gases,_T,Total emissions excluding LULUCF,T_CO2E,Tonnes of CO2-equivalent,2017,,17.037877458296,,A,Normal value,3,Thousands,,,,,2,Two,,
DATAFLOW,OECD.ENV.EPI:DSD_AIR_GHG@DF_AIR_GHG(1.0),Air emissions - Greenhouse gas emissions Inventories,I,KEN,Kenya,A,Annual,GHG,Greenhouse gases,_T,Total emissions excluding LULUCF,T_CO2E,Tonnes of CO2-equivalent,2017,,59095.1233244,,A,Normal value,3,Thousands,,,,,2,Two,,
DATAFLOW,OECD.ENV.EPI:DSD_AIR_GHG@DF_AIR_GHG(1.0),Air emissions - Greenhouse gas emissions Inventories,I,LIE,Liechtenstein,A,Annual,GHG,Greenhouse gases,_T,Total emissions excluding LULUCF,T_CO2E,Tonnes of CO2-equivalent,2017,,192.93831273475,,A,Normal value,3,Thousands,,,,,2,Two,,
DATAFLOW,OECD.ENV.EPI:DSD_AIR_GHG@DF_AIR_GHG(1.0),Air emissions - Greenhouse gas emissions Inventories,I,MDV,Maldives,A,Annual,GHG,Greenhouse gases,_T,Total emissions excluding LULUCF,T_CO2E,Tonnes of CO2-equivalent,2017,,1813.5328149352,,A,Normal value,3,Thousands,,,,,2,Two,,
DATAFLOW,OECD.ENV.EPI:DSD_AIR_GHG@DF_AIR_GHG(1.0),Air emissions - Greenhouse gas emissions Inventories,I,MLT,Malta,A,Annual,GHG,Greenhouse gases,_T,Total emissions excluding LULUCF,T_CO2E,Tonnes of CO2-equivalent,2017,,2004.1267086308,,A,Normal value,3,Thousands,,,,,2,Two,,
DATAFLOW,OECD.ENV.EPI:DSD_AIR_GHG@DF_AIR_GHG(1.0),Air emissions - Greenhouse gas emissions Inventories,I,MUS,Mauritius,A,Annual,GHG,Greenhouse gases,_T,Total emissions excluding LULUCF,T_CO2E,Tonnes of CO2-equivalent,2017,,5724.9988216519,,A,Normal value,3,Thousands,,,,,2,Two,,
DATAFLOW,OECD.ENV.EPI:DSD_AIR_GHG@DF_AIR_GHG(1.0),Air emissions - Greenhouse gas emissions Inventories,I,MDA,Moldova,A,Annual,GHG,Greenhouse gases,_T,Total emissions excluding LULUCF,T_CO2E,Tonnes of CO2-equivalent,2017,,13270.842615672,,A,Normal value,3,Thousands,,,,,2,Two,,
DATAFLOW,OECD.ENV.EPI:DSD_AIR_GHG@DF_AIR_GHG(1.0),Air emissions - Greenhouse gas emissions Inventories,I,MCO,Monaco,A,Annual,GHG,Greenhouse gases,_T,Total emissions excluding LULUCF,T_CO2E,Tonnes of CO2-equivalent,2017,,83.363193550648,,A,Normal value,3,Thousands,,,,,2,Two,,
DATAFLOW,OECD.ENV.EPI:DSD_AIR_GHG@DF_AIR_GHG(1.0),Air emissions - Greenhouse gas emissions Inventories,I,NAM,Namibia,A,Annual,GHG,Greenhouse gases,_T,Total emissions excluding LULUCF,T_CO2E,Tonnes of CO2-equivalent,2017,,10973.873441039,,A,Normal value,3,Thousands,,,,,2,Two,,
DATAFLOW,OECD.ENV.EPI:DSD_AIR_GHG@DF_AIR_GHG(1.0),Air emissions - Greenhouse gas emissions Inventories,I,NPL,Nepal,A,Annual,GHG,Greenhouse gases,_T,Total emissions excluding LULUCF,T_CO2E,Tonnes of CO2-equivalent,2017,,46788.863176181,,A,Normal value,3,Thousands,,,,,2,Two,,
DATAFLOW,OECD.ENV.EPI:DSD_AIR_GHG@DF_AIR_GHG(1.0),Air emissions - Greenhouse gas emissions Inventories,I,NGA,Nigeria,A,Annual,GHG,Greenhouse gases,_T,Total emissions excluding LULUCF,T_CO2E,Tonnes of CO2-equivalent,2017,,299819.39845211,,A,Normal value,3,Thousands,,,,,2,Two,,
DATAFLOW,OECD.ENV.EPI:DSD_AIR_GHG@DF_AIR_GHG(1.0),Air emissions - Greenhouse gas emissions Inventories,I,PAN,Panama,A,Annual,GHG,Greenhouse gases,_T,Total emissions excluding LULUCF,T_CO2E,Tonnes of CO2-equivalent,2017,,17938.822004002,,A,Normal value,3,Thousands,,,,,2,Two,,
DATAFLOW,OECD.ENV.EPI:DSD_AIR_GHG@DF_AIR_GHG(1.0),Air emissions - Greenhouse gas emissions Inventories,I,RWA,Rwanda,A,Annual,GHG,Greenhouse gases,_T,Total emissions excluding LULUCF,T_CO2E,Tonnes of CO2-equivalent,2017,,9482.3760075427,,A,Normal value,3,Thousands,,,,,2,Two,,
DATAFLOW,OECD.ENV.EPI:DSD_AIR_GHG@DF_AIR_GHG(1.0),Air emissions - Greenhouse gas emissions Inventories,I,SGP,Singapore,A,Annual,GHG,Greenhouse gases,_T,Total emissions excluding LULUCF,T_CO2E,Tonnes of CO2-equivalent,2017,,56050.690845325,,A,Normal value,3,Thousands,,,,,2,Two,,
DATAFLOW,OECD.ENV.EPI:DSD_AIR_GHG@DF_AIR_GHG(1.0),Air emissions - Greenhouse gas emissions Inventories,I,SLB,Solomon Islands,A,Annual,GHG,Greenhouse gases,_T,Total emissions excluding LULUCF,T_CO2E,Tonnes of CO2-equivalent,2017,,601.61117690535,,A,Normal value,3,Thousands,,,,,2,Two,,
DATAFLOW,OECD.ENV.EPI:DSD_AIR_GHG@DF_AIR_GHG(1.0),Air emissions - Greenhouse gas emissions Inventories,I,ZAF,South Africa,A,Annual,GHG,Greenhouse gases,_T,Total emissions excluding LULUCF,T_CO2E,Tonnes of CO2-equivalent,2017,,500164.19329017,,A,Normal value,3,Thousands,,,,,2,Two,,
DATAFLOW,OECD.ENV.EPI:DSD_AIR_GHG@DF_AIR_GHG(1.0),Air emissions - Greenhouse gas emissions Inventories,I,UZB,Uzbekistan,A,Annual,GHG,Greenhouse gases,_T,Total emissions excluding LULUCF,T_CO2E,Tonnes of CO2-equivalent,2017,,171740.91238256,,A,Normal value,3,Thousands,,,,,2,Two,,
DATAFLOW,OECD.ENV.EPI:DSD_AIR_GHG@DF_AIR_GHG(1.0),Air emissions - Greenhouse gas emissions Inventories,I,VEN,Venezuela,A,Annual,GHG,Greenhouse gases,_T,Total emissions excluding LULUCF,T_CO2E,Tonnes of CO2-equivalent,2017,,216608.57429458,,A,Normal value,3,Thousands,,,,,2,Two,,
DATAFLOW,OECD.ENV.EPI:DSD_AIR_GHG@DF_AIR_GHG(1.0),Air emissions - Greenhouse gas emissions Inventories,I,EU27_2020,European Union (27 countries from 01/02/2020),A,Annual,GHG,Greenhouse gases,_T,Total emissions excluding LULUCF,T_CO2E,Tonnes of CO2-equivalent,2017,,3817089.3343412,,A,Normal value,3,Thousands,,,,,2,Two,,
DATAFLOW,OECD.ENV.EPI:DSD_AIR_GHG@DF_AIR_GHG(1.0),Air emissions - Greenhouse gas emissions Inventories,I,NLD,Netherlands,A,Annual,GHG,Greenhouse gases,_T,Total emissions excluding LULUCF,T_CO2E,Tonnes of CO2-equivalent,2016,,194818.11381679,,A,Normal value,3,Thousands,,,,,2,Two,,
DATAFLOW,OECD.ENV.EPI:DSD_AIR_GHG@DF_AIR_GHG(1.0),Air emissions - Greenhouse gas emissions Inventories,I,NOR,Norway,A,Annual,GHG,Greenhouse gases,_T,Total emissions excluding LULUCF,T_CO2E,Tonnes of CO2-equivalent,2016,,53137.103336477,,A,Normal value,3,Thousands,,,,,2,Two,,
DATAFLOW,OECD.ENV.EPI:DSD_AIR_GHG@DF_AIR_GHG(1.0),Air emissions - Greenhouse gas emissions Inventories,I,ESP,Spain,A,Annual,GHG,Greenhouse gases,_T,Total emissions excluding LULUCF,T_CO2E,Tonnes of CO2-equivalent,2016,,320970.86793829,,A,Normal value,3,Thousands,,,,,2,Two,,
DATAFLOW,OECD.ENV.EPI:DSD_AIR_GHG@DF_AIR_GHG(1.0),Air emissions - Greenhouse gas emissions Inventories,I,BGR,Bulgaria,A,Annual,GHG,Greenhouse gases,_T,Total emissions excluding LULUCF,T_CO2E,Tonnes of CO2-equivalent,2016,,58014.439208876,,A,Normal value,3,Thousands,,,,,2,Two,,
DATAFLOW,OECD.ENV.EPI:DSD_AIR_GHG@DF_AIR_GHG(1.0),Air emissions - Greenhouse gas emissions Inventories,I,FRA,France,A,Annual,GHG,Greenhouse gases,_T,Total emissions excluding LULUCF,T_CO2E,Tonnes of CO2-equivalent,2016,,470720.69586544,,A,Normal value,3,Thousands,,,,,2,Two,,
DATAFLOW,OECD.ENV.EPI:DSD_AIR_GHG@DF_AIR_GHG(1.0),Air emissions - Greenhouse gas emissions Inventories,I,ROU,Romania,A,Annual,GHG,Greenhouse gases,_T,Total emissions excluding LULUCF,T_CO2E,Tonnes of CO2-equivalent,2016,,104944.61782034,,A,Normal value,3,Thousands,,,,,2,Two,,
DATAFLOW,OECD.ENV.EPI:DSD_AIR_GHG@DF_AIR_GHG(1.0),Air emissions - Greenhouse gas emissions Inventories,I,AUS,Australia,A,Annual,GHG,Greenhouse gases,_T,Total emissions excluding LULUCF,T_CO2E,Tonnes of CO2-equivalent,2016,,550949.6966957,,A,Normal value,3,Thousands,,,,,2,Two,,
DATAFLOW,OECD.ENV.EPI:DSD_AIR_GHG@DF_AIR_GHG(1.0),Air emissions - Greenhouse gas emissions Inventories,I,CAN,Canada,A,Annual,GHG,Greenhouse gases,_T,Total emissions excluding LULUCF,T_CO2E,Tonnes of CO2-equivalent,2016,,726809.44172749,,A,Normal value,3,Thousands,,,,,2,Two,,
DATAFLOW,OECD.ENV.EPI:DSD_AIR_GHG@DF_AIR_GHG(1.0),Air emissions - Greenhouse gas emissions Inventories,I,POL,Poland,A,Annual,GHG,Greenhouse gases,_T,Total emissions excluding LULUCF,T_CO2E,Tonnes of CO2-equivalent,2016,,392020.9156132,,A,Normal value,3,Thousands,,,,,2,Two,,
DATAFLOW,OECD.ENV.EPI:DSD_AIR_GHG@DF_AIR_GHG(1.0),Air emissions - Greenhouse gas emissions Inventories,I,PRT,Portugal,A,Annual,GHG,Greenhouse gases,_T,Total emissions excluding LULUCF,T_CO2E,Tonnes of CO2-equivalent,2016,,65476.102909596,,A,Normal value,3,Thousands,,,,,2,Two,,
DATAFLOW,OECD.ENV.EPI:DSD_AIR_GHG@DF_AIR_GHG(1.0),Air emissions - Greenhouse gas emissions Inventories,I,GBR,United Kingdom,A,Annual,GHG,Greenhouse gases,_T,Total emissions excluding LULUCF,T_CO2E,Tonnes of CO2-equivalent,2016,,486126.44249732,,A,Normal value,3,Thousands,,,,,2,Two,,
DATAFLOW,OECD.ENV.EPI:DSD_AIR_GHG@DF_AIR_GHG(1.0),Air emissions - Greenhouse gas emissions Inventories,I,COL,Colombia,A,Annual,GHG,Greenhouse gases,_T,Total emissions excluding LULUCF,T_CO2E,Tonnes of CO2-equivalent,2016,,170839.26,,A,Normal value,3,Thousands,,,,,2,Two,,
DATAFLOW,OECD.ENV.EPI:DSD_AIR_GHG@DF_AIR_GHG(1.0),Air emissions - Greenhouse gas emissions Inventories,I,KOR,Korea,A,Annual,GHG,Greenhouse gases,_T,Total emissions excluding LULUCF,T_CO2E,Tonnes of CO2-equivalent,2016,,735559.69,,A,Normal value,3,Thousands,,,,,2,Two,,
DATAFLOW,OECD.ENV.EPI:DSD_AIR_GHG@DF_AIR_GHG(1.0),Air emissions - Greenhouse gas emissions Inventories,I,LTU,Lithuania,A,Annual,GHG,Greenhouse gases,_T,Total emissions excluding LULUCF,T_CO2E,Tonnes of CO2-equivalent,2016,,19673.380409912,,A,Normal value,3,Thousands,,,,,2,Two,,
DATAFLOW,OECD.ENV.EPI:DSD_AIR_GHG@DF_AIR_GHG(1.0),Air emissions - Greenhouse gas emissions Inventories,I,SVK,Slovak Republic,A,Annual,GHG,Greenhouse gases,_T,Total emissions excluding LULUCF,T_CO2E,Tonnes of CO2-equivalent,2016,,42201.928093474,,A,Normal value,3,Thousands,,,,,2,Two,,
DATAFLOW,OECD.ENV.EPI:DSD_AIR_GHG@DF_AIR_GHG(1.0),Air emissions - Greenhouse gas emissions Inventories,I,BEL,Belgium,A,Annual,GHG,Greenhouse gases,_T,Total emissions excluding LULUCF,T_CO2E,Tonnes of CO2-equivalent,2016,,116997.65086884,,A,Normal value,3,Thousands,,,,,2,Two,,
DATAFLOW,OECD.ENV.EPI:DSD_AIR_GHG@DF_AIR_GHG(1.0),Air emissions - Greenhouse gas emissions Inventories,I,HUN,Hungary,A,Annual,GHG,Greenhouse gases,_T,Total emissions excluding LULUCF,T_CO2E,Tonnes of CO2-equivalent,2016,,63080.553105605,,A,Normal value,3,Thousands,,,,,2,Two,,
DATAFLOW,OECD.ENV.EPI:DSD_AIR_GHG@DF_AIR_GHG(1.0),Air emissions - Greenhouse gas emissions Inventories,I,MYS,Malaysia,A,Annual,GHG,Greenhouse gases,_T,Total emissions excluding LULUCF,T_CO2E,Tonnes of CO2-equivalent,2016,,318174.07752824,,A,Normal value,3,Thousands,,,,,2,Two,,
DATAFLOW,OECD.ENV.EPI:DSD_AIR_GHG@DF_AIR_GHG(1.0),Air emissions - Greenhouse gas emissions Inventories,I,AUT,Austria,A,Annual,GHG,Greenhouse gases,_T,Total emissions excluding LULUCF,T_CO2E,Tonnes of CO2-equivalent,2016,,80306.18065868,,A,Normal value,3,Thousands,,,,,2,Two,,
DATAFLOW,OECD.ENV.EPI:DSD_AIR_GHG@DF_AIR_GHG(1.0),Air emissions - Greenhouse gas emissions Inventories,I,BRA,Brazil,A,Annual,GHG,Greenhouse gases,_T,Total emissions excluding LULUCF,T_CO2E,Tonnes of CO2-equivalent,2016,,1167421.7546869,,A,Normal value,3,Thousands,,,,,2,Two,,
DATAFLOW,OECD.ENV.EPI:DSD_AIR_GHG@DF_AIR_GHG(1.0),Air emissions - Greenhouse gas emissions Inventories,I,DEU,Germany,A,Annual,GHG,Greenhouse gases,_T,Total emissions excluding LULUCF,T_CO2E,Tonnes of CO2-equivalent,2016,,899030.11520462,,A,Normal value,3,Thousands,,,,,2,Two,,
DATAFLOW,OECD.ENV.EPI:DSD_AIR_GHG@DF_AIR_GHG(1.0),Air emissions - Greenhouse gas emissions Inventories,I,ITA,Italy,A,Annual,GHG,Greenhouse gases,_T,Total emissions excluding LULUCF,T_CO2E,Tonnes of CO2-equivalent,2016,,433899.82110375,,A,Normal value,3,Thousands,,,,,2,Two,,
DATAFLOW,OECD.ENV.EPI:DSD_AIR_GHG@DF_AIR_GHG(1.0),Air emissions - Greenhouse gas emissions Inventories,I,NZL,New Zealand,A,Annual,GHG,Greenhouse gases,_T,Total emissions excluding LULUCF,T_CO2E,Tonnes of CO2-equivalent,2016,,80820.445706757,,A,Normal value,3,Thousands,,,,,2,Two,,
DATAFLOW,OECD.ENV.EPI:DSD_AIR_GHG@DF_AIR_GHG(1.0),Air emissions - Greenhouse gas emissions Inventories,I,SWE,Sweden,A,Annual,GHG,Greenhouse gases,_T,Total emissions excluding LULUCF,T_CO2E,Tonnes of CO2-equivalent,2016,,53160.797579092,,A,Normal value,3,Thousands,,,,,2,Two,,
DATAFLOW,OECD.ENV.EPI:DSD_AIR_GHG@DF_AIR_GHG(1.0),Air emissions - Greenhouse gas emissions Inventories,I,CHE,Switzerland,A,Annual,GHG,Greenhouse gases,_T,Total emissions excluding LULUCF,T_CO2E,Tonnes of CO2-equivalent,2016,,49242.567001775,,A,Normal value,3,Thousands,,,,,2,Two,,
DATAFLOW,OECD.ENV.EPI:DSD_AIR_GHG@DF_AIR_GHG(1.0),Air emissions - Greenhouse gas emissions Inventories,I,CHL,Chile,A,Annual,GHG,Greenhouse gases,_T,Total emissions excluding LULUCF,T_CO2E,Tonnes of CO2-equivalent,2016,,105141.5,,A,Normal value,3,Thousands,,,,,2,Two,,
DATAFLOW,OECD.ENV.EPI:DSD_AIR_GHG@DF_AIR_GHG(1.0),Air emissions - Greenhouse gas emissions Inventories,I,CZE,Czechia,A,Annual,GHG,Greenhouse gases,_T,Total emissions excluding LULUCF,T_CO2E,Tonnes of CO2-equivalent,2016,,127012.48510763,,A,Normal value,3,Thousands,,,,,2,Two,,
DATAFLOW,OECD.ENV.EPI:DSD_AIR_GHG@DF_AIR_GHG(1.0),Air emissions - Greenhouse gas emissions Inventories,I,DNK,Denmark,A,Annual,GHG,Greenhouse gases,_T,Total emissions excluding LULUCF,T_CO2E,Tonnes of CO2-equivalent,2016,,53442.348281259,,A,Normal value,3,Thousands,,,,,2,Two,,
DATAFLOW,OECD.ENV.EPI:DSD_AIR_GHG@DF_AIR_GHG(1.0),Air emissions - Greenhouse gas emissions Inventories,I,MEX,Mexico,A,Annual,GHG,Greenhouse gases,_T,Total emissions excluding LULUCF,T_CO2E,Tonnes of CO2-equivalent,2016,,787168.64,,A,Normal value,3,Thousands,,,,,2,Two,,
DATAFLOW,OECD.ENV.EPI:DSD_AIR_GHG@DF_AIR_GHG(1.0),Air emissions - Greenhouse gas emissions Inventories,I,GRC,Greece,A,Annual,GHG,Greenhouse gases,_T,Total emissions excluding LULUCF,T_CO2E,Tonnes of CO2-equivalent,2016,,92402.683299534,,A,Normal value,3,Thousands,,,,,2,Two,,
DATAFLOW,OECD.ENV.EPI:DSD_AIR_GHG@DF_AIR_GHG(1.0),Air emissions - Greenhouse gas emissions Inventories,I,JPN,Japan,A,Annual,GHG,Greenhouse gases,_T,Total emissions excluding LULUCF,T_CO2E,Tonnes of CO2-equivalent,2016,,1281972.3608787,,A,Normal value,3,Thousands,,,,,2,Two,,
DATAFLOW,OECD.ENV.EPI:DSD_AIR_GHG@DF_AIR_GHG(1.0),Air emissions - Greenhouse gas emissions Inventories,I,SVN,Slovenia,A,Annual,GHG,Greenhouse gases,_T,Total emissions excluding LULUCF,T_CO2E,Tonnes of CO2-equivalent,2016,,17798.04380177,,A,Normal value,3,Thousands,,,,,2,Two,,
DATAFLOW,OECD.ENV.EPI:DSD_AIR_GHG@DF_AIR_GHG(1.0),Air emissions - Greenhouse gas emissions Inventories,I,USA,United States,A,Annual,GHG,Greenhouse gases,_T,Total emissions excluding LULUCF,T_CO2E,Tonnes of CO2-equivalent,2016,,6580035.97,,A,Normal value,3,Thousands,,,,,2,Two,,
DATAFLOW,OECD.ENV.EPI:DSD_AIR_GHG@DF_AIR_GHG(1.0),Air emissions - Greenhouse gas emissions Inventories,I,IRL,Ireland,A,Annual,GHG,Greenhouse gases,_T,Total emissions excluding LULUCF,T_CO2E,Tonnes of CO2-equivalent,2016,,62593.133227587,,A,Normal value,3,Thousands,,,,,2,Two,,
DATAFLOW,OECD.ENV.EPI:DSD_AIR_GHG@DF_AIR_GHG(1.0),Air emissions - Greenhouse gas emissions Inventories,I,LVA,Latvia,A,Annual,GHG,Greenhouse gases,_T,Total emissions excluding LULUCF,T_CO2E,Tonnes of CO2-equivalent,2016,,10625.966858593,,A,Normal value,3,Thousands,,,,,2,Two,,
DATAFLOW,OECD.ENV.EPI:DSD_AIR_GHG@DF_AIR_GHG(1.0),Air emissions - Greenhouse gas emissions Inventories,I,TUR,Türkiye,A,Annual,GHG,Greenhouse gases,_T,Total emissions excluding LULUCF,T_CO2E,Tonnes of CO2-equivalent,2016,,508281.98741457,,A,Normal value,3,Thousands,,,,,2,Two,,
DATAFLOW,OECD.ENV.EPI:DSD_AIR_GHG@DF_AIR_GHG(1.0),Air emissions - Greenhouse gas emissions Inventories,I,GHA,Ghana,A,Annual,GHG,Greenhouse gases,_T,Total emissions excluding LULUCF,T_CO2E,Tonnes of CO2-equivalent,2016,,34923.197616321,,A,Normal value,3,Thousands,,,,,2,Two,,
DATAFLOW,OECD.ENV.EPI:DSD_AIR_GHG@DF_AIR_GHG(1.0),Air emissions - Greenhouse gas emissions Inventories,I,IDN,Indonesia,A,Annual,GHG,Greenhouse gases,_T,Total emissions excluding LULUCF,T_CO2E,Tonnes of CO2-equivalent,2016,,818618.97885393,,A,Normal value,3,Thousands,,,,,2,Two,,
DATAFLOW,OECD.ENV.EPI:DSD_AIR_GHG@DF_AIR_GHG(1.0),Air emissions - Greenhouse gas emissions Inventories,I,UKR,Ukraine,A,Annual,GHG,Greenhouse gases,_T,Total emissions excluding LULUCF,T_CO2E,Tonnes of CO2-equivalent,2016,,343276.95125855,,A,Normal value,3,Thousands,,,,,2,Two,,
DATAFLOW,OECD.ENV.EPI:DSD_AIR_GHG@DF_AIR_GHG(1.0),Air emissions - Greenhouse gas emissions Inventories,I,HRV,Croatia,A,Annual,GHG,Greenhouse gases,_T,Total emissions excluding LULUCF,T_CO2E,Tonnes of CO2-equivalent,2016,,24810.273181541,,A,Normal value,3,Thousands,,,,,2,Two,,
DATAFLOW,OECD.ENV.EPI:DSD_AIR_GHG@DF_AIR_GHG(1.0),Air emissions - Greenhouse gas emissions Inventories,I,KAZ,Kazakhstan,A,Annual,GHG,Greenhouse gases,_T,Total emissions excluding LULUCF,T_CO2E,Tonnes of CO2-equivalent,2016,,398044.41415865,,A,Normal value,3,Thousands,,,,,2,Two,,
DATAFLOW,OECD.ENV.EPI:DSD_AIR_GHG@DF_AIR_GHG(1.0),Air emissions - Greenhouse gas emissions Inventories,I,FIN,Finland,A,Annual,GHG,Greenhouse gases,_T,Total emissions excluding LULUCF,T_CO2E,Tonnes of CO2-equivalent,2016,,57935.421139687,,A,Normal value,3,Thousands,,,,,2,Two,,
DATAFLOW,OECD.ENV.EPI:DSD_AIR_GHG@DF_AIR_GHG(1.0),Air emissions - Greenhouse gas emissions Inventories,I,CRI,Costa Rica,A,Annual,GHG,Greenhouse gases,_T,Total emissions excluding LULUCF,T_CO2E,Tonnes of CO2-equivalent,2016,,15105.13,,A,Normal value,3,Thousands,,,,,2,Two,,
DATAFLOW,OECD.ENV.EPI:DSD_AIR_GHG@DF_AIR_GHG(1.0),Air emissions - Greenhouse gas emissions Inventories,I,ARG,Argentina,A,Annual,GHG,Greenhouse gases,_T,Total emissions excluding LULUCF,T_CO2E,Tonnes of CO2-equivalent,2016,,345029.16833587,,A,Normal value,3,Thousands,,,,,2,Two,,
DATAFLOW,OECD.ENV.EPI:DSD_AIR_GHG@DF_AIR_GHG(1.0),Air emissions - Greenhouse gas emissions Inventories,I,GEO,Georgia,A,Annual,GHG,Greenhouse gases,_T,Total emissions excluding LULUCF,T_CO2E,Tonnes of CO2-equivalent,2016,,18662.204522399,,A,Normal value,3,Thousands,,,,,2,Two,,
DATAFLOW,OECD.ENV.EPI:DSD_AIR_GHG@DF_AIR_GHG(1.0),Air emissions - Greenhouse gas emissions Inventories,I,MAR,Morocco,A,Annual,GHG,Greenhouse gases,_T,Total emissions excluding LULUCF,T_CO2E,Tonnes of CO2-equivalent,2016,,86625.302223766,,A,Normal value,3,Thousands,,,,,2,Two,,
DATAFLOW,OECD.ENV.EPI:DSD_AIR_GHG@DF_AIR_GHG(1.0),Air emissions - Greenhouse gas emissions Inventories,I,SRB,Serbia,A,Annual,GHG,Greenhouse gases,_T,Total emissions excluding LULUCF,T_CO2E,Tonnes of CO2-equivalent,2016,,64327.853750988,,A,Normal value,3,Thousands,,,,,2,Two,,
DATAFLOW,OECD.ENV.EPI:DSD_AIR_GHG@DF_AIR_GHG(1.0),Air emissions - Greenhouse gas emissions Inventories,I,PER,Peru,A,Annual,GHG,Greenhouse gases,_T,Total emissions excluding LULUCF,T_CO2E,Tonnes of CO2-equivalent,2016,,100905.79436589,,A,Normal value,3,Thousands,,,,,2,Two,,
DATAFLOW,OECD.ENV.EPI:DSD_AIR_GHG@DF_AIR_GHG(1.0),Air emissions - Greenhouse gas emissions Inventories,I,ZWE,Zimbabwe,A,Annual,GHG,Greenhouse gases,_T,Total emissions excluding LULUCF,T_CO2E,Tonnes of CO2-equivalent,2016,,29414.035384753,,A,Normal value,3,Thousands,,,,,2,Two,,
DATAFLOW,OECD.ENV.EPI:DSD_AIR_GHG@DF_AIR_GHG(1.0),Air emissions - Greenhouse gas emissions Inventories,I,LUX,Luxembourg,A,Annual,GHG,Greenhouse gases,_T,Total emissions excluding LULUCF,T_CO2E,Tonnes of CO2-equivalent,2016,,10156.140240422,,A,Normal value,3,Thousands,,,,,2,Two,,
DATAFLOW,OECD.ENV.EPI:DSD_AIR_GHG@DF_AIR_GHG(1.0),Air emissions - Greenhouse gas emissions Inventories,I,DZA,Algeria,A,Annual,GHG,Greenhouse gases,_T,Total emissions excluding LULUCF,T_CO2E,Tonnes of CO2-equivalent,2016,,206481.79344937,,A,Normal value,3,Thousands,,,,,2,Two,,
DATAFLOW,OECD.ENV.EPI:DSD_AIR_GHG@DF_AIR_GHG(1.0),Air emissions - Greenhouse gas emissions Inventories,I,EST,Estonia,A,Annual,GHG,Greenhouse gases,_T,Total emissions excluding LULUCF,T_CO2E,Tonnes of CO2-equivalent,2016,,19517.739925241,,A,Normal value,3,Thousands,,,,,2,Two,,
DATAFLOW,OECD.ENV.EPI:DSD_AIR_GHG@DF_AIR_GHG(1.0),Air emissions - Greenhouse gas emissions Inventories,I,ISL,Iceland,A,Annual,GHG,Greenhouse gases,_T,Total emissions excluding LULUCF,T_CO2E,Tonnes of CO2-equivalent,2016,,4778.4218497078,,A,Normal value,3,Thousands,,,,,2,Two,,
DATAFLOW,OECD.ENV.EPI:DSD_AIR_GHG@DF_AIR_GHG(1.0),Air emissions - Greenhouse gas emissions Inventories,I,ISR,Israel,A,Annual,GHG,Greenhouse gases,_T,Total emissions excluding LULUCF,T_CO2E,Tonnes of CO2-equivalent,2016,,81264.36,,A,Normal value,3,Thousands,,,,,2,Two,,
DATAFLOW,OECD.ENV.EPI:DSD_AIR_GHG@DF_AIR_GHG(1.0),Air emissions - Greenhouse gas emissions Inventories,I,BRN,Brunei Darussalam,A,Annual,GHG,Greenhouse gases,_T,Total emissions excluding LULUCF,T_CO2E,Tonnes of CO2-equivalent,2016,,11581.102685392,,A,Normal value,3,Thousands,,,,,2,Two,,
DATAFLOW,OECD.ENV.EPI:DSD_AIR_GHG@DF_AIR_GHG(1.0),Air emissions - Greenhouse gas emissions Inventories,I,CIV,Côte d’Ivoire,A,Annual,GHG,Greenhouse gases,_T,Total emissions excluding LULUCF,T_CO2E,Tonnes of CO2-equivalent,2016,,46652.48470637,,A,Normal value,3,Thousands,,,,,2,Two,,
DATAFLOW,OECD.ENV.EPI:DSD_AIR_GHG@DF_AIR_GHG(1.0),Air emissions - Greenhouse gas emissions Inventories,I,CUB,Cuba,A,Annual,GHG,Greenhouse gases,_T,Total emissions excluding LULUCF,T_CO2E,Tonnes of CO2-equivalent,2016,,57615.196233661,,A,Normal value,3,Thousands,,,,,2,Two,,
DATAFLOW,OECD.ENV.EPI:DSD_AIR_GHG@DF_AIR_GHG(1.0),Air emissions - Greenhouse gas emissions Inventories,I,CYP,Cyprus,A,Annual,GHG,Greenhouse gases,_T,Total emissions excluding LULUCF,T_CO2E,Tonnes of CO2-equivalent,2016,,8772.0021678778,,A,Normal value,3,Thousands,,,,,2,Two,,
DATAFLOW,OECD.ENV.EPI:DSD_AIR_GHG@DF_AIR_GHG(1.0),Air emissions - Greenhouse gas emissions Inventories,I,EGY,Egypt,A,Annual,GHG,Greenhouse gases,_T,Total emissions excluding LULUCF,T_CO2E,Tonnes of CO2-equivalent,2016,,347903.67609971,,A,Normal value,3,Thousands,,,,,2,Two,,
DATAFLOW,OECD.ENV.EPI:DSD_AIR_GHG@DF_AIR_GHG(1.0),Air emissions - Greenhouse gas emissions Inventories,I,GTM,Guatemala,A,Annual,GHG,Greenhouse gases,_T,Total emissions excluding LULUCF,T_CO2E,Tonnes of CO2-equivalent,2016,,31336.215672649,,A,Normal value,3,Thousands,,,,,2,Two,,
DATAFLOW,OECD.ENV.EPI:DSD_AIR_GHG@DF_AIR_GHG(1.0),Air emissions - Greenhouse gas emissions Inventories,I,GNB,Guinea-Bissau,A,Annual,GHG,Greenhouse gases,_T,Total emissions excluding LULUCF,T_CO2E,Tonnes of CO2-equivalent,2016,,1322.8882749223,,A,Normal value,3,Thousands,,,,,2,Two,,
DATAFLOW,OECD.ENV.EPI:DSD_AIR_GHG@DF_AIR_GHG(1.0),Air emissions - Greenhouse gas emissions Inventories,I,GUY,Guyana,A,Annual,GHG,Greenhouse gases,_T,Total emissions excluding LULUCF,T_CO2E,Tonnes of CO2-equivalent,2016,,4666.4405073486,,A,Normal value,3,Thousands,,,,,2,Two,,
DATAFLOW,OECD.ENV.EPI:DSD_AIR_GHG@DF_AIR_GHG(1.0),Air emissions - Greenhouse gas emissions Inventories,I,VAT,Holy See,A,Annual,GHG,Greenhouse gases,_T,Total emissions excluding LULUCF,T_CO2E,Tonnes of CO2-equivalent,2016,,16.501051295395,,A,Normal value,3,Thousands,,,,,2,Two,,
DATAFLOW,OECD.ENV.EPI:DSD_AIR_GHG@DF_AIR_GHG(1.0),Air emissions - Greenhouse gas emissions Inventories,I,IND,India,A,Annual,GHG,Greenhouse gases,_T,Total emissions excluding LULUCF,T_CO2E,Tonnes of CO2-equivalent,2016,,2954738.5,,A,Normal value,3,Thousands,,,,,2,Two,,
DATAFLOW,OECD.ENV.EPI:DSD_AIR_GHG@DF_AIR_GHG(1.0),Air emissions - Greenhouse gas emissions Inventories,I,KEN,Kenya,A,Annual,GHG,Greenhouse gases,_T,Total emissions excluding LULUCF,T_CO2E,Tonnes of CO2-equivalent,2016,,60452.538318661,,A,Normal value,3,Thousands,,,,,2,Two,,
DATAFLOW,OECD.ENV.EPI:DSD_AIR_GHG@DF_AIR_GHG(1.0),Air emissions - Greenhouse gas emissions Inventories,I,LIE,Liechtenstein,A,Annual,GHG,Greenhouse gases,_T,Total emissions excluding LULUCF,T_CO2E,Tonnes of CO2-equivalent,2016,,187.16381230629,,A,Normal value,3,Thousands,,,,,2,Two,,
DATAFLOW,OECD.ENV.EPI:DSD_AIR_GHG@DF_AIR_GHG(1.0),Air emissions - Greenhouse gas emissions Inventories,I,MDV,Maldives,A,Annual,GHG,Greenhouse gases,_T,Total emissions excluding LULUCF,T_CO2E,Tonnes of CO2-equivalent,2016,,1670.0292961854,,A,Normal value,3,Thousands,,,,,2,Two,,
DATAFLOW,OECD.ENV.EPI:DSD_AIR_GHG@DF_AIR_GHG(1.0),Air emissions - Greenhouse gas emissions Inventories,I,MLT,Malta,A,Annual,GHG,Greenhouse gases,_T,Total emissions excluding LULUCF,T_CO2E,Tonnes of CO2-equivalent,2016,,1839.7447912258,,A,Normal value,3,Thousands,,,,,2,Two,,
DATAFLOW,OECD.ENV.EPI:DSD_AIR_GHG@DF_AIR_GHG(1.0),Air emissions - Greenhouse gas emissions Inventories,I,MUS,Mauritius,A,Annual,GHG,Greenhouse gases,_T,Total emissions excluding LULUCF,T_CO2E,Tonnes of CO2-equivalent,2016,,5367.0610444799,,A,Normal value,3,Thousands,,,,,2,Two,,
DATAFLOW,OECD.ENV.EPI:DSD_AIR_GHG@DF_AIR_GHG(1.0),Air emissions - Greenhouse gas emissions Inventories,I,MDA,Moldova,A,Annual,GHG,Greenhouse gases,_T,Total emissions excluding LULUCF,T_CO2E,Tonnes of CO2-equivalent,2016,,13398.862748521,,A,Normal value,3,Thousands,,,,,2,Two,,
DATAFLOW,OECD.ENV.EPI:DSD_AIR_GHG@DF_AIR_GHG(1.0),Air emissions - Greenhouse gas emissions Inventories,I,MCO,Monaco,A,Annual,GHG,Greenhouse gases,_T,Total emissions excluding LULUCF,T_CO2E,Tonnes of CO2-equivalent,2016,,86.847905868125,,A,Normal value,3,Thousands,,,,,2,Two,,
DATAFLOW,OECD.ENV.EPI:DSD_AIR_GHG@DF_AIR_GHG(1.0),Air emissions - Greenhouse gas emissions Inventories,I,NAM,Namibia,A,Annual,GHG,Greenhouse gases,_T,Total emissions excluding LULUCF,T_CO2E,Tonnes of CO2-equivalent,2016,,12213.596678459,,A,Normal value,3,Thousands,,,,,2,Two,,
DATAFLOW,OECD.ENV.EPI:DSD_AIR_GHG@DF_AIR_GHG(1.0),Air emissions - Greenhouse gas emissions Inventories,I,NPL,Nepal,A,Annual,GHG,Greenhouse gases,_T,Total emissions excluding LULUCF,T_CO2E,Tonnes of CO2-equivalent,2016,,43178.343005102,,A,Normal value,3,Thousands,,,,,2,Two,,
DATAFLOW,OECD.ENV.EPI:DSD_AIR_GHG@DF_AIR_GHG(1.0),Air emissions - Greenhouse gas emissions Inventories,I,NGA,Nigeria,A,Annual,GHG,Greenhouse gases,_T,Total emissions excluding LULUCF,T_CO2E,Tonnes of CO2-equivalent,2016,,297768.97893841,,A,Normal value,3,Thousands,,,,,2,Two,,
DATAFLOW,OECD.ENV.EPI:DSD_AIR_GHG@DF_AIR_GHG(1.0),Air emissions - Greenhouse gas emissions Inventories,I,PAN,Panama,A,Annual,GHG,Greenhouse gases,_T,Total emissions excluding LULUCF,T_CO2E,Tonnes of CO2-equivalent,2016,,18000.973860778,,A,Normal value,3,Thousands,,,,,2,Two,,
DATAFLOW,OECD.ENV.EPI:DSD_AIR_GHG@DF_AIR_GHG(1.0),Air emissions - Greenhouse gas emissions Inventories,I,RWA,Rwanda,A,Annual,GHG,Greenhouse gases,_T,Total emissions excluding LULUCF,T_CO2E,Tonnes of CO2-equivalent,2016,,9084.186147322,,A,Normal value,3,Thousands,,,,,2,Two,,
DATAFLOW,OECD.ENV.EPI:DSD_AIR_GHG@DF_AIR_GHG(1.0),Air emissions - Greenhouse gas emissions Inventories,I,SGP,Singapore,A,Annual,GHG,Greenhouse gases,_T,Total emissions excluding LULUCF,T_CO2E,Tonnes of CO2-equivalent,2016,,54176.673473014,,A,Normal value,3,Thousands,,,,,2,Two,,
DATAFLOW,OECD.ENV.EPI:DSD_AIR_GHG@DF_AIR_GHG(1.0),Air emissions - Greenhouse gas emissions Inventories,I,SLB,Solomon Islands,A,Annual,GHG,Greenhouse gases,_T,Total emissions excluding LULUCF,T_CO2E,Tonnes of CO2-equivalent,2016,,597.55482365411,,A,Normal value,3,Thousands,,,,,2,Two,,
DATAFLOW,OECD.ENV.EPI:DSD_AIR_GHG@DF_AIR_GHG(1.0),Air emissions - Greenhouse gas emissions Inventories,I,ZAF,South Africa,A,Annual,GHG,Greenhouse gases,_T,Total emissions excluding LULUCF,T_CO2E,Tonnes of CO2-equivalent,2016,,508137.87463243,,A,Normal value,3,Thousands,,,,,2,Two,,
DATAFLOW,OECD.ENV.EPI:DSD_AIR_GHG@DF_AIR_GHG(1.0),Air emissions - Greenhouse gas emissions Inventories,I,UZB,Uzbekistan,A,Annual,GHG,Greenhouse gases,_T,Total emissions excluding LULUCF,T_CO2E,Tonnes of CO2-equivalent,2016,,171349.80074811,,A,Normal value,3,Thousands,,,,,2,Two,,
DATAFLOW,OECD.ENV.EPI:DSD_AIR_GHG@DF_AIR_GHG(1.0),Air emissions - Greenhouse gas emissions Inventories,I,VEN,Venezuela,A,Annual,GHG,Greenhouse gases,_T,Total emissions excluding LULUCF,T_CO2E,Tonnes of CO2-equivalent,2016,,227452.70466724,,A,Normal value,3,Thousands,,,,,2,Two,,
DATAFLOW,OECD.ENV.EPI:DSD_AIR_GHG@DF_AIR_GHG(1.0),Air emissions - Greenhouse gas emissions Inventories,I,EU27_2020,European Union (27 countries from 01/02/2020),A,Annual,GHG,Greenhouse gases,_T,Total emissions excluding LULUCF,T_CO2E,Tonnes of CO2-equivalent,2016,,3792906.7448178,,A,Normal value,3,Thousands,,,,,2,Two,,
DATAFLOW,OECD.ENV.EPI:DSD_AIR_GHG@DF_AIR_GHG(1.0),Air emissions - Greenhouse gas emissions Inventories,I,EST,Estonia,A,Annual,GHG,Greenhouse gases,_T,Total emissions excluding LULUCF,T_CO2E,Tonnes of CO2-equivalent,2022,,14163.021210257,,A,Normal value,3,Thousands,,,,,2,Two,,
DATAFLOW,OECD.ENV.EPI:DSD_AIR_GHG@DF_AIR_GHG(1.0),Air emissions - Greenhouse gas emissions Inventories,I,ISL,Iceland,A,Annual,GHG,Greenhouse gases,_T,Total emissions excluding LULUCF,T_CO2E,Tonnes of CO2-equivalent,2022,,4776.0628289401,,A,Normal value,3,Thousands,,,,,2,Two,,
DATAFLOW,OECD.ENV.EPI:DSD_AIR_GHG@DF_AIR_GHG(1.0),Air emissions - Greenhouse gas emissions Inventories,I,ISR,Israel,A,Annual,GHG,Greenhouse gases,_T,Total emissions excluding LULUCF,T_CO2E,Tonnes of CO2-equivalent,2022,,81563.35,,A,Normal value,3,Thousands,,,,,2,Two,,
DATAFLOW,OECD.ENV.EPI:DSD_AIR_GHG@DF_AIR_GHG(1.0),Air emissions - Greenhouse gas emissions Inventories,I,BTN,Bhutan,A,Annual,GHG,Greenhouse gases,_T,Total emissions excluding LULUCF,T_CO2E,Tonnes of CO2-equivalent,2022,,1398.1115080436,,A,Normal value,3,Thousands,,,,,2,Two,,
DATAFLOW,OECD.ENV.EPI:DSD_AIR_GHG@DF_AIR_GHG(1.0),Air emissions - Greenhouse gas emissions Inventories,I,BRN,Brunei Darussalam,A,Annual,GHG,Greenhouse gases,_T,Total emissions excluding LULUCF,T_CO2E,Tonnes of CO2-equivalent,2022,,13511.270381127,,A,Normal value,3,Thousands,,,,,2,Two,,
DATAFLOW,OECD.ENV.EPI:DSD_AIR_GHG@DF_AIR_GHG(1.0),Air emissions - Greenhouse gas emissions Inventories,I,CIV,Côte d’Ivoire,A,Annual,GHG,Greenhouse gases,_T,Total emissions excluding LULUCF,T_CO2E,Tonnes of CO2-equivalent,2022,,81927.579560485,,A,Normal value,3,Thousands,,,,,2,Two,,
DATAFLOW,OECD.ENV.EPI:DSD_AIR_GHG@DF_AIR_GHG(1.0),Air emissions - Greenhouse gas emissions Inventories,I,CUB,Cuba,A,Annual,GHG,Greenhouse gases,_T,Total emissions excluding LULUCF,T_CO2E,Tonnes of CO2-equivalent,2022,,49396.090596817,,A,Normal value,3,Thousands,,,,,2,Two,,
DATAFLOW,OECD.ENV.EPI:DSD_AIR_GHG@DF_AIR_GHG(1.0),Air emissions - Greenhouse gas emissions Inventories,I,EGY,Egypt,A,Annual,GHG,Greenhouse gases,_T,Total emissions excluding LULUCF,T_CO2E,Tonnes of CO2-equivalent,2022,,386210.83579291,,A,Normal value,3,Thousands,,,,,2,Two,,
DATAFLOW,OECD.ENV.EPI:DSD_AIR_GHG@DF_AIR_GHG(1.0),Air emissions - Greenhouse gas emissions Inventories,I,GTM,Guatemala,A,Annual,GHG,Greenhouse gases,_T,Total emissions excluding LULUCF,T_CO2E,Tonnes of CO2-equivalent,2022,,32966.443273773,,A,Normal value,3,Thousands,,,,,2,Two,,
DATAFLOW,OECD.ENV.EPI:DSD_AIR_GHG@DF_AIR_GHG(1.0),Air emissions - Greenhouse gas emissions Inventories,I,GNB,Guinea-Bissau,A,Annual,GHG,Greenhouse gases,_T,Total emissions excluding LULUCF,T_CO2E,Tonnes of CO2-equivalent,2022,,1612.2699512505,,A,Normal value,3,Thousands,,,,,2,Two,,
DATAFLOW,OECD.ENV.EPI:DSD_AIR_GHG@DF_AIR_GHG(1.0),Air emissions - Greenhouse gas emissions Inventories,I,GUY,Guyana,A,Annual,GHG,Greenhouse gases,_T,Total emissions excluding LULUCF,T_CO2E,Tonnes of CO2-equivalent,2022,,8459.4624268734,,A,Normal value,3,Thousands,,,,,2,Two,,
DATAFLOW,OECD.ENV.EPI:DSD_AIR_GHG@DF_AIR_GHG(1.0),Air emissions - Greenhouse gas emissions Inventories,I,VAT,Holy See,A,Annual,GHG,Greenhouse gases,_T,Total emissions excluding LULUCF,T_CO2E,Tonnes of CO2-equivalent,2022,,15.886464786333,,A,Normal value,3,Thousands,,,,,2,Two,,
DATAFLOW,OECD.ENV.EPI:DSD_AIR_GHG@DF_AIR_GHG(1.0),Air emissions - Greenhouse gas emissions Inventories,I,KEN,Kenya,A,Annual,GHG,Greenhouse gases,_T,Total emissions excluding LULUCF,T_CO2E,Tonnes of CO2-equivalent,2022,,66336.419165089,,A,Normal value,3,Thousands,,,,,2,Two,,
DATAFLOW,OECD.ENV.EPI:DSD_AIR_GHG@DF_AIR_GHG(1.0),Air emissions - Greenhouse gas emissions Inventories,I,LBN,Lebanon,A,Annual,GHG,Greenhouse gases,_T,Total emissions excluding LULUCF,T_CO2E,Tonnes of CO2-equivalent,2022,,20519.0371297,,A,Normal value,3,Thousands,,,,,2,Two,,
DATAFLOW,OECD.ENV.EPI:DSD_AIR_GHG@DF_AIR_GHG(1.0),Air emissions - Greenhouse gas emissions Inventories,I,LIE,Liechtenstein,A,Annual,GHG,Greenhouse gases,_T,Total emissions excluding LULUCF,T_CO2E,Tonnes of CO2-equivalent,2022,,165.83736335491,,A,Normal value,3,Thousands,,,,,2,Two,,
DATAFLOW,OECD.ENV.EPI:DSD_AIR_GHG@DF_AIR_GHG(1.0),Air emissions - Greenhouse gas emissions Inventories,I,MDV,Maldives,A,Annual,GHG,Greenhouse gases,_T,Total emissions excluding LULUCF,T_CO2E,Tonnes of CO2-equivalent,2022,,2359.7127331646,,A,Normal value,3,Thousands,,,,,2,Two,,
DATAFLOW,OECD.ENV.EPI:DSD_AIR_GHG@DF_AIR_GHG(1.0),Air emissions - Greenhouse gas emissions Inventories,I,MLT,Malta,A,Annual,GHG,Greenhouse gases,_T,Total emissions excluding LULUCF,T_CO2E,Tonnes of CO2-equivalent,2022,,2255.7901365987,,A,Normal value,3,Thousands,,,,,2,Two,,
DATAFLOW,OECD.ENV.EPI:DSD_AIR_GHG@DF_AIR_GHG(1.0),Air emissions - Greenhouse gas emissions Inventories,I,MUS,Mauritius,A,Annual,GHG,Greenhouse gases,_T,Total emissions excluding LULUCF,T_CO2E,Tonnes of CO2-equivalent,2022,,5901.9702662492,,A,Normal value,3,Thousands,,,,,2,Two,,
DATAFLOW,OECD.ENV.EPI:DSD_AIR_GHG@DF_AIR_GHG(1.0),Air emissions - Greenhouse gas emissions Inventories,I,MDA,Moldova,A,Annual,GHG,Greenhouse gases,_T,Total emissions excluding LULUCF,T_CO2E,Tonnes of CO2-equivalent,2022,,12951.832139891,,A,Normal value,3,Thousands,,,,,2,Two,,
DATAFLOW,OECD.ENV.EPI:DSD_AIR_GHG@DF_AIR_GHG(1.0),Air emissions - Greenhouse gas emissions Inventories,I,MCO,Monaco,A,Annual,GHG,Greenhouse gases,_T,Total emissions excluding LULUCF,T_CO2E,Tonnes of CO2-equivalent,2022,,65.160015457123,,A,Normal value,3,Thousands,,,,,2,Two,,
DATAFLOW,OECD.ENV.EPI:DSD_AIR_GHG@DF_AIR_GHG(1.0),Air emissions - Greenhouse gas emissions Inventories,I,NAM,Namibia,A,Annual,GHG,Greenhouse gases,_T,Total emissions excluding LULUCF,T_CO2E,Tonnes of CO2-equivalent,2022,,12585.542570725,,A,Normal value,3,Thousands,,,,,2,Two,,
DATAFLOW,OECD.ENV.EPI:DSD_AIR_GHG@DF_AIR_GHG(1.0),Air emissions - Greenhouse gas emissions Inventories,I,NPL,Nepal,A,Annual,GHG,Greenhouse gases,_T,Total emissions excluding LULUCF,T_CO2E,Tonnes of CO2-equivalent,2022,,58217.217921978,,A,Normal value,3,Thousands,,,,,2,Two,,
DATAFLOW,OECD.ENV.EPI:DSD_AIR_GHG@DF_AIR_GHG(1.0),Air emissions - Greenhouse gas emissions Inventories,I,NGA,Nigeria,A,Annual,GHG,Greenhouse gases,_T,Total emissions excluding LULUCF,T_CO2E,Tonnes of CO2-equivalent,2022,,328496.22645913,,A,Normal value,3,Thousands,,,,,2,Two,,
DATAFLOW,OECD.ENV.EPI:DSD_AIR_GHG@DF_AIR_GHG(1.0),Air emissions - Greenhouse gas emissions Inventories,I,RWA,Rwanda,A,Annual,GHG,Greenhouse gases,_T,Total emissions excluding LULUCF,T_CO2E,Tonnes of CO2-equivalent,2022,,12690.091887915,,A,Normal value,3,Thousands,,,,,2,Two,,
DATAFLOW,OECD.ENV.EPI:DSD_AIR_GHG@DF_AIR_GHG(1.0),Air emissions - Greenhouse gas emissions Inventories,I,SGP,Singapore,A,Annual,GHG,Greenhouse gases,_T,Total emissions excluding LULUCF,T_CO2E,Tonnes of CO2-equivalent,2022,,58548.777310401,,A,Normal value,3,Thousands,,,,,2,Two,,
DATAFLOW,OECD.ENV.EPI:DSD_AIR_GHG@DF_AIR_GHG(1.0),Air emissions - Greenhouse gas emissions Inventories,I,SLB,Solomon Islands,A,Annual,GHG,Greenhouse gases,_T,Total emissions excluding LULUCF,T_CO2E,Tonnes of CO2-equivalent,2022,,576.83233649674,,A,Normal value,3,Thousands,,,,,2,Two,,
DATAFLOW,OECD.ENV.EPI:DSD_AIR_GHG@DF_AIR_GHG(1.0),Air emissions - Greenhouse gas emissions Inventories,I,ZAF,South Africa,A,Annual,GHG,Greenhouse gases,_T,Total emissions excluding LULUCF,T_CO2E,Tonnes of CO2-equivalent,2022,,475705.76060625,,A,Normal value,3,Thousands,,,,,2,Two,,
DATAFLOW,OECD.ENV.EPI:DSD_AIR_GHG@DF_AIR_GHG(1.0),Air emissions - Greenhouse gas emissions Inventories,I,UZB,Uzbekistan,A,Annual,GHG,Greenhouse gases,_T,Total emissions excluding LULUCF,T_CO2E,Tonnes of CO2-equivalent,2022,,209614.14486071,,A,Normal value,3,Thousands,,,,,2,Two,,
DATAFLOW,OECD.ENV.EPI:DSD_AIR_GHG@DF_AIR_GHG(1.0),Air emissions - Greenhouse gas emissions Inventories,I,VEN,Venezuela,A,Annual,GHG,Greenhouse gases,_T,Total emissions excluding LULUCF,T_CO2E,Tonnes of CO2-equivalent,2022,,160309.75539313,,A,Normal value,3,Thousands,,,,,2,Two,,
DATAFLOW,OECD.ENV.EPI:DSD_AIR_GHG@DF_AIR_GHG(1.0),Air emissions - Greenhouse gas emissions Inventories,I,DZA,Algeria,A,Annual,GHG,Greenhouse gases,_T,Total emissions excluding LULUCF,T_CO2E,Tonnes of CO2-equivalent,2022,,240201.74950375,,A,Normal value,3,Thousands,,,,,2,Two,,
DATAFLOW,OECD.ENV.EPI:DSD_AIR_GHG@DF_AIR_GHG(1.0),Air emissions - Greenhouse gas emissions Inventories,I,LUX,Luxembourg,A,Annual,GHG,Greenhouse gases,_T,Total emissions excluding LULUCF,T_CO2E,Tonnes of CO2-equivalent,2022,,8272.5500834625,,A,Normal value,3,Thousands,,,,,2,Two,,
DATAFLOW,OECD.ENV.EPI:DSD_AIR_GHG@DF_AIR_GHG(1.0),Air emissions - Greenhouse gas emissions Inventories,I,SRB,Serbia,A,Annual,GHG,Greenhouse gases,_T,Total emissions excluding LULUCF,T_CO2E,Tonnes of CO2-equivalent,2022,,62657.378126572,,A,Normal value,3,Thousands,,,,,2,Two,,
DATAFLOW,OECD.ENV.EPI:DSD_AIR_GHG@DF_AIR_GHG(1.0),Air emissions - Greenhouse gas emissions Inventories,I,CYP,Cyprus,A,Annual,GHG,Greenhouse gases,_T,Total emissions excluding LULUCF,T_CO2E,Tonnes of CO2-equivalent,2022,,8740.9102196224,,A,Normal value,3,Thousands,,,,,2,Two,,
DATAFLOW,OECD.ENV.EPI:DSD_AIR_GHG@DF_AIR_GHG(1.0),Air emissions - Greenhouse gas emissions Inventories,I,AZE,Azerbaijan,A,Annual,GHG,Greenhouse gases,_T,Total emissions excluding LULUCF,T_CO2E,Tonnes of CO2-equivalent,2022,,74704.734596351,,A,Normal value,3,Thousands,,,,,2,Two,,
DATAFLOW,OECD.ENV.EPI:DSD_AIR_GHG@DF_AIR_GHG(1.0),Air emissions - Greenhouse gas emissions Inventories,I,ZWE,Zimbabwe,A,Annual,GHG,Greenhouse gases,_T,Total emissions excluding LULUCF,T_CO2E,Tonnes of CO2-equivalent,2022,,31493.792460679,,A,Normal value,3,Thousands,,,,,2,Two,,
DATAFLOW,OECD.ENV.EPI:DSD_AIR_GHG@DF_AIR_GHG(1.0),Air emissions - Greenhouse gas emissions Inventories,I,THA,Thailand,A,Annual,GHG,Greenhouse gases,_T,Total emissions excluding LULUCF,T_CO2E,Tonnes of CO2-equivalent,2022,,384276.8758157,,A,Normal value,3,Thousands,,,,,2,Two,,
DATAFLOW,OECD.ENV.EPI:DSD_AIR_GHG@DF_AIR_GHG(1.0),Air emissions - Greenhouse gas emissions Inventories,I,MAR,Morocco,A,Annual,GHG,Greenhouse gases,_T,Total emissions excluding LULUCF,T_CO2E,Tonnes of CO2-equivalent,2022,,99117.052814437,,A,Normal value,3,Thousands,,,,,2,Two,,
DATAFLOW,OECD.ENV.EPI:DSD_AIR_GHG@DF_AIR_GHG(1.0),Air emissions - Greenhouse gas emissions Inventories,I,GEO,Georgia,A,Annual,GHG,Greenhouse gases,_T,Total emissions excluding LULUCF,T_CO2E,Tonnes of CO2-equivalent,2022,,20097.468402812,,A,Normal value,3,Thousands,,,,,2,Two,,
DATAFLOW,OECD.ENV.EPI:DSD_AIR_GHG@DF_AIR_GHG(1.0),Air emissions - Greenhouse gas emissions Inventories,I,ARG,Argentina,A,Annual,GHG,Greenhouse gases,_T,Total emissions excluding LULUCF,T_CO2E,Tonnes of CO2-equivalent,2022,,349515.94222827,,A,Normal value,3,Thousands,,,,,2,Two,,
DATAFLOW,OECD.ENV.EPI:DSD_AIR_GHG@DF_AIR_GHG(1.0),Air emissions - Greenhouse gas emissions Inventories,I,URY,Uruguay,A,Annual,GHG,Greenhouse gases,_T,Total emissions excluding LULUCF,T_CO2E,Tonnes of CO2-equivalent,2022,,37513.642147495,,A,Normal value,3,Thousands,,,,,2,Two,,
DATAFLOW,OECD.ENV.EPI:DSD_AIR_GHG@DF_AIR_GHG(1.0),Air emissions - Greenhouse gas emissions Inventories,I,KAZ,Kazakhstan,A,Annual,GHG,Greenhouse gases,_T,Total emissions excluding LULUCF,T_CO2E,Tonnes of CO2-equivalent,2022,,356057.13323589,,A,Normal value,3,Thousands,,,,,2,Two,,
DATAFLOW,OECD.ENV.EPI:DSD_AIR_GHG@DF_AIR_GHG(1.0),Air emissions - Greenhouse gas emissions Inventories,I,HRV,Croatia,A,Annual,GHG,Greenhouse gases,_T,Total emissions excluding LULUCF,T_CO2E,Tonnes of CO2-equivalent,2022,,24442.691811902,,A,Normal value,3,Thousands,,,,,2,Two,,
DATAFLOW,OECD.ENV.EPI:DSD_AIR_GHG@DF_AIR_GHG(1.0),Air emissions - Greenhouse gas emissions Inventories,I,TUR,Türkiye,A,Annual,GHG,Greenhouse gases,_T,Total emissions excluding LULUCF,T_CO2E,Tonnes of CO2-equivalent,2022,,561294.06240996,,A,Normal value,3,Thousands,,,,,2,Two,,
DATAFLOW,OECD.ENV.EPI:DSD_AIR_GHG@DF_AIR_GHG(1.0),Air emissions - Greenhouse gas emissions Inventories,I,LVA,Latvia,A,Annual,GHG,Greenhouse gases,_T,Total emissions excluding LULUCF,T_CO2E,Tonnes of CO2-equivalent,2022,,10024.142425082,,A,Normal value,3,Thousands,,,,,2,Two,,
DATAFLOW,OECD.ENV.EPI:DSD_AIR_GHG@DF_AIR_GHG(1.0),Air emissions - Greenhouse gas emissions Inventories,I,UKR,Ukraine,A,Annual,GHG,Greenhouse gases,_T,Total emissions excluding LULUCF,T_CO2E,Tonnes of CO2-equivalent,2022,,239295.631801,,A,Normal value,3,Thousands,,,,,2,Two,,
DATAFLOW,OECD.ENV.EPI:DSD_AIR_GHG@DF_AIR_GHG(1.0),Air emissions - Greenhouse gas emissions Inventories,I,IDN,Indonesia,A,Annual,GHG,Greenhouse gases,_T,Total emissions excluding LULUCF,T_CO2E,Tonnes of CO2-equivalent,2022,,1070542.932215,,A,Normal value,3,Thousands,,,,,2,Two,,
DATAFLOW,OECD.ENV.EPI:DSD_AIR_GHG@DF_AIR_GHG(1.0),Air emissions - Greenhouse gas emissions Inventories,I,IRL,Ireland,A,Annual,GHG,Greenhouse gases,_T,Total emissions excluding LULUCF,T_CO2E,Tonnes of CO2-equivalent,2022,,58905.871737449,,A,Normal value,3,Thousands,,,,,2,Two,,
DATAFLOW,OECD.ENV.EPI:DSD_AIR_GHG@DF_AIR_GHG(1.0),Air emissions - Greenhouse gas emissions Inventories,I,FIN,Finland,A,Annual,GHG,Greenhouse gases,_T,Total emissions excluding LULUCF,T_CO2E,Tonnes of CO2-equivalent,2022,,45742.564872614,,A,Normal value,3,Thousands,,,,,2,Two,,
DATAFLOW,OECD.ENV.EPI:DSD_AIR_GHG@DF_AIR_GHG(1.0),Air emissions - Greenhouse gas emissions Inventories,I,GHA,Ghana,A,Annual,GHG,Greenhouse gases,_T,Total emissions excluding LULUCF,T_CO2E,Tonnes of CO2-equivalent,2022,,47961.028550897,,A,Normal value,3,Thousands,,,,,2,Two,,
DATAFLOW,OECD.ENV.EPI:DSD_AIR_GHG@DF_AIR_GHG(1.0),Air emissions - Greenhouse gas emissions Inventories,I,USA,United States,A,Annual,GHG,Greenhouse gases,_T,Total emissions excluding LULUCF,T_CO2E,Tonnes of CO2-equivalent,2022,,6343209.33,,A,Normal value,3,Thousands,,,,,2,Two,,
DATAFLOW,OECD.ENV.EPI:DSD_AIR_GHG@DF_AIR_GHG(1.0),Air emissions - Greenhouse gas emissions Inventories,I,SVN,Slovenia,A,Annual,GHG,Greenhouse gases,_T,Total emissions excluding LULUCF,T_CO2E,Tonnes of CO2-equivalent,2022,,15655.039788525,,A,Normal value,3,Thousands,,,,,2,Two,,
DATAFLOW,OECD.ENV.EPI:DSD_AIR_GHG@DF_AIR_GHG(1.0),Air emissions - Greenhouse gas emissions Inventories,I,GRC,Greece,A,Annual,GHG,Greenhouse gases,_T,Total emissions excluding LULUCF,T_CO2E,Tonnes of CO2-equivalent,2022,,77584.256822361,,A,Normal value,3,Thousands,,,,,2,Two,,
DATAFLOW,OECD.ENV.EPI:DSD_AIR_GHG@DF_AIR_GHG(1.0),Air emissions - Greenhouse gas emissions Inventories,I,IND,India,A,Annual,GHG,Greenhouse gases,_T,Total emissions excluding LULUCF,T_CO2E,Tonnes of CO2-equivalent,2022,,3396371.871508,,A,Normal value,3,Thousands,,,,,2,Two,,
DATAFLOW,OECD.ENV.EPI:DSD_AIR_GHG@DF_AIR_GHG(1.0),Air emissions - Greenhouse gas emissions Inventories,I,SWE,Sweden,A,Annual,GHG,Greenhouse gases,_T,Total emissions excluding LULUCF,T_CO2E,Tonnes of CO2-equivalent,2022,,45168.037126758,,A,Normal value,3,Thousands,,,,,2,Two,,
DATAFLOW,OECD.ENV.EPI:DSD_AIR_GHG@DF_AIR_GHG(1.0),Air emissions - Greenhouse gas emissions Inventories,I,MEX,Mexico,A,Annual,GHG,Greenhouse gases,_T,Total emissions excluding LULUCF,T_CO2E,Tonnes of CO2-equivalent,2022,,761351.27,,A,Normal value,3,Thousands,,,,,2,Two,,
DATAFLOW,OECD.ENV.EPI:DSD_AIR_GHG@DF_AIR_GHG(1.0),Air emissions - Greenhouse gas emissions Inventories,I,JPN,Japan,A,Annual,GHG,Greenhouse gases,_T,Total emissions excluding LULUCF,T_CO2E,Tonnes of CO2-equivalent,2022,,1108870.369974,,A,Normal value,3,Thousands,,,,,2,Two,,
DATAFLOW,OECD.ENV.EPI:DSD_AIR_GHG@DF_AIR_GHG(1.0),Air emissions - Greenhouse gas emissions Inventories,I,NZL,New Zealand,A,Annual,GHG,Greenhouse gases,_T,Total emissions excluding LULUCF,T_CO2E,Tonnes of CO2-equivalent,2022,,77662.696644461,,A,Normal value,3,Thousands,,,,,2,Two,,
DATAFLOW,OECD.ENV.EPI:DSD_AIR_GHG@DF_AIR_GHG(1.0),Air emissions - Greenhouse gas emissions Inventories,I,ITA,Italy,A,Annual,GHG,Greenhouse gases,_T,Total emissions excluding LULUCF,T_CO2E,Tonnes of CO2-equivalent,2022,,404660.71130181,,A,Normal value,3,Thousands,,,,,2,Two,,
DATAFLOW,OECD.ENV.EPI:DSD_AIR_GHG@DF_AIR_GHG(1.0),Air emissions - Greenhouse gas emissions Inventories,I,DNK,Denmark,A,Annual,GHG,Greenhouse gases,_T,Total emissions excluding LULUCF,T_CO2E,Tonnes of CO2-equivalent,2022,,44003.467173122,,A,Normal value,3,Thousands,,,,,2,Two,,
DATAFLOW,OECD.ENV.EPI:DSD_AIR_GHG@DF_AIR_GHG(1.0),Air emissions - Greenhouse gas emissions Inventories,I,CZE,Czechia,A,Annual,GHG,Greenhouse gases,_T,Total emissions excluding LULUCF,T_CO2E,Tonnes of CO2-equivalent,2022,,114094.37424083,,A,Normal value,3,Thousands,,,,,2,Two,,
DATAFLOW,OECD.ENV.EPI:DSD_AIR_GHG@DF_AIR_GHG(1.0),Air emissions - Greenhouse gas emissions Inventories,I,CHL,Chile,A,Annual,GHG,Greenhouse gases,_T,Total emissions excluding LULUCF,T_CO2E,Tonnes of CO2-equivalent,2022,,111048.64,,A,Normal value,3,Thousands,,,,,2,Two,,
DATAFLOW,OECD.ENV.EPI:DSD_AIR_GHG@DF_AIR_GHG(1.0),Air emissions - Greenhouse gas emissions Inventories,I,CHE,Switzerland,A,Annual,GHG,Greenhouse gases,_T,Total emissions excluding LULUCF,T_CO2E,Tonnes of CO2-equivalent,2022,,41632.299778603,,A,Normal value,3,Thousands,,,,,2,Two,,
DATAFLOW,OECD.ENV.EPI:DSD_AIR_GHG@DF_AIR_GHG(1.0),Air emissions - Greenhouse gas emissions Inventories,I,DEU,Germany,A,Annual,GHG,Greenhouse gases,_T,Total emissions excluding LULUCF,T_CO2E,Tonnes of CO2-equivalent,2022,,749266.42415835,,A,Normal value,3,Thousands,,,,,2,Two,,
DATAFLOW,OECD.ENV.EPI:DSD_AIR_GHG@DF_AIR_GHG(1.0),Air emissions - Greenhouse gas emissions Inventories,I,AUT,Austria,A,Annual,GHG,Greenhouse gases,_T,Total emissions excluding LULUCF,T_CO2E,Tonnes of CO2-equivalent,2022,,73506.582050575,,A,Normal value,3,Thousands,,,,,2,Two,,
DATAFLOW,OECD.ENV.EPI:DSD_AIR_GHG@DF_AIR_GHG(1.0),Air emissions - Greenhouse gas emissions Inventories,I,BRA,Brazil,A,Annual,GHG,Greenhouse gases,_T,Total emissions excluding LULUCF,T_CO2E,Tonnes of CO2-equivalent,2022,,1233542.3652907,,A,Normal value,3,Thousands,,,,,2,Two,,
DATAFLOW,OECD.ENV.EPI:DSD_AIR_GHG@DF_AIR_GHG(1.0),Air emissions - Greenhouse gas emissions Inventories,I,HUN,Hungary,A,Annual,GHG,Greenhouse gases,_T,Total emissions excluding LULUCF,T_CO2E,Tonnes of CO2-equivalent,2022,,59631.26728374,,A,Normal value,3,Thousands,,,,,2,Two,,
DATAFLOW,OECD.ENV.EPI:DSD_AIR_GHG@DF_AIR_GHG(1.0),Air emissions - Greenhouse gas emissions Inventories,I,BEL,Belgium,A,Annual,GHG,Greenhouse gases,_T,Total emissions excluding LULUCF,T_CO2E,Tonnes of CO2-equivalent,2022,,102628.96367587,,A,Normal value,3,Thousands,,,,,2,Two,,
DATAFLOW,OECD.ENV.EPI:DSD_AIR_GHG@DF_AIR_GHG(1.0),Air emissions - Greenhouse gas emissions Inventories,I,SVK,Slovak Republic,A,Annual,GHG,Greenhouse gases,_T,Total emissions excluding LULUCF,T_CO2E,Tonnes of CO2-equivalent,2022,,37115.988363815,,A,Normal value,3,Thousands,,,,,2,Two,,
DATAFLOW,OECD.ENV.EPI:DSD_AIR_GHG@DF_AIR_GHG(1.0),Air emissions - Greenhouse gas emissions Inventories,I,LTU,Lithuania,A,Annual,GHG,Greenhouse gases,_T,Total emissions excluding LULUCF,T_CO2E,Tonnes of CO2-equivalent,2022,,18360.601843194,,A,Normal value,3,Thousands,,,,,2,Two,,
DATAFLOW,OECD.ENV.EPI:DSD_AIR_GHG@DF_AIR_GHG(1.0),Air emissions - Greenhouse gas emissions Inventories,I,KOR,Korea,A,Annual,GHG,Greenhouse gases,_T,Total emissions excluding LULUCF,T_CO2E,Tonnes of CO2-equivalent,2022,,722032.63,,A,Normal value,3,Thousands,,,,,2,Two,,
DATAFLOW,OECD.ENV.EPI:DSD_AIR_GHG@DF_AIR_GHG(1.0),Air emissions - Greenhouse gas emissions Inventories,I,GBR,United Kingdom,A,Annual,GHG,Greenhouse gases,_T,Total emissions excluding LULUCF,T_CO2E,Tonnes of CO2-equivalent,2022,,406446.54057185,,A,Normal value,3,Thousands,,,,,2,Two,,
DATAFLOW,OECD.ENV.EPI:DSD_AIR_GHG@DF_AIR_GHG(1.0),Air emissions - Greenhouse gas emissions Inventories,I,PRT,Portugal,A,Annual,GHG,Greenhouse gases,_T,Total emissions excluding LULUCF,T_CO2E,Tonnes of CO2-equivalent,2022,,56008.848400469,,A,Normal value,3,Thousands,,,,,2,Two,,
DATAFLOW,OECD.ENV.EPI:DSD_AIR_GHG@DF_AIR_GHG(1.0),Air emissions - Greenhouse gas emissions Inventories,I,POL,Poland,A,Annual,GHG,Greenhouse gases,_T,Total emissions excluding LULUCF,T_CO2E,Tonnes of CO2-equivalent,2022,,378755.3065897,,A,Normal value,3,Thousands,,,,,2,Two,,
DATAFLOW,OECD.ENV.EPI:DSD_AIR_GHG@DF_AIR_GHG(1.0),Air emissions - Greenhouse gas emissions Inventories,I,CAN,Canada,A,Annual,GHG,Greenhouse gases,_T,Total emissions excluding LULUCF,T_CO2E,Tonnes of CO2-equivalent,2022,,695854.4111975,,A,Normal value,3,Thousands,,,,,2,Two,,
DATAFLOW,OECD.ENV.EPI:DSD_AIR_GHG@DF_AIR_GHG(1.0),Air emissions - Greenhouse gas emissions Inventories,I,ROU,Romania,A,Annual,GHG,Greenhouse gases,_T,Total emissions excluding LULUCF,T_CO2E,Tonnes of CO2-equivalent,2022,,100165.41831546,,A,Normal value,3,Thousands,,,,,2,Two,,
DATAFLOW,OECD.ENV.EPI:DSD_AIR_GHG@DF_AIR_GHG(1.0),Air emissions - Greenhouse gas emissions Inventories,I,FRA,France,A,Annual,GHG,Greenhouse gases,_T,Total emissions excluding LULUCF,T_CO2E,Tonnes of CO2-equivalent,2022,,412314.85387131,,A,Normal value,3,Thousands,,,,,2,Two,,
DATAFLOW,OECD.ENV.EPI:DSD_AIR_GHG@DF_AIR_GHG(1.0),Air emissions - Greenhouse gas emissions Inventories,I,AUS,Australia,A,Annual,GHG,Greenhouse gases,_T,Total emissions excluding LULUCF,T_CO2E,Tonnes of CO2-equivalent,2022,,524933.24223575,,A,Normal value,3,Thousands,,,,,2,Two,,
DATAFLOW,OECD.ENV.EPI:DSD_AIR_GHG@DF_AIR_GHG(1.0),Air emissions - Greenhouse gas emissions Inventories,I,BGR,Bulgaria,A,Annual,GHG,Greenhouse gases,_T,Total emissions excluding LULUCF,T_CO2E,Tonnes of CO2-equivalent,2022,,58613.326288981,,A,Normal value,3,Thousands,,,,,2,Two,,
DATAFLOW,OECD.ENV.EPI:DSD_AIR_GHG@DF_AIR_GHG(1.0),Air emissions - Greenhouse gas emissions Inventories,I,ESP,Spain,A,Annual,GHG,Greenhouse gases,_T,Total emissions excluding LULUCF,T_CO2E,Tonnes of CO2-equivalent,2022,,292349.95397587,,A,Normal value,3,Thousands,,,,,2,Two,,
DATAFLOW,OECD.ENV.EPI:DSD_AIR_GHG@DF_AIR_GHG(1.0),Air emissions - Greenhouse gas emissions Inventories,I,NLD,Netherlands,A,Annual,GHG,Greenhouse gases,_T,Total emissions excluding LULUCF,T_CO2E,Tonnes of CO2-equivalent,2022,,152587.87838934,,A,Normal value,3,Thousands,,,,,2,Two,,
DATAFLOW,OECD.ENV.EPI:DSD_AIR_GHG@DF_AIR_GHG(1.0),Air emissions - Greenhouse gas emissions Inventories,I,NOR,Norway,A,Annual,GHG,Greenhouse gases,_T,Total emissions excluding LULUCF,T_CO2E,Tonnes of CO2-equivalent,2022,,48599.505590742,,A,Normal value,3,Thousands,,,,,2,Two,,
DATAFLOW,OECD.ENV.EPI:DSD_AIR_GHG@DF_AIR_GHG(1.0),Air emissions - Greenhouse gas emissions Inventories,I,EU27_2020,European Union (27 countries from 01/02/2020),A,Annual,GHG,Greenhouse gases,_T,Total emissions excluding LULUCF,T_CO2E,Tonnes of CO2-equivalent,2022,,3355917.8224056,,A,Normal value,3,Thousands,,,,,2,Two,,
DATAFLOW,OECD.ENV.EPI:DSD_AIR_GHG@DF_AIR_GHG(1.0),Air emissions - Greenhouse gas emissions Inventories,I,EU27_2020,European Union (27 countries from 01/02/2020),A,Annual,GHG,Greenhouse gases,_T,Total emissions excluding LULUCF,T_CO2E,Tonnes of CO2-equivalent,2018,,3728862.7604409,,A,Normal value,3,Thousands,,,,,2,Two,,
DATAFLOW,OECD.ENV.EPI:DSD_AIR_GHG@DF_AIR_GHG(1.0),Air emissions - Greenhouse gas emissions Inventories,I,NLD,Netherlands,A,Annual,GHG,Greenhouse gases,_T,Total emissions excluding LULUCF,T_CO2E,Tonnes of CO2-equivalent,2018,,186980.67781742,,A,Normal value,3,Thousands,,,,,2,Two,,
DATAFLOW,OECD.ENV.EPI:DSD_AIR_GHG@DF_AIR_GHG(1.0),Air emissions - Greenhouse gas emissions Inventories,I,NOR,Norway,A,Annual,GHG,Greenhouse gases,_T,Total emissions excluding LULUCF,T_CO2E,Tonnes of CO2-equivalent,2018,,52594.996906844,,A,Normal value,3,Thousands,,,,,2,Two,,
DATAFLOW,OECD.ENV.EPI:DSD_AIR_GHG@DF_AIR_GHG(1.0),Air emissions - Greenhouse gas emissions Inventories,I,ESP,Spain,A,Annual,GHG,Greenhouse gases,_T,Total emissions excluding LULUCF,T_CO2E,Tonnes of CO2-equivalent,2018,,328702.28829125,,A,Normal value,3,Thousands,,,,,2,Two,,
DATAFLOW,OECD.ENV.EPI:DSD_AIR_GHG@DF_AIR_GHG(1.0),Air emissions - Greenhouse gas emissions Inventories,I,BGR,Bulgaria,A,Annual,GHG,Greenhouse gases,_T,Total emissions excluding LULUCF,T_CO2E,Tonnes of CO2-equivalent,2018,,55624.437874384,,A,Normal value,3,Thousands,,,,,2,Two,,
DATAFLOW,OECD.ENV.EPI:DSD_AIR_GHG@DF_AIR_GHG(1.0),Air emissions - Greenhouse gas emissions Inventories,I,FRA,France,A,Annual,GHG,Greenhouse gases,_T,Total emissions excluding LULUCF,T_CO2E,Tonnes of CO2-equivalent,2018,,453981.11867659,,A,Normal value,3,Thousands,,,,,2,Two,,
DATAFLOW,OECD.ENV.EPI:DSD_AIR_GHG@DF_AIR_GHG(1.0),Air emissions - Greenhouse gas emissions Inventories,I,ROU,Romania,A,Annual,GHG,Greenhouse gases,_T,Total emissions excluding LULUCF,T_CO2E,Tonnes of CO2-equivalent,2018,,109125.18391912,,A,Normal value,3,Thousands,,,,,2,Two,,
DATAFLOW,OECD.ENV.EPI:DSD_AIR_GHG@DF_AIR_GHG(1.0),Air emissions - Greenhouse gas emissions Inventories,I,AUS,Australia,A,Annual,GHG,Greenhouse gases,_T,Total emissions excluding LULUCF,T_CO2E,Tonnes of CO2-equivalent,2018,,560651.89451346,,A,Normal value,3,Thousands,,,,,2,Two,,
DATAFLOW,OECD.ENV.EPI:DSD_AIR_GHG@DF_AIR_GHG(1.0),Air emissions - Greenhouse gas emissions Inventories,I,CAN,Canada,A,Annual,GHG,Greenhouse gases,_T,Total emissions excluding LULUCF,T_CO2E,Tonnes of CO2-equivalent,2018,,749308.77321569,,A,Normal value,3,Thousands,,,,,2,Two,,
DATAFLOW,OECD.ENV.EPI:DSD_AIR_GHG@DF_AIR_GHG(1.0),Air emissions - Greenhouse gas emissions Inventories,I,POL,Poland,A,Annual,GHG,Greenhouse gases,_T,Total emissions excluding LULUCF,T_CO2E,Tonnes of CO2-equivalent,2018,,406360.0527399,,A,Normal value,3,Thousands,,,,,2,Two,,
DATAFLOW,OECD.ENV.EPI:DSD_AIR_GHG@DF_AIR_GHG(1.0),Air emissions - Greenhouse gas emissions Inventories,I,PRT,Portugal,A,Annual,GHG,Greenhouse gases,_T,Total emissions excluding LULUCF,T_CO2E,Tonnes of CO2-equivalent,2018,,66876.330478926,,A,Normal value,3,Thousands,,,,,2,Two,,
DATAFLOW,OECD.ENV.EPI:DSD_AIR_GHG@DF_AIR_GHG(1.0),Air emissions - Greenhouse gas emissions Inventories,I,GBR,United Kingdom,A,Annual,GHG,Greenhouse gases,_T,Total emissions excluding LULUCF,T_CO2E,Tonnes of CO2-equivalent,2018,,466425.46627859,,A,Normal value,3,Thousands,,,,,2,Two,,
DATAFLOW,OECD.ENV.EPI:DSD_AIR_GHG@DF_AIR_GHG(1.0),Air emissions - Greenhouse gas emissions Inventories,I,COL,Colombia,A,Annual,GHG,Greenhouse gases,_T,Total emissions excluding LULUCF,T_CO2E,Tonnes of CO2-equivalent,2018,,177435.53,,A,Normal value,3,Thousands,,,,,2,Two,,
DATAFLOW,OECD.ENV.EPI:DSD_AIR_GHG@DF_AIR_GHG(1.0),Air emissions - Greenhouse gas emissions Inventories,I,KOR,Korea,A,Annual,GHG,Greenhouse gases,_T,Total emissions excluding LULUCF,T_CO2E,Tonnes of CO2-equivalent,2018,,780140.33,,A,Normal value,3,Thousands,,,,,2,Two,,
DATAFLOW,OECD.ENV.EPI:DSD_AIR_GHG@DF_AIR_GHG(1.0),Air emissions - Greenhouse gas emissions Inventories,I,LTU,Lithuania,A,Annual,GHG,Greenhouse gases,_T,Total emissions excluding LULUCF,T_CO2E,Tonnes of CO2-equivalent,2018,,19432.740150903,,A,Normal value,3,Thousands,,,,,2,Two,,
DATAFLOW,OECD.ENV.EPI:DSD_AIR_GHG@DF_AIR_GHG(1.0),Air emissions - Greenhouse gas emissions Inventories,I,SVK,Slovak Republic,A,Annual,GHG,Greenhouse gases,_T,Total emissions excluding LULUCF,T_CO2E,Tonnes of CO2-equivalent,2018,,42812.118852932,,A,Normal value,3,Thousands,,,,,2,Two,,
DATAFLOW,OECD.ENV.EPI:DSD_AIR_GHG@DF_AIR_GHG(1.0),Air emissions - Greenhouse gas emissions Inventories,I,BEL,Belgium,A,Annual,GHG,Greenhouse gases,_T,Total emissions excluding LULUCF,T_CO2E,Tonnes of CO2-equivalent,2018,,117150.17587973,,A,Normal value,3,Thousands,,,,,2,Two,,
DATAFLOW,OECD.ENV.EPI:DSD_AIR_GHG@DF_AIR_GHG(1.0),Air emissions - Greenhouse gas emissions Inventories,I,HUN,Hungary,A,Annual,GHG,Greenhouse gases,_T,Total emissions excluding LULUCF,T_CO2E,Tonnes of CO2-equivalent,2018,,65277.360373295,,A,Normal value,3,Thousands,,,,,2,Two,,
DATAFLOW,OECD.ENV.EPI:DSD_AIR_GHG@DF_AIR_GHG(1.0),Air emissions - Greenhouse gas emissions Inventories,I,MYS,Malaysia,A,Annual,GHG,Greenhouse gases,_T,Total emissions excluding LULUCF,T_CO2E,Tonnes of CO2-equivalent,2018,,322323.08180544,,A,Normal value,3,Thousands,,,,,2,Two,,
DATAFLOW,OECD.ENV.EPI:DSD_AIR_GHG@DF_AIR_GHG(1.0),Air emissions - Greenhouse gas emissions Inventories,I,AUT,Austria,A,Annual,GHG,Greenhouse gases,_T,Total emissions excluding LULUCF,T_CO2E,Tonnes of CO2-equivalent,2018,,79654.775511672,,A,Normal value,3,Thousands,,,,,2,Two,,
DATAFLOW,OECD.ENV.EPI:DSD_AIR_GHG@DF_AIR_GHG(1.0),Air emissions - Greenhouse gas emissions Inventories,I,BRA,Brazil,A,Annual,GHG,Greenhouse gases,_T,Total emissions excluding LULUCF,T_CO2E,Tonnes of CO2-equivalent,2018,,1160952.7455324,,A,Normal value,3,Thousands,,,,,2,Two,,
DATAFLOW,OECD.ENV.EPI:DSD_AIR_GHG@DF_AIR_GHG(1.0),Air emissions - Greenhouse gas emissions Inventories,I,DEU,Germany,A,Annual,GHG,Greenhouse gases,_T,Total emissions excluding LULUCF,T_CO2E,Tonnes of CO2-equivalent,2018,,850135.00067578,,A,Normal value,3,Thousands,,,,,2,Two,,
DATAFLOW,OECD.ENV.EPI:DSD_AIR_GHG@DF_AIR_GHG(1.0),Air emissions - Greenhouse gas emissions Inventories,I,ITA,Italy,A,Annual,GHG,Greenhouse gases,_T,Total emissions excluding LULUCF,T_CO2E,Tonnes of CO2-equivalent,2018,,422868.55480852,,A,Normal value,3,Thousands,,,,,2,Two,,
DATAFLOW,OECD.ENV.EPI:DSD_AIR_GHG@DF_AIR_GHG(1.0),Air emissions - Greenhouse gas emissions Inventories,I,NZL,New Zealand,A,Annual,GHG,Greenhouse gases,_T,Total emissions excluding LULUCF,T_CO2E,Tonnes of CO2-equivalent,2018,,82563.21209231,,A,Normal value,3,Thousands,,,,,2,Two,,
DATAFLOW,OECD.ENV.EPI:DSD_AIR_GHG@DF_AIR_GHG(1.0),Air emissions - Greenhouse gas emissions Inventories,I,SWE,Sweden,A,Annual,GHG,Greenhouse gases,_T,Total emissions excluding LULUCF,T_CO2E,Tonnes of CO2-equivalent,2018,,51430.252345173,,A,Normal value,3,Thousands,,,,,2,Two,,
DATAFLOW,OECD.ENV.EPI:DSD_AIR_GHG@DF_AIR_GHG(1.0),Air emissions - Greenhouse gas emissions Inventories,I,CHE,Switzerland,A,Annual,GHG,Greenhouse gases,_T,Total emissions excluding LULUCF,T_CO2E,Tonnes of CO2-equivalent,2018,,46781.913783557,,A,Normal value,3,Thousands,,,,,2,Two,,
DATAFLOW,OECD.ENV.EPI:DSD_AIR_GHG@DF_AIR_GHG(1.0),Air emissions - Greenhouse gas emissions Inventories,I,CHL,Chile,A,Annual,GHG,Greenhouse gases,_T,Total emissions excluding LULUCF,T_CO2E,Tonnes of CO2-equivalent,2018,,107169.25,,A,Normal value,3,Thousands,,,,,2,Two,,
DATAFLOW,OECD.ENV.EPI:DSD_AIR_GHG@DF_AIR_GHG(1.0),Air emissions - Greenhouse gas emissions Inventories,I,CZE,Czechia,A,Annual,GHG,Greenhouse gases,_T,Total emissions excluding LULUCF,T_CO2E,Tonnes of CO2-equivalent,2018,,125672.54635174,,A,Normal value,3,Thousands,,,,,2,Two,,
DATAFLOW,OECD.ENV.EPI:DSD_AIR_GHG@DF_AIR_GHG(1.0),Air emissions - Greenhouse gas emissions Inventories,I,DNK,Denmark,A,Annual,GHG,Greenhouse gases,_T,Total emissions excluding LULUCF,T_CO2E,Tonnes of CO2-equivalent,2018,,51270.218391075,,A,Normal value,3,Thousands,,,,,2,Two,,
DATAFLOW,OECD.ENV.EPI:DSD_AIR_GHG@DF_AIR_GHG(1.0),Air emissions - Greenhouse gas emissions Inventories,I,MEX,Mexico,A,Annual,GHG,Greenhouse gases,_T,Total emissions excluding LULUCF,T_CO2E,Tonnes of CO2-equivalent,2018,,756812.84,,A,Normal value,3,Thousands,,,,,2,Two,,
DATAFLOW,OECD.ENV.EPI:DSD_AIR_GHG@DF_AIR_GHG(1.0),Air emissions - Greenhouse gas emissions Inventories,I,JPN,Japan,A,Annual,GHG,Greenhouse gases,_T,Total emissions excluding LULUCF,T_CO2E,Tonnes of CO2-equivalent,2018,,1220048.9768436,,A,Normal value,3,Thousands,,,,,2,Two,,
DATAFLOW,OECD.ENV.EPI:DSD_AIR_GHG@DF_AIR_GHG(1.0),Air emissions - Greenhouse gas emissions Inventories,I,SVN,Slovenia,A,Annual,GHG,Greenhouse gases,_T,Total emissions excluding LULUCF,T_CO2E,Tonnes of CO2-equivalent,2018,,17744.898766308,,A,Normal value,3,Thousands,,,,,2,Two,,
DATAFLOW,OECD.ENV.EPI:DSD_AIR_GHG@DF_AIR_GHG(1.0),Air emissions - Greenhouse gas emissions Inventories,I,USA,United States,A,Annual,GHG,Greenhouse gases,_T,Total emissions excluding LULUCF,T_CO2E,Tonnes of CO2-equivalent,2018,,6752749.72,,A,Normal value,3,Thousands,,,,,2,Two,,
DATAFLOW,OECD.ENV.EPI:DSD_AIR_GHG@DF_AIR_GHG(1.0),Air emissions - Greenhouse gas emissions Inventories,I,FIN,Finland,A,Annual,GHG,Greenhouse gases,_T,Total emissions excluding LULUCF,T_CO2E,Tonnes of CO2-equivalent,2018,,56153.385815488,,A,Normal value,3,Thousands,,,,,2,Two,,
DATAFLOW,OECD.ENV.EPI:DSD_AIR_GHG@DF_AIR_GHG(1.0),Air emissions - Greenhouse gas emissions Inventories,I,GRC,Greece,A,Annual,GHG,Greenhouse gases,_T,Total emissions excluding LULUCF,T_CO2E,Tonnes of CO2-equivalent,2018,,93017.655967929,,A,Normal value,3,Thousands,,,,,2,Two,,
DATAFLOW,OECD.ENV.EPI:DSD_AIR_GHG@DF_AIR_GHG(1.0),Air emissions - Greenhouse gas emissions Inventories,I,IRL,Ireland,A,Annual,GHG,Greenhouse gases,_T,Total emissions excluding LULUCF,T_CO2E,Tonnes of CO2-equivalent,2018,,61501.994530671,,A,Normal value,3,Thousands,,,,,2,Two,,
DATAFLOW,OECD.ENV.EPI:DSD_AIR_GHG@DF_AIR_GHG(1.0),Air emissions - Greenhouse gas emissions Inventories,I,LVA,Latvia,A,Annual,GHG,Greenhouse gases,_T,Total emissions excluding LULUCF,T_CO2E,Tonnes of CO2-equivalent,2018,,11110.332970351,,A,Normal value,3,Thousands,,,,,2,Two,,
DATAFLOW,OECD.ENV.EPI:DSD_AIR_GHG@DF_AIR_GHG(1.0),Air emissions - Greenhouse gas emissions Inventories,I,TUR,Türkiye,A,Annual,GHG,Greenhouse gases,_T,Total emissions excluding LULUCF,T_CO2E,Tonnes of CO2-equivalent,2018,,533467.38642454,,A,Normal value,3,Thousands,,,,,2,Two,,
DATAFLOW,OECD.ENV.EPI:DSD_AIR_GHG@DF_AIR_GHG(1.0),Air emissions - Greenhouse gas emissions Inventories,I,GHA,Ghana,A,Annual,GHG,Greenhouse gases,_T,Total emissions excluding LULUCF,T_CO2E,Tonnes of CO2-equivalent,2018,,40203.51758877,,A,Normal value,3,Thousands,,,,,2,Two,,
DATAFLOW,OECD.ENV.EPI:DSD_AIR_GHG@DF_AIR_GHG(1.0),Air emissions - Greenhouse gas emissions Inventories,I,IDN,Indonesia,A,Annual,GHG,Greenhouse gases,_T,Total emissions excluding LULUCF,T_CO2E,Tonnes of CO2-equivalent,2018,,911973.41050525,,A,Normal value,3,Thousands,,,,,2,Two,,
DATAFLOW,OECD.ENV.EPI:DSD_AIR_GHG@DF_AIR_GHG(1.0),Air emissions - Greenhouse gas emissions Inventories,I,UKR,Ukraine,A,Annual,GHG,Greenhouse gases,_T,Total emissions excluding LULUCF,T_CO2E,Tonnes of CO2-equivalent,2018,,345002.25083017,,A,Normal value,3,Thousands,,,,,2,Two,,
DATAFLOW,OECD.ENV.EPI:DSD_AIR_GHG@DF_AIR_GHG(1.0),Air emissions - Greenhouse gas emissions Inventories,I,HRV,Croatia,A,Annual,GHG,Greenhouse gases,_T,Total emissions excluding LULUCF,T_CO2E,Tonnes of CO2-equivalent,2018,,24548.404831359,,A,Normal value,3,Thousands,,,,,2,Two,,
DATAFLOW,OECD.ENV.EPI:DSD_AIR_GHG@DF_AIR_GHG(1.0),Air emissions - Greenhouse gas emissions Inventories,I,KAZ,Kazakhstan,A,Annual,GHG,Greenhouse gases,_T,Total emissions excluding LULUCF,T_CO2E,Tonnes of CO2-equivalent,2018,,425840.24409388,,A,Normal value,3,Thousands,,,,,2,Two,,
DATAFLOW,OECD.ENV.EPI:DSD_AIR_GHG@DF_AIR_GHG(1.0),Air emissions - Greenhouse gas emissions Inventories,I,CRI,Costa Rica,A,Annual,GHG,Greenhouse gases,_T,Total emissions excluding LULUCF,T_CO2E,Tonnes of CO2-equivalent,2018,,15868.37,,A,Normal value,3,Thousands,,,,,2,Two,,
DATAFLOW,OECD.ENV.EPI:DSD_AIR_GHG@DF_AIR_GHG(1.0),Air emissions - Greenhouse gas emissions Inventories,I,ARG,Argentina,A,Annual,GHG,Greenhouse gases,_T,Total emissions excluding LULUCF,T_CO2E,Tonnes of CO2-equivalent,2018,,343805.67981262,,A,Normal value,3,Thousands,,,,,2,Two,,
DATAFLOW,OECD.ENV.EPI:DSD_AIR_GHG@DF_AIR_GHG(1.0),Air emissions - Greenhouse gas emissions Inventories,I,GEO,Georgia,A,Annual,GHG,Greenhouse gases,_T,Total emissions excluding LULUCF,T_CO2E,Tonnes of CO2-equivalent,2018,,17656.033021515,,A,Normal value,3,Thousands,,,,,2,Two,,
DATAFLOW,OECD.ENV.EPI:DSD_AIR_GHG@DF_AIR_GHG(1.0),Air emissions - Greenhouse gas emissions Inventories,I,SRB,Serbia,A,Annual,GHG,Greenhouse gases,_T,Total emissions excluding LULUCF,T_CO2E,Tonnes of CO2-equivalent,2018,,63336.114534444,,A,Normal value,3,Thousands,,,,,2,Two,,
DATAFLOW,OECD.ENV.EPI:DSD_AIR_GHG@DF_AIR_GHG(1.0),Air emissions - Greenhouse gas emissions Inventories,I,MAR,Morocco,A,Annual,GHG,Greenhouse gases,_T,Total emissions excluding LULUCF,T_CO2E,Tonnes of CO2-equivalent,2018,,92690.315359143,,A,Normal value,3,Thousands,,,,,2,Two,,
DATAFLOW,OECD.ENV.EPI:DSD_AIR_GHG@DF_AIR_GHG(1.0),Air emissions - Greenhouse gas emissions Inventories,I,PER,Peru,A,Annual,GHG,Greenhouse gases,_T,Total emissions excluding LULUCF,T_CO2E,Tonnes of CO2-equivalent,2018,,101724.68565351,,A,Normal value,3,Thousands,,,,,2,Two,,
DATAFLOW,OECD.ENV.EPI:DSD_AIR_GHG@DF_AIR_GHG(1.0),Air emissions - Greenhouse gas emissions Inventories,I,CYP,Cyprus,A,Annual,GHG,Greenhouse gases,_T,Total emissions excluding LULUCF,T_CO2E,Tonnes of CO2-equivalent,2018,,8824.9380335386,,A,Normal value,3,Thousands,,,,,2,Two,,
DATAFLOW,OECD.ENV.EPI:DSD_AIR_GHG@DF_AIR_GHG(1.0),Air emissions - Greenhouse gas emissions Inventories,I,ZWE,Zimbabwe,A,Annual,GHG,Greenhouse gases,_T,Total emissions excluding LULUCF,T_CO2E,Tonnes of CO2-equivalent,2018,,31001.117906917,,A,Normal value,3,Thousands,,,,,2,Two,,
DATAFLOW,OECD.ENV.EPI:DSD_AIR_GHG@DF_AIR_GHG(1.0),Air emissions - Greenhouse gas emissions Inventories,I,LUX,Luxembourg,A,Annual,GHG,Greenhouse gases,_T,Total emissions excluding LULUCF,T_CO2E,Tonnes of CO2-equivalent,2018,,10689.075534507,,A,Normal value,3,Thousands,,,,,2,Two,,
DATAFLOW,OECD.ENV.EPI:DSD_AIR_GHG@DF_AIR_GHG(1.0),Air emissions - Greenhouse gas emissions Inventories,I,DZA,Algeria,A,Annual,GHG,Greenhouse gases,_T,Total emissions excluding LULUCF,T_CO2E,Tonnes of CO2-equivalent,2018,,223684.20375348,,A,Normal value,3,Thousands,,,,,2,Two,,
DATAFLOW,OECD.ENV.EPI:DSD_AIR_GHG@DF_AIR_GHG(1.0),Air emissions - Greenhouse gas emissions Inventories,I,EST,Estonia,A,Annual,GHG,Greenhouse gases,_T,Total emissions excluding LULUCF,T_CO2E,Tonnes of CO2-equivalent,2018,,19943.592866344,,A,Normal value,3,Thousands,,,,,2,Two,,
DATAFLOW,OECD.ENV.EPI:DSD_AIR_GHG@DF_AIR_GHG(1.0),Air emissions - Greenhouse gas emissions Inventories,I,ISL,Iceland,A,Annual,GHG,Greenhouse gases,_T,Total emissions excluding LULUCF,T_CO2E,Tonnes of CO2-equivalent,2018,,4925.3639512918,,A,Normal value,3,Thousands,,,,,2,Two,,
DATAFLOW,OECD.ENV.EPI:DSD_AIR_GHG@DF_AIR_GHG(1.0),Air emissions - Greenhouse gas emissions Inventories,I,ISR,Israel,A,Annual,GHG,Greenhouse gases,_T,Total emissions excluding LULUCF,T_CO2E,Tonnes of CO2-equivalent,2018,,80796.68,,A,Normal value,3,Thousands,,,,,2,Two,,
DATAFLOW,OECD.ENV.EPI:DSD_AIR_GHG@DF_AIR_GHG(1.0),Air emissions - Greenhouse gas emissions Inventories,I,BRN,Brunei Darussalam,A,Annual,GHG,Greenhouse gases,_T,Total emissions excluding LULUCF,T_CO2E,Tonnes of CO2-equivalent,2018,,10988.627925218,,A,Normal value,3,Thousands,,,,,2,Two,,
DATAFLOW,OECD.ENV.EPI:DSD_AIR_GHG@DF_AIR_GHG(1.0),Air emissions - Greenhouse gas emissions Inventories,I,CIV,Côte d’Ivoire,A,Annual,GHG,Greenhouse gases,_T,Total emissions excluding LULUCF,T_CO2E,Tonnes of CO2-equivalent,2018,,46979.00822283,,A,Normal value,3,Thousands,,,,,2,Two,,
DATAFLOW,OECD.ENV.EPI:DSD_AIR_GHG@DF_AIR_GHG(1.0),Air emissions - Greenhouse gas emissions Inventories,I,CUB,Cuba,A,Annual,GHG,Greenhouse gases,_T,Total emissions excluding LULUCF,T_CO2E,Tonnes of CO2-equivalent,2018,,53928.143142413,,A,Normal value,3,Thousands,,,,,2,Two,,
DATAFLOW,OECD.ENV.EPI:DSD_AIR_GHG@DF_AIR_GHG(1.0),Air emissions - Greenhouse gas emissions Inventories,I,EGY,Egypt,A,Annual,GHG,Greenhouse gases,_T,Total emissions excluding LULUCF,T_CO2E,Tonnes of CO2-equivalent,2018,,365990.38118078,,A,Normal value,3,Thousands,,,,,2,Two,,
DATAFLOW,OECD.ENV.EPI:DSD_AIR_GHG@DF_AIR_GHG(1.0),Air emissions - Greenhouse gas emissions Inventories,I,GTM,Guatemala,A,Annual,GHG,Greenhouse gases,_T,Total emissions excluding LULUCF,T_CO2E,Tonnes of CO2-equivalent,2018,,31472.813244563,,A,Normal value,3,Thousands,,,,,2,Two,,
DATAFLOW,OECD.ENV.EPI:DSD_AIR_GHG@DF_AIR_GHG(1.0),Air emissions - Greenhouse gas emissions Inventories,I,GNB,Guinea-Bissau,A,Annual,GHG,Greenhouse gases,_T,Total emissions excluding LULUCF,T_CO2E,Tonnes of CO2-equivalent,2018,,1332.904487118,,A,Normal value,3,Thousands,,,,,2,Two,,
DATAFLOW,OECD.ENV.EPI:DSD_AIR_GHG@DF_AIR_GHG(1.0),Air emissions - Greenhouse gas emissions Inventories,I,GUY,Guyana,A,Annual,GHG,Greenhouse gases,_T,Total emissions excluding LULUCF,T_CO2E,Tonnes of CO2-equivalent,2018,,4882.1853724289,,A,Normal value,3,Thousands,,,,,2,Two,,
DATAFLOW,OECD.ENV.EPI:DSD_AIR_GHG@DF_AIR_GHG(1.0),Air emissions - Greenhouse gas emissions Inventories,I,VAT,Holy See,A,Annual,GHG,Greenhouse gases,_T,Total emissions excluding LULUCF,T_CO2E,Tonnes of CO2-equivalent,2018,,16.026792225144,,A,Normal value,3,Thousands,,,,,2,Two,,
DATAFLOW,OECD.ENV.EPI:DSD_AIR_GHG@DF_AIR_GHG(1.0),Air emissions - Greenhouse gas emissions Inventories,I,KEN,Kenya,A,Annual,GHG,Greenhouse gases,_T,Total emissions excluding LULUCF,T_CO2E,Tonnes of CO2-equivalent,2018,,61420.199245582,,A,Normal value,3,Thousands,,,,,2,Two,,
DATAFLOW,OECD.ENV.EPI:DSD_AIR_GHG@DF_AIR_GHG(1.0),Air emissions - Greenhouse gas emissions Inventories,I,LIE,Liechtenstein,A,Annual,GHG,Greenhouse gases,_T,Total emissions excluding LULUCF,T_CO2E,Tonnes of CO2-equivalent,2018,,180.82653371056,,A,Normal value,3,Thousands,,,,,2,Two,,
DATAFLOW,OECD.ENV.EPI:DSD_AIR_GHG@DF_AIR_GHG(1.0),Air emissions - Greenhouse gas emissions Inventories,I,MDV,Maldives,A,Annual,GHG,Greenhouse gases,_T,Total emissions excluding LULUCF,T_CO2E,Tonnes of CO2-equivalent,2018,,1985.6062337673,,A,Normal value,3,Thousands,,,,,2,Two,,
DATAFLOW,OECD.ENV.EPI:DSD_AIR_GHG@DF_AIR_GHG(1.0),Air emissions - Greenhouse gas emissions Inventories,I,MLT,Malta,A,Annual,GHG,Greenhouse gases,_T,Total emissions excluding LULUCF,T_CO2E,Tonnes of CO2-equivalent,2018,,2008.400437083,,A,Normal value,3,Thousands,,,,,2,Two,,
DATAFLOW,OECD.ENV.EPI:DSD_AIR_GHG@DF_AIR_GHG(1.0),Air emissions - Greenhouse gas emissions Inventories,I,MUS,Mauritius,A,Annual,GHG,Greenhouse gases,_T,Total emissions excluding LULUCF,T_CO2E,Tonnes of CO2-equivalent,2018,,5771.7692238187,,A,Normal value,3,Thousands,,,,,2,Two,,
DATAFLOW,OECD.ENV.EPI:DSD_AIR_GHG@DF_AIR_GHG(1.0),Air emissions - Greenhouse gas emissions Inventories,I,MDA,Moldova,A,Annual,GHG,Greenhouse gases,_T,Total emissions excluding LULUCF,T_CO2E,Tonnes of CO2-equivalent,2018,,13896.339553504,,A,Normal value,3,Thousands,,,,,2,Two,,
DATAFLOW,OECD.ENV.EPI:DSD_AIR_GHG@DF_AIR_GHG(1.0),Air emissions - Greenhouse gas emissions Inventories,I,MCO,Monaco,A,Annual,GHG,Greenhouse gases,_T,Total emissions excluding LULUCF,T_CO2E,Tonnes of CO2-equivalent,2018,,86.291100397738,,A,Normal value,3,Thousands,,,,,2,Two,,
DATAFLOW,OECD.ENV.EPI:DSD_AIR_GHG@DF_AIR_GHG(1.0),Air emissions - Greenhouse gas emissions Inventories,I,NAM,Namibia,A,Annual,GHG,Greenhouse gases,_T,Total emissions excluding LULUCF,T_CO2E,Tonnes of CO2-equivalent,2018,,10821.504715491,,A,Normal value,3,Thousands,,,,,2,Two,,
DATAFLOW,OECD.ENV.EPI:DSD_AIR_GHG@DF_AIR_GHG(1.0),Air emissions - Greenhouse gas emissions Inventories,I,NPL,Nepal,A,Annual,GHG,Greenhouse gases,_T,Total emissions excluding LULUCF,T_CO2E,Tonnes of CO2-equivalent,2018,,49450.144146443,,A,Normal value,3,Thousands,,,,,2,Two,,
DATAFLOW,OECD.ENV.EPI:DSD_AIR_GHG@DF_AIR_GHG(1.0),Air emissions - Greenhouse gas emissions Inventories,I,NGA,Nigeria,A,Annual,GHG,Greenhouse gases,_T,Total emissions excluding LULUCF,T_CO2E,Tonnes of CO2-equivalent,2018,,310030.27995773,,A,Normal value,3,Thousands,,,,,2,Two,,
DATAFLOW,OECD.ENV.EPI:DSD_AIR_GHG@DF_AIR_GHG(1.0),Air emissions - Greenhouse gas emissions Inventories,I,PAN,Panama,A,Annual,GHG,Greenhouse gases,_T,Total emissions excluding LULUCF,T_CO2E,Tonnes of CO2-equivalent,2018,,18182.0189556,,A,Normal value,3,Thousands,,,,,2,Two,,
DATAFLOW,OECD.ENV.EPI:DSD_AIR_GHG@DF_AIR_GHG(1.0),Air emissions - Greenhouse gas emissions Inventories,I,RWA,Rwanda,A,Annual,GHG,Greenhouse gases,_T,Total emissions excluding LULUCF,T_CO2E,Tonnes of CO2-equivalent,2018,,9963.8576187149,,A,Normal value,3,Thousands,,,,,2,Two,,
DATAFLOW,OECD.ENV.EPI:DSD_AIR_GHG@DF_AIR_GHG(1.0),Air emissions - Greenhouse gas emissions Inventories,I,SGP,Singapore,A,Annual,GHG,Greenhouse gases,_T,Total emissions excluding LULUCF,T_CO2E,Tonnes of CO2-equivalent,2018,,56832.999289452,,A,Normal value,3,Thousands,,,,,2,Two,,
DATAFLOW,OECD.ENV.EPI:DSD_AIR_GHG@DF_AIR_GHG(1.0),Air emissions - Greenhouse gas emissions Inventories,I,SLB,Solomon Islands,A,Annual,GHG,Greenhouse gases,_T,Total emissions excluding LULUCF,T_CO2E,Tonnes of CO2-equivalent,2018,,594.88569632508,,A,Normal value,3,Thousands,,,,,2,Two,,
DATAFLOW,OECD.ENV.EPI:DSD_AIR_GHG@DF_AIR_GHG(1.0),Air emissions - Greenhouse gas emissions Inventories,I,ZAF,South Africa,A,Annual,GHG,Greenhouse gases,_T,Total emissions excluding LULUCF,T_CO2E,Tonnes of CO2-equivalent,2018,,500384.98425553,,A,Normal value,3,Thousands,,,,,2,Two,,
DATAFLOW,OECD.ENV.EPI:DSD_AIR_GHG@DF_AIR_GHG(1.0),Air emissions - Greenhouse gas emissions Inventories,I,UZB,Uzbekistan,A,Annual,GHG,Greenhouse gases,_T,Total emissions excluding LULUCF,T_CO2E,Tonnes of CO2-equivalent,2018,,187851.06900523,,A,Normal value,3,Thousands,,,,,2,Two,,
DATAFLOW,OECD.ENV.EPI:DSD_AIR_GHG@DF_AIR_GHG(1.0),Air emissions - Greenhouse gas emissions Inventories,I,VEN,Venezuela,A,Annual,GHG,Greenhouse gases,_T,Total emissions excluding LULUCF,T_CO2E,Tonnes of CO2-equivalent,2018,,184565.48938566,,A,Normal value,3,Thousands,,,,,2,Two,,
DATAFLOW,OECD.ENV.EPI:DSD_AIR_GHG@DF_AIR_GHG(1.0),Air emissions - Greenhouse gas emissions Inventories,I,EST,Estonia,A,Annual,GHG,Greenhouse gases,_T,Total emissions excluding LULUCF,T_CO2E,Tonnes of CO2-equivalent,2019,,14498.581512851,,A,Normal value,3,Thousands,,,,,2,Two,,
DATAFLOW,OECD.ENV.EPI:DSD_AIR_GHG@DF_AIR_GHG(1.0),Air emissions - Greenhouse gas emissions Inventories,I,ISL,Iceland,A,Annual,GHG,Greenhouse gases,_T,Total emissions excluding LULUCF,T_CO2E,Tonnes of CO2-equivalent,2019,,4785.2495875047,,A,Normal value,3,Thousands,,,,,2,Two,,
DATAFLOW,OECD.ENV.EPI:DSD_AIR_GHG@DF_AIR_GHG(1.0),Air emissions - Greenhouse gas emissions Inventories,I,ISR,Israel,A,Annual,GHG,Greenhouse gases,_T,Total emissions excluding LULUCF,T_CO2E,Tonnes of CO2-equivalent,2019,,81737.78,,A,Normal value,3,Thousands,,,,,2,Two,,
DATAFLOW,OECD.ENV.EPI:DSD_AIR_GHG@DF_AIR_GHG(1.0),Air emissions - Greenhouse gas emissions Inventories,I,BTN,Bhutan,A,Annual,GHG,Greenhouse gases,_T,Total emissions excluding LULUCF,T_CO2E,Tonnes of CO2-equivalent,2019,,1432.0081728745,,A,Normal value,3,Thousands,,,,,2,Two,,
DATAFLOW,OECD.ENV.EPI:DSD_AIR_GHG@DF_AIR_GHG(1.0),Air emissions - Greenhouse gas emissions Inventories,I,BRN,Brunei Darussalam,A,Annual,GHG,Greenhouse gases,_T,Total emissions excluding LULUCF,T_CO2E,Tonnes of CO2-equivalent,2019,,11489.997594208,,A,Normal value,3,Thousands,,,,,2,Two,,
DATAFLOW,OECD.ENV.EPI:DSD_AIR_GHG@DF_AIR_GHG(1.0),Air emissions - Greenhouse gas emissions Inventories,I,CIV,Côte d’Ivoire,A,Annual,GHG,Greenhouse gases,_T,Total emissions excluding LULUCF,T_CO2E,Tonnes of CO2-equivalent,2019,,47433.950566552,,A,Normal value,3,Thousands,,,,,2,Two,,
DATAFLOW,OECD.ENV.EPI:DSD_AIR_GHG@DF_AIR_GHG(1.0),Air emissions - Greenhouse gas emissions Inventories,I,CUB,Cuba,A,Annual,GHG,Greenhouse gases,_T,Total emissions excluding LULUCF,T_CO2E,Tonnes of CO2-equivalent,2019,,52570.007179721,,A,Normal value,3,Thousands,,,,,2,Two,,
DATAFLOW,OECD.ENV.EPI:DSD_AIR_GHG@DF_AIR_GHG(1.0),Air emissions - Greenhouse gas emissions Inventories,I,EGY,Egypt,A,Annual,GHG,Greenhouse gases,_T,Total emissions excluding LULUCF,T_CO2E,Tonnes of CO2-equivalent,2019,,344605.59494272,,A,Normal value,3,Thousands,,,,,2,Two,,
DATAFLOW,OECD.ENV.EPI:DSD_AIR_GHG@DF_AIR_GHG(1.0),Air emissions - Greenhouse gas emissions Inventories,I,GTM,Guatemala,A,Annual,GHG,Greenhouse gases,_T,Total emissions excluding LULUCF,T_CO2E,Tonnes of CO2-equivalent,2019,,32195.584980681,,A,Normal value,3,Thousands,,,,,2,Two,,
DATAFLOW,OECD.ENV.EPI:DSD_AIR_GHG@DF_AIR_GHG(1.0),Air emissions - Greenhouse gas emissions Inventories,I,GNB,Guinea-Bissau,A,Annual,GHG,Greenhouse gases,_T,Total emissions excluding LULUCF,T_CO2E,Tonnes of CO2-equivalent,2019,,1532.9835244408,,A,Normal value,3,Thousands,,,,,2,Two,,
DATAFLOW,OECD.ENV.EPI:DSD_AIR_GHG@DF_AIR_GHG(1.0),Air emissions - Greenhouse gas emissions Inventories,I,GUY,Guyana,A,Annual,GHG,Greenhouse gases,_T,Total emissions excluding LULUCF,T_CO2E,Tonnes of CO2-equivalent,2019,,5299.2938684638,,A,Normal value,3,Thousands,,,,,2,Two,,
DATAFLOW,OECD.ENV.EPI:DSD_AIR_GHG@DF_AIR_GHG(1.0),Air emissions - Greenhouse gas emissions Inventories,I,VAT,Holy See,A,Annual,GHG,Greenhouse gases,_T,Total emissions excluding LULUCF,T_CO2E,Tonnes of CO2-equivalent,2019,,15.898960679951,,A,Normal value,3,Thousands,,,,,2,Two,,
DATAFLOW,OECD.ENV.EPI:DSD_AIR_GHG@DF_AIR_GHG(1.0),Air emissions - Greenhouse gas emissions Inventories,I,KEN,Kenya,A,Annual,GHG,Greenhouse gases,_T,Total emissions excluding LULUCF,T_CO2E,Tonnes of CO2-equivalent,2019,,65896.388198766,,A,Normal value,3,Thousands,,,,,2,Two,,
DATAFLOW,OECD.ENV.EPI:DSD_AIR_GHG@DF_AIR_GHG(1.0),Air emissions - Greenhouse gas emissions Inventories,I,LIE,Liechtenstein,A,Annual,GHG,Greenhouse gases,_T,Total emissions excluding LULUCF,T_CO2E,Tonnes of CO2-equivalent,2019,,187.50441935245,,A,Normal value,3,Thousands,,,,,2,Two,,
DATAFLOW,OECD.ENV.EPI:DSD_AIR_GHG@DF_AIR_GHG(1.0),Air emissions - Greenhouse gas emissions Inventories,I,MDV,Maldives,A,Annual,GHG,Greenhouse gases,_T,Total emissions excluding LULUCF,T_CO2E,Tonnes of CO2-equivalent,2019,,2183.3125080254,,A,Normal value,3,Thousands,,,,,2,Two,,
DATAFLOW,OECD.ENV.EPI:DSD_AIR_GHG@DF_AIR_GHG(1.0),Air emissions - Greenhouse gas emissions Inventories,I,MLT,Malta,A,Annual,GHG,Greenhouse gases,_T,Total emissions excluding LULUCF,T_CO2E,Tonnes of CO2-equivalent,2019,,2117.5568777869,,A,Normal value,3,Thousands,,,,,2,Two,,
DATAFLOW,OECD.ENV.EPI:DSD_AIR_GHG@DF_AIR_GHG(1.0),Air emissions - Greenhouse gas emissions Inventories,I,MUS,Mauritius,A,Annual,GHG,Greenhouse gases,_T,Total emissions excluding LULUCF,T_CO2E,Tonnes of CO2-equivalent,2019,,5882.4340215997,,A,Normal value,3,Thousands,,,,,2,Two,,
DATAFLOW,OECD.ENV.EPI:DSD_AIR_GHG@DF_AIR_GHG(1.0),Air emissions - Greenhouse gas emissions Inventories,I,MDA,Moldova,A,Annual,GHG,Greenhouse gases,_T,Total emissions excluding LULUCF,T_CO2E,Tonnes of CO2-equivalent,2019,,13604.002575371,,A,Normal value,3,Thousands,,,,,2,Two,,
DATAFLOW,OECD.ENV.EPI:DSD_AIR_GHG@DF_AIR_GHG(1.0),Air emissions - Greenhouse gas emissions Inventories,I,MCO,Monaco,A,Annual,GHG,Greenhouse gases,_T,Total emissions excluding LULUCF,T_CO2E,Tonnes of CO2-equivalent,2019,,82.194869579367,,A,Normal value,3,Thousands,,,,,2,Two,,
DATAFLOW,OECD.ENV.EPI:DSD_AIR_GHG@DF_AIR_GHG(1.0),Air emissions - Greenhouse gas emissions Inventories,I,NAM,Namibia,A,Annual,GHG,Greenhouse gases,_T,Total emissions excluding LULUCF,T_CO2E,Tonnes of CO2-equivalent,2019,,10558.122950059,,A,Normal value,3,Thousands,,,,,2,Two,,
DATAFLOW,OECD.ENV.EPI:DSD_AIR_GHG@DF_AIR_GHG(1.0),Air emissions - Greenhouse gas emissions Inventories,I,NPL,Nepal,A,Annual,GHG,Greenhouse gases,_T,Total emissions excluding LULUCF,T_CO2E,Tonnes of CO2-equivalent,2019,,52673.804018292,,A,Normal value,3,Thousands,,,,,2,Two,,
DATAFLOW,OECD.ENV.EPI:DSD_AIR_GHG@DF_AIR_GHG(1.0),Air emissions - Greenhouse gas emissions Inventories,I,NGA,Nigeria,A,Annual,GHG,Greenhouse gases,_T,Total emissions excluding LULUCF,T_CO2E,Tonnes of CO2-equivalent,2019,,318292.06212487,,A,Normal value,3,Thousands,,,,,2,Two,,
DATAFLOW,OECD.ENV.EPI:DSD_AIR_GHG@DF_AIR_GHG(1.0),Air emissions - Greenhouse gas emissions Inventories,I,PAN,Panama,A,Annual,GHG,Greenhouse gases,_T,Total emissions excluding LULUCF,T_CO2E,Tonnes of CO2-equivalent,2019,,21860.034807938,,A,Normal value,3,Thousands,,,,,2,Two,,
DATAFLOW,OECD.ENV.EPI:DSD_AIR_GHG@DF_AIR_GHG(1.0),Air emissions - Greenhouse gas emissions Inventories,I,RWA,Rwanda,A,Annual,GHG,Greenhouse gases,_T,Total emissions excluding LULUCF,T_CO2E,Tonnes of CO2-equivalent,2019,,11401.818158543,,A,Normal value,3,Thousands,,,,,2,Two,,
DATAFLOW,OECD.ENV.EPI:DSD_AIR_GHG@DF_AIR_GHG(1.0),Air emissions - Greenhouse gas emissions Inventories,I,SAU,Saudi Arabia,A,Annual,GHG,Greenhouse gases,_T,Total emissions excluding LULUCF,T_CO2E,Tonnes of CO2-equivalent,2019,,670626.83954523,,A,Normal value,3,Thousands,,,,,2,Two,,
DATAFLOW,OECD.ENV.EPI:DSD_AIR_GHG@DF_AIR_GHG(1.0),Air emissions - Greenhouse gas emissions Inventories,I,SGP,Singapore,A,Annual,GHG,Greenhouse gases,_T,Total emissions excluding LULUCF,T_CO2E,Tonnes of CO2-equivalent,2019,,55566.46148778,,A,Normal value,3,Thousands,,,,,2,Two,,
DATAFLOW,OECD.ENV.EPI:DSD_AIR_GHG@DF_AIR_GHG(1.0),Air emissions - Greenhouse gas emissions Inventories,I,SLB,Solomon Islands,A,Annual,GHG,Greenhouse gases,_T,Total emissions excluding LULUCF,T_CO2E,Tonnes of CO2-equivalent,2019,,619.17485745391,,A,Normal value,3,Thousands,,,,,2,Two,,
DATAFLOW,OECD.ENV.EPI:DSD_AIR_GHG@DF_AIR_GHG(1.0),Air emissions - Greenhouse gas emissions Inventories,I,ZAF,South Africa,A,Annual,GHG,Greenhouse gases,_T,Total emissions excluding LULUCF,T_CO2E,Tonnes of CO2-equivalent,2019,,497480.18337297,,A,Normal value,3,Thousands,,,,,2,Two,,
DATAFLOW,OECD.ENV.EPI:DSD_AIR_GHG@DF_AIR_GHG(1.0),Air emissions - Greenhouse gas emissions Inventories,I,UZB,Uzbekistan,A,Annual,GHG,Greenhouse gases,_T,Total emissions excluding LULUCF,T_CO2E,Tonnes of CO2-equivalent,2019,,188315.90019552,,A,Normal value,3,Thousands,,,,,2,Two,,
DATAFLOW,OECD.ENV.EPI:DSD_AIR_GHG@DF_AIR_GHG(1.0),Air emissions - Greenhouse gas emissions Inventories,I,VEN,Venezuela,A,Annual,GHG,Greenhouse gases,_T,Total emissions excluding LULUCF,T_CO2E,Tonnes of CO2-equivalent,2019,,160914.65986698,,A,Normal value,3,Thousands,,,,,2,Two,,
DATAFLOW,OECD.ENV.EPI:DSD_AIR_GHG@DF_AIR_GHG(1.0),Air emissions - Greenhouse gas emissions Inventories,I,DZA,Algeria,A,Annual,GHG,Greenhouse gases,_T,Total emissions excluding LULUCF,T_CO2E,Tonnes of CO2-equivalent,2019,,228939.76159889,,A,Normal value,3,Thousands,,,,,2,Two,,
DATAFLOW,OECD.ENV.EPI:DSD_AIR_GHG@DF_AIR_GHG(1.0),Air emissions - Greenhouse gas emissions Inventories,I,LUX,Luxembourg,A,Annual,GHG,Greenhouse gases,_T,Total emissions excluding LULUCF,T_CO2E,Tonnes of CO2-equivalent,2019,,10884.285370264,,A,Normal value,3,Thousands,,,,,2,Two,,
DATAFLOW,OECD.ENV.EPI:DSD_AIR_GHG@DF_AIR_GHG(1.0),Air emissions - Greenhouse gas emissions Inventories,I,ZWE,Zimbabwe,A,Annual,GHG,Greenhouse gases,_T,Total emissions excluding LULUCF,T_CO2E,Tonnes of CO2-equivalent,2019,,29031.849116993,,A,Normal value,3,Thousands,,,,,2,Two,,
DATAFLOW,OECD.ENV.EPI:DSD_AIR_GHG@DF_AIR_GHG(1.0),Air emissions - Greenhouse gas emissions Inventories,I,PER,Peru,A,Annual,GHG,Greenhouse gases,_T,Total emissions excluding LULUCF,T_CO2E,Tonnes of CO2-equivalent,2019,,106080.89953861,,A,Normal value,3,Thousands,,,,,2,Two,,
DATAFLOW,OECD.ENV.EPI:DSD_AIR_GHG@DF_AIR_GHG(1.0),Air emissions - Greenhouse gas emissions Inventories,I,CYP,Cyprus,A,Annual,GHG,Greenhouse gases,_T,Total emissions excluding LULUCF,T_CO2E,Tonnes of CO2-equivalent,2019,,8868.8143233135,,A,Normal value,3,Thousands,,,,,2,Two,,
DATAFLOW,OECD.ENV.EPI:DSD_AIR_GHG@DF_AIR_GHG(1.0),Air emissions - Greenhouse gas emissions Inventories,I,SRB,Serbia,A,Annual,GHG,Greenhouse gases,_T,Total emissions excluding LULUCF,T_CO2E,Tonnes of CO2-equivalent,2019,,62654.413376483,,A,Normal value,3,Thousands,,,,,2,Two,,
DATAFLOW,OECD.ENV.EPI:DSD_AIR_GHG@DF_AIR_GHG(1.0),Air emissions - Greenhouse gas emissions Inventories,I,GEO,Georgia,A,Annual,GHG,Greenhouse gases,_T,Total emissions excluding LULUCF,T_CO2E,Tonnes of CO2-equivalent,2019,,18002.459576981,,A,Normal value,3,Thousands,,,,,2,Two,,
DATAFLOW,OECD.ENV.EPI:DSD_AIR_GHG@DF_AIR_GHG(1.0),Air emissions - Greenhouse gas emissions Inventories,I,ARG,Argentina,A,Annual,GHG,Greenhouse gases,_T,Total emissions excluding LULUCF,T_CO2E,Tonnes of CO2-equivalent,2019,,336097.40492245,,A,Normal value,3,Thousands,,,,,2,Two,,
DATAFLOW,OECD.ENV.EPI:DSD_AIR_GHG@DF_AIR_GHG(1.0),Air emissions - Greenhouse gas emissions Inventories,I,CRI,Costa Rica,A,Annual,GHG,Greenhouse gases,_T,Total emissions excluding LULUCF,T_CO2E,Tonnes of CO2-equivalent,2019,,15937.25,,A,Normal value,3,Thousands,,,,,2,Two,,
DATAFLOW,OECD.ENV.EPI:DSD_AIR_GHG@DF_AIR_GHG(1.0),Air emissions - Greenhouse gas emissions Inventories,I,KAZ,Kazakhstan,A,Annual,GHG,Greenhouse gases,_T,Total emissions excluding LULUCF,T_CO2E,Tonnes of CO2-equivalent,2019,,377765.65038479,,A,Normal value,3,Thousands,,,,,2,Two,,
DATAFLOW,OECD.ENV.EPI:DSD_AIR_GHG@DF_AIR_GHG(1.0),Air emissions - Greenhouse gas emissions Inventories,I,HRV,Croatia,A,Annual,GHG,Greenhouse gases,_T,Total emissions excluding LULUCF,T_CO2E,Tonnes of CO2-equivalent,2019,,24702.122899417,,A,Normal value,3,Thousands,,,,,2,Two,,
DATAFLOW,OECD.ENV.EPI:DSD_AIR_GHG@DF_AIR_GHG(1.0),Air emissions - Greenhouse gas emissions Inventories,I,UKR,Ukraine,A,Annual,GHG,Greenhouse gases,_T,Total emissions excluding LULUCF,T_CO2E,Tonnes of CO2-equivalent,2019,,340325.0473297,,A,Normal value,3,Thousands,,,,,2,Two,,
DATAFLOW,OECD.ENV.EPI:DSD_AIR_GHG@DF_AIR_GHG(1.0),Air emissions - Greenhouse gas emissions Inventories,I,IDN,Indonesia,A,Annual,GHG,Greenhouse gases,_T,Total emissions excluding LULUCF,T_CO2E,Tonnes of CO2-equivalent,2019,,969031.85596257,,A,Normal value,3,Thousands,,,,,2,Two,,
DATAFLOW,OECD.ENV.EPI:DSD_AIR_GHG@DF_AIR_GHG(1.0),Air emissions - Greenhouse gas emissions Inventories,I,GHA,Ghana,A,Annual,GHG,Greenhouse gases,_T,Total emissions excluding LULUCF,T_CO2E,Tonnes of CO2-equivalent,2019,,42727.793520885,,A,Normal value,3,Thousands,,,,,2,Two,,
DATAFLOW,OECD.ENV.EPI:DSD_AIR_GHG@DF_AIR_GHG(1.0),Air emissions - Greenhouse gas emissions Inventories,I,TUR,Türkiye,A,Annual,GHG,Greenhouse gases,_T,Total emissions excluding LULUCF,T_CO2E,Tonnes of CO2-equivalent,2019,,518741.18653408,,A,Normal value,3,Thousands,,,,,2,Two,,
DATAFLOW,OECD.ENV.EPI:DSD_AIR_GHG@DF_AIR_GHG(1.0),Air emissions - Greenhouse gas emissions Inventories,I,LVA,Latvia,A,Annual,GHG,Greenhouse gases,_T,Total emissions excluding LULUCF,T_CO2E,Tonnes of CO2-equivalent,2019,,10976.961524644,,A,Normal value,3,Thousands,,,,,2,Two,,
DATAFLOW,OECD.ENV.EPI:DSD_AIR_GHG@DF_AIR_GHG(1.0),Air emissions - Greenhouse gas emissions Inventories,I,IRL,Ireland,A,Annual,GHG,Greenhouse gases,_T,Total emissions excluding LULUCF,T_CO2E,Tonnes of CO2-equivalent,2019,,59698.000863384,,A,Normal value,3,Thousands,,,,,2,Two,,
DATAFLOW,OECD.ENV.EPI:DSD_AIR_GHG@DF_AIR_GHG(1.0),Air emissions - Greenhouse gas emissions Inventories,I,GRC,Greece,A,Annual,GHG,Greenhouse gases,_T,Total emissions excluding LULUCF,T_CO2E,Tonnes of CO2-equivalent,2019,,86312.066939741,,A,Normal value,3,Thousands,,,,,2,Two,,
DATAFLOW,OECD.ENV.EPI:DSD_AIR_GHG@DF_AIR_GHG(1.0),Air emissions - Greenhouse gas emissions Inventories,I,FIN,Finland,A,Annual,GHG,Greenhouse gases,_T,Total emissions excluding LULUCF,T_CO2E,Tonnes of CO2-equivalent,2019,,52705.250429916,,A,Normal value,3,Thousands,,,,,2,Two,,
DATAFLOW,OECD.ENV.EPI:DSD_AIR_GHG@DF_AIR_GHG(1.0),Air emissions - Greenhouse gas emissions Inventories,I,USA,United States,A,Annual,GHG,Greenhouse gases,_T,Total emissions excluding LULUCF,T_CO2E,Tonnes of CO2-equivalent,2019,,6590128.92,,A,Normal value,3,Thousands,,,,,2,Two,,
DATAFLOW,OECD.ENV.EPI:DSD_AIR_GHG@DF_AIR_GHG(1.0),Air emissions - Greenhouse gas emissions Inventories,I,SVN,Slovenia,A,Annual,GHG,Greenhouse gases,_T,Total emissions excluding LULUCF,T_CO2E,Tonnes of CO2-equivalent,2019,,17235.208571539,,A,Normal value,3,Thousands,,,,,2,Two,,
DATAFLOW,OECD.ENV.EPI:DSD_AIR_GHG@DF_AIR_GHG(1.0),Air emissions - Greenhouse gas emissions Inventories,I,JPN,Japan,A,Annual,GHG,Greenhouse gases,_T,Total emissions excluding LULUCF,T_CO2E,Tonnes of CO2-equivalent,2019,,1183652.5949791,,A,Normal value,3,Thousands,,,,,2,Two,,
DATAFLOW,OECD.ENV.EPI:DSD_AIR_GHG@DF_AIR_GHG(1.0),Air emissions - Greenhouse gas emissions Inventories,I,MEX,Mexico,A,Annual,GHG,Greenhouse gases,_T,Total emissions excluding LULUCF,T_CO2E,Tonnes of CO2-equivalent,2019,,762283.57,,A,Normal value,3,Thousands,,,,,2,Two,,
DATAFLOW,OECD.ENV.EPI:DSD_AIR_GHG@DF_AIR_GHG(1.0),Air emissions - Greenhouse gas emissions Inventories,I,CHE,Switzerland,A,Annual,GHG,Greenhouse gases,_T,Total emissions excluding LULUCF,T_CO2E,Tonnes of CO2-equivalent,2019,,46541.276817062,,A,Normal value,3,Thousands,,,,,2,Two,,
DATAFLOW,OECD.ENV.EPI:DSD_AIR_GHG@DF_AIR_GHG(1.0),Air emissions - Greenhouse gas emissions Inventories,I,CZE,Czechia,A,Annual,GHG,Greenhouse gases,_T,Total emissions excluding LULUCF,T_CO2E,Tonnes of CO2-equivalent,2019,,120489.41642911,,A,Normal value,3,Thousands,,,,,2,Two,,
DATAFLOW,OECD.ENV.EPI:DSD_AIR_GHG@DF_AIR_GHG(1.0),Air emissions - Greenhouse gas emissions Inventories,I,CHL,Chile,A,Annual,GHG,Greenhouse gases,_T,Total emissions excluding LULUCF,T_CO2E,Tonnes of CO2-equivalent,2019,,109089.41,,A,Normal value,3,Thousands,,,,,2,Two,,
DATAFLOW,OECD.ENV.EPI:DSD_AIR_GHG@DF_AIR_GHG(1.0),Air emissions - Greenhouse gas emissions Inventories,I,BRA,Brazil,A,Annual,GHG,Greenhouse gases,_T,Total emissions excluding LULUCF,T_CO2E,Tonnes of CO2-equivalent,2019,,1160752.6870006,,A,Normal value,3,Thousands,,,,,2,Two,,
DATAFLOW,OECD.ENV.EPI:DSD_AIR_GHG@DF_AIR_GHG(1.0),Air emissions - Greenhouse gas emissions Inventories,I,SWE,Sweden,A,Annual,GHG,Greenhouse gases,_T,Total emissions excluding LULUCF,T_CO2E,Tonnes of CO2-equivalent,2019,,50191.094626276,,A,Normal value,3,Thousands,,,,,2,Two,,
DATAFLOW,OECD.ENV.EPI:DSD_AIR_GHG@DF_AIR_GHG(1.0),Air emissions - Greenhouse gas emissions Inventories,I,NZL,New Zealand,A,Annual,GHG,Greenhouse gases,_T,Total emissions excluding LULUCF,T_CO2E,Tonnes of CO2-equivalent,2019,,83658.313060754,,A,Normal value,3,Thousands,,,,,2,Two,,
DATAFLOW,OECD.ENV.EPI:DSD_AIR_GHG@DF_AIR_GHG(1.0),Air emissions - Greenhouse gas emissions Inventories,I,ITA,Italy,A,Annual,GHG,Greenhouse gases,_T,Total emissions excluding LULUCF,T_CO2E,Tonnes of CO2-equivalent,2019,,410882.24678986,,A,Normal value,3,Thousands,,,,,2,Two,,
DATAFLOW,OECD.ENV.EPI:DSD_AIR_GHG@DF_AIR_GHG(1.0),Air emissions - Greenhouse gas emissions Inventories,I,DEU,Germany,A,Annual,GHG,Greenhouse gases,_T,Total emissions excluding LULUCF,T_CO2E,Tonnes of CO2-equivalent,2019,,798000.52872908,,A,Normal value,3,Thousands,,,,,2,Two,,
DATAFLOW,OECD.ENV.EPI:DSD_AIR_GHG@DF_AIR_GHG(1.0),Air emissions - Greenhouse gas emissions Inventories,I,DNK,Denmark,A,Annual,GHG,Greenhouse gases,_T,Total emissions excluding LULUCF,T_CO2E,Tonnes of CO2-equivalent,2019,,47358.793759963,,A,Normal value,3,Thousands,,,,,2,Two,,
DATAFLOW,OECD.ENV.EPI:DSD_AIR_GHG@DF_AIR_GHG(1.0),Air emissions - Greenhouse gas emissions Inventories,I,AUT,Austria,A,Annual,GHG,Greenhouse gases,_T,Total emissions excluding LULUCF,T_CO2E,Tonnes of CO2-equivalent,2019,,80818.576493871,,A,Normal value,3,Thousands,,,,,2,Two,,
DATAFLOW,OECD.ENV.EPI:DSD_AIR_GHG@DF_AIR_GHG(1.0),Air emissions - Greenhouse gas emissions Inventories,I,MYS,Malaysia,A,Annual,GHG,Greenhouse gases,_T,Total emissions excluding LULUCF,T_CO2E,Tonnes of CO2-equivalent,2019,,332466.61788507,,A,Normal value,3,Thousands,,,,,2,Two,,
DATAFLOW,OECD.ENV.EPI:DSD_AIR_GHG@DF_AIR_GHG(1.0),Air emissions - Greenhouse gas emissions Inventories,I,HUN,Hungary,A,Annual,GHG,Greenhouse gases,_T,Total emissions excluding LULUCF,T_CO2E,Tonnes of CO2-equivalent,2019,,65049.824628408,,A,Normal value,3,Thousands,,,,,2,Two,,
DATAFLOW,OECD.ENV.EPI:DSD_AIR_GHG@DF_AIR_GHG(1.0),Air emissions - Greenhouse gas emissions Inventories,I,BEL,Belgium,A,Annual,GHG,Greenhouse gases,_T,Total emissions excluding LULUCF,T_CO2E,Tonnes of CO2-equivalent,2019,,116067.23037188,,A,Normal value,3,Thousands,,,,,2,Two,,
DATAFLOW,OECD.ENV.EPI:DSD_AIR_GHG@DF_AIR_GHG(1.0),Air emissions - Greenhouse gas emissions Inventories,I,SVK,Slovak Republic,A,Annual,GHG,Greenhouse gases,_T,Total emissions excluding LULUCF,T_CO2E,Tonnes of CO2-equivalent,2019,,40393.302613577,,A,Normal value,3,Thousands,,,,,2,Two,,
DATAFLOW,OECD.ENV.EPI:DSD_AIR_GHG@DF_AIR_GHG(1.0),Air emissions - Greenhouse gas emissions Inventories,I,LTU,Lithuania,A,Annual,GHG,Greenhouse gases,_T,Total emissions excluding LULUCF,T_CO2E,Tonnes of CO2-equivalent,2019,,19639.576152757,,A,Normal value,3,Thousands,,,,,2,Two,,
DATAFLOW,OECD.ENV.EPI:DSD_AIR_GHG@DF_AIR_GHG(1.0),Air emissions - Greenhouse gas emissions Inventories,I,KOR,Korea,A,Annual,GHG,Greenhouse gases,_T,Total emissions excluding LULUCF,T_CO2E,Tonnes of CO2-equivalent,2019,,757150.53,,A,Normal value,3,Thousands,,,,,2,Two,,
DATAFLOW,OECD.ENV.EPI:DSD_AIR_GHG@DF_AIR_GHG(1.0),Air emissions - Greenhouse gas emissions Inventories,I,COL,Colombia,A,Annual,GHG,Greenhouse gases,_T,Total emissions excluding LULUCF,T_CO2E,Tonnes of CO2-equivalent,2019,,183815.79,,A,Normal value,3,Thousands,,,,,2,Two,,
DATAFLOW,OECD.ENV.EPI:DSD_AIR_GHG@DF_AIR_GHG(1.0),Air emissions - Greenhouse gas emissions Inventories,I,GBR,United Kingdom,A,Annual,GHG,Greenhouse gases,_T,Total emissions excluding LULUCF,T_CO2E,Tonnes of CO2-equivalent,2019,,450046.94922933,,A,Normal value,3,Thousands,,,,,2,Two,,
DATAFLOW,OECD.ENV.EPI:DSD_AIR_GHG@DF_AIR_GHG(1.0),Air emissions - Greenhouse gas emissions Inventories,I,PRT,Portugal,A,Annual,GHG,Greenhouse gases,_T,Total emissions excluding LULUCF,T_CO2E,Tonnes of CO2-equivalent,2019,,63291.624103476,,A,Normal value,3,Thousands,,,,,2,Two,,
DATAFLOW,OECD.ENV.EPI:DSD_AIR_GHG@DF_AIR_GHG(1.0),Air emissions - Greenhouse gas emissions Inventories,I,POL,Poland,A,Annual,GHG,Greenhouse gases,_T,Total emissions excluding LULUCF,T_CO2E,Tonnes of CO2-equivalent,2019,,384060.57565532,,A,Normal value,3,Thousands,,,,,2,Two,,
DATAFLOW,OECD.ENV.EPI:DSD_AIR_GHG@DF_AIR_GHG(1.0),Air emissions - Greenhouse gas emissions Inventories,I,CAN,Canada,A,Annual,GHG,Greenhouse gases,_T,Total emissions excluding LULUCF,T_CO2E,Tonnes of CO2-equivalent,2019,,748008.11891802,,A,Normal value,3,Thousands,,,,,2,Two,,
DATAFLOW,OECD.ENV.EPI:DSD_AIR_GHG@DF_AIR_GHG(1.0),Air emissions - Greenhouse gas emissions Inventories,I,AUS,Australia,A,Annual,GHG,Greenhouse gases,_T,Total emissions excluding LULUCF,T_CO2E,Tonnes of CO2-equivalent,2019,,554032.55670439,,A,Normal value,3,Thousands,,,,,2,Two,,
DATAFLOW,OECD.ENV.EPI:DSD_AIR_GHG@DF_AIR_GHG(1.0),Air emissions - Greenhouse gas emissions Inventories,I,ROU,Romania,A,Annual,GHG,Greenhouse gases,_T,Total emissions excluding LULUCF,T_CO2E,Tonnes of CO2-equivalent,2019,,105713.49869267,,A,Normal value,3,Thousands,,,,,2,Two,,
DATAFLOW,OECD.ENV.EPI:DSD_AIR_GHG@DF_AIR_GHG(1.0),Air emissions - Greenhouse gas emissions Inventories,I,FRA,France,A,Annual,GHG,Greenhouse gases,_T,Total emissions excluding LULUCF,T_CO2E,Tonnes of CO2-equivalent,2019,,444939.47490587,,A,Normal value,3,Thousands,,,,,2,Two,,
DATAFLOW,OECD.ENV.EPI:DSD_AIR_GHG@DF_AIR_GHG(1.0),Air emissions - Greenhouse gas emissions Inventories,I,BGR,Bulgaria,A,Annual,GHG,Greenhouse gases,_T,Total emissions excluding LULUCF,T_CO2E,Tonnes of CO2-equivalent,2019,,54098.433590942,,A,Normal value,3,Thousands,,,,,2,Two,,
DATAFLOW,OECD.ENV.EPI:DSD_AIR_GHG@DF_AIR_GHG(1.0),Air emissions - Greenhouse gas emissions Inventories,I,ESP,Spain,A,Annual,GHG,Greenhouse gases,_T,Total emissions excluding LULUCF,T_CO2E,Tonnes of CO2-equivalent,2019,,310260.86616067,,A,Normal value,3,Thousands,,,,,2,Two,,
DATAFLOW,OECD.ENV.EPI:DSD_AIR_GHG@DF_AIR_GHG(1.0),Air emissions - Greenhouse gas emissions Inventories,I,NOR,Norway,A,Annual,GHG,Greenhouse gases,_T,Total emissions excluding LULUCF,T_CO2E,Tonnes of CO2-equivalent,2019,,50861.474362218,,A,Normal value,3,Thousands,,,,,2,Two,,
DATAFLOW,OECD.ENV.EPI:DSD_AIR_GHG@DF_AIR_GHG(1.0),Air emissions - Greenhouse gas emissions Inventories,I,NLD,Netherlands,A,Annual,GHG,Greenhouse gases,_T,Total emissions excluding LULUCF,T_CO2E,Tonnes of CO2-equivalent,2019,,181205.22984915,,A,Normal value,3,Thousands,,,,,2,Two,,
DATAFLOW,OECD.ENV.EPI:DSD_AIR_GHG@DF_AIR_GHG(1.0),Air emissions - Greenhouse gas emissions Inventories,I,EU27_2020,European Union (27 countries from 01/02/2020),A,Annual,GHG,Greenhouse gases,_T,Total emissions excluding LULUCF,T_CO2E,Tonnes of CO2-equivalent,2019,,3570592.5613738,,A,Normal value,3,Thousands,,,,,2,Two,,
DATAFLOW,OECD.ENV.EPI:DSD_AIR_GHG@DF_AIR_GHG(1.0),Air emissions - Greenhouse gas emissions Inventories,I,AUS,Australia,A,Annual,GHG,Greenhouse gases,_T,Total emissions excluding LULUCF,T_CO2E,Tonnes of CO2-equivalent,2020,,536946.22036689,,A,Normal value,3,Thousands,,,,,2,Two,,
DATAFLOW,OECD.ENV.EPI:DSD_AIR_GHG@DF_AIR_GHG(1.0),Air emissions - Greenhouse gas emissions Inventories,I,AUT,Austria,A,Annual,GHG,Greenhouse gases,_T,Total emissions excluding LULUCF,T_CO2E,Tonnes of CO2-equivalent,2020,,74795.312139469,,A,Normal value,3,Thousands,,,,,2,Two,,
DATAFLOW,OECD.ENV.EPI:DSD_AIR_GHG@DF_AIR_GHG(1.0),Air emissions - Greenhouse gas emissions Inventories,I,BEL,Belgium,A,Annual,GHG,Greenhouse gases,_T,Total emissions excluding LULUCF,T_CO2E,Tonnes of CO2-equivalent,2020,,106735.75909805,,A,Normal value,3,Thousands,,,,,2,Two,,
DATAFLOW,OECD.ENV.EPI:DSD_AIR_GHG@DF_AIR_GHG(1.0),Air emissions - Greenhouse gas emissions Inventories,I,CAN,Canada,A,Annual,GHG,Greenhouse gases,_T,Total emissions excluding LULUCF,T_CO2E,Tonnes of CO2-equivalent,2020,,680926.05122751,,A,Normal value,3,Thousands,,,,,2,Two,,
DATAFLOW,OECD.ENV.EPI:DSD_AIR_GHG@DF_AIR_GHG(1.0),Air emissions - Greenhouse gas emissions Inventories,I,CHL,Chile,A,Annual,GHG,Greenhouse gases,_T,Total emissions excluding LULUCF,T_CO2E,Tonnes of CO2-equivalent,2020,,103715.53,,A,Normal value,3,Thousands,,,,,2,Two,,
DATAFLOW,OECD.ENV.EPI:DSD_AIR_GHG@DF_AIR_GHG(1.0),Air emissions - Greenhouse gas emissions Inventories,I,COL,Colombia,A,Annual,GHG,Greenhouse gases,_T,Total emissions excluding LULUCF,T_CO2E,Tonnes of CO2-equivalent,2020,,176164.64,,A,Normal value,3,Thousands,,,,,2,Two,,
DATAFLOW,OECD.ENV.EPI:DSD_AIR_GHG@DF_AIR_GHG(1.0),Air emissions - Greenhouse gas emissions Inventories,I,CRI,Costa Rica,A,Annual,GHG,Greenhouse gases,_T,Total emissions excluding LULUCF,T_CO2E,Tonnes of CO2-equivalent,2020,,14626.86,,A,Normal value,3,Thousands,,,,,2,Two,,
DATAFLOW,OECD.ENV.EPI:DSD_AIR_GHG@DF_AIR_GHG(1.0),Air emissions - Greenhouse gas emissions Inventories,I,CZE,Czechia,A,Annual,GHG,Greenhouse gases,_T,Total emissions excluding LULUCF,T_CO2E,Tonnes of CO2-equivalent,2020,,111121.9499602,,A,Normal value,3,Thousands,,,,,2,Two,,
DATAFLOW,OECD.ENV.EPI:DSD_AIR_GHG@DF_AIR_GHG(1.0),Air emissions - Greenhouse gas emissions Inventories,I,DNK,Denmark,A,Annual,GHG,Greenhouse gases,_T,Total emissions excluding LULUCF,T_CO2E,Tonnes of CO2-equivalent,2020,,44827.177137049,,A,Normal value,3,Thousands,,,,,2,Two,,
DATAFLOW,OECD.ENV.EPI:DSD_AIR_GHG@DF_AIR_GHG(1.0),Air emissions - Greenhouse gas emissions Inventories,I,EST,Estonia,A,Annual,GHG,Greenhouse gases,_T,Total emissions excluding LULUCF,T_CO2E,Tonnes of CO2-equivalent,2020,,11320.168753872,,A,Normal value,3,Thousands,,,,,2,Two,,
DATAFLOW,OECD.ENV.EPI:DSD_AIR_GHG@DF_AIR_GHG(1.0),Air emissions - Greenhouse gas emissions Inventories,I,FIN,Finland,A,Annual,GHG,Greenhouse gases,_T,Total emissions excluding LULUCF,T_CO2E,Tonnes of CO2-equivalent,2020,,47762.573939519,,A,Normal value,3,Thousands,,,,,2,Two,,
DATAFLOW,OECD.ENV.EPI:DSD_AIR_GHG@DF_AIR_GHG(1.0),Air emissions - Greenhouse gas emissions Inventories,I,FRA,France,A,Annual,GHG,Greenhouse gases,_T,Total emissions excluding LULUCF,T_CO2E,Tonnes of CO2-equivalent,2020,,404528.27114093,,A,Normal value,3,Thousands,,,,,2,Two,,
DATAFLOW,OECD.ENV.EPI:DSD_AIR_GHG@DF_AIR_GHG(1.0),Air emissions - Greenhouse gas emissions Inventories,I,DEU,Germany,A,Annual,GHG,Greenhouse gases,_T,Total emissions excluding LULUCF,T_CO2E,Tonnes of CO2-equivalent,2020,,730972.37166579,,A,Normal value,3,Thousands,,,,,2,Two,,
DATAFLOW,OECD.ENV.EPI:DSD_AIR_GHG@DF_AIR_GHG(1.0),Air emissions - Greenhouse gas emissions Inventories,I,GRC,Greece,A,Annual,GHG,Greenhouse gases,_T,Total emissions excluding LULUCF,T_CO2E,Tonnes of CO2-equivalent,2020,,75821.345448909,,A,Normal value,3,Thousands,,,,,2,Two,,
DATAFLOW,OECD.ENV.EPI:DSD_AIR_GHG@DF_AIR_GHG(1.0),Air emissions - Greenhouse gas emissions Inventories,I,HUN,Hungary,A,Annual,GHG,Greenhouse gases,_T,Total emissions excluding LULUCF,T_CO2E,Tonnes of CO2-equivalent,2020,,63033.366291793,,A,Normal value,3,Thousands,,,,,2,Two,,
DATAFLOW,OECD.ENV.EPI:DSD_AIR_GHG@DF_AIR_GHG(1.0),Air emissions - Greenhouse gas emissions Inventories,I,ISL,Iceland,A,Annual,GHG,Greenhouse gases,_T,Total emissions excluding LULUCF,T_CO2E,Tonnes of CO2-equivalent,2020,,4579.2158168811,,A,Normal value,3,Thousands,,,,,2,Two,,
DATAFLOW,OECD.ENV.EPI:DSD_AIR_GHG@DF_AIR_GHG(1.0),Air emissions - Greenhouse gas emissions Inventories,I,IRL,Ireland,A,Annual,GHG,Greenhouse gases,_T,Total emissions excluding LULUCF,T_CO2E,Tonnes of CO2-equivalent,2020,,57549.751705189,,A,Normal value,3,Thousands,,,,,2,Two,,
DATAFLOW,OECD.ENV.EPI:DSD_AIR_GHG@DF_AIR_GHG(1.0),Air emissions - Greenhouse gas emissions Inventories,I,ISR,Israel,A,Annual,GHG,Greenhouse gases,_T,Total emissions excluding LULUCF,T_CO2E,Tonnes of CO2-equivalent,2020,,80051.11,,A,Normal value,3,Thousands,,,,,2,Two,,
DATAFLOW,OECD.ENV.EPI:DSD_AIR_GHG@DF_AIR_GHG(1.0),Air emissions - Greenhouse gas emissions Inventories,I,ITA,Italy,A,Annual,GHG,Greenhouse gases,_T,Total emissions excluding LULUCF,T_CO2E,Tonnes of CO2-equivalent,2020,,373257.80139416,,A,Normal value,3,Thousands,,,,,2,Two,,
DATAFLOW,OECD.ENV.EPI:DSD_AIR_GHG@DF_AIR_GHG(1.0),Air emissions - Greenhouse gas emissions Inventories,I,JPN,Japan,A,Annual,GHG,Greenhouse gases,_T,Total emissions excluding LULUCF,T_CO2E,Tonnes of CO2-equivalent,2020,,1119484.2545932,,A,Normal value,3,Thousands,,,,,2,Two,,
DATAFLOW,OECD.ENV.EPI:DSD_AIR_GHG@DF_AIR_GHG(1.0),Air emissions - Greenhouse gas emissions Inventories,I,KOR,Korea,A,Annual,GHG,Greenhouse gases,_T,Total emissions excluding LULUCF,T_CO2E,Tonnes of CO2-equivalent,2020,,709472.66,,A,Normal value,3,Thousands,,,,,2,Two,,
DATAFLOW,OECD.ENV.EPI:DSD_AIR_GHG@DF_AIR_GHG(1.0),Air emissions - Greenhouse gas emissions Inventories,I,LVA,Latvia,A,Annual,GHG,Greenhouse gases,_T,Total emissions excluding LULUCF,T_CO2E,Tonnes of CO2-equivalent,2020,,10361.907599373,,A,Normal value,3,Thousands,,,,,2,Two,,
DATAFLOW,OECD.ENV.EPI:DSD_AIR_GHG@DF_AIR_GHG(1.0),Air emissions - Greenhouse gas emissions Inventories,I,LTU,Lithuania,A,Annual,GHG,Greenhouse gases,_T,Total emissions excluding LULUCF,T_CO2E,Tonnes of CO2-equivalent,2020,,19479.87974917,,A,Normal value,3,Thousands,,,,,2,Two,,
DATAFLOW,OECD.ENV.EPI:DSD_AIR_GHG@DF_AIR_GHG(1.0),Air emissions - Greenhouse gas emissions Inventories,I,LUX,Luxembourg,A,Annual,GHG,Greenhouse gases,_T,Total emissions excluding LULUCF,T_CO2E,Tonnes of CO2-equivalent,2020,,9164.0178211228,,A,Normal value,3,Thousands,,,,,2,Two,,
DATAFLOW,OECD.ENV.EPI:DSD_AIR_GHG@DF_AIR_GHG(1.0),Air emissions - Greenhouse gas emissions Inventories,I,MEX,Mexico,A,Annual,GHG,Greenhouse gases,_T,Total emissions excluding LULUCF,T_CO2E,Tonnes of CO2-equivalent,2020,,719123.04,,A,Normal value,3,Thousands,,,,,2,Two,,
DATAFLOW,OECD.ENV.EPI:DSD_AIR_GHG@DF_AIR_GHG(1.0),Air emissions - Greenhouse gas emissions Inventories,I,NLD,Netherlands,A,Annual,GHG,Greenhouse gases,_T,Total emissions excluding LULUCF,T_CO2E,Tonnes of CO2-equivalent,2020,,164637.38906817,,A,Normal value,3,Thousands,,,,,2,Two,,
DATAFLOW,OECD.ENV.EPI:DSD_AIR_GHG@DF_AIR_GHG(1.0),Air emissions - Greenhouse gas emissions Inventories,I,NZL,New Zealand,A,Annual,GHG,Greenhouse gases,_T,Total emissions excluding LULUCF,T_CO2E,Tonnes of CO2-equivalent,2020,,80960.937878895,,A,Normal value,3,Thousands,,,,,2,Two,,
DATAFLOW,OECD.ENV.EPI:DSD_AIR_GHG@DF_AIR_GHG(1.0),Air emissions - Greenhouse gas emissions Inventories,I,NOR,Norway,A,Annual,GHG,Greenhouse gases,_T,Total emissions excluding LULUCF,T_CO2E,Tonnes of CO2-equivalent,2020,,49132.939604543,,A,Normal value,3,Thousands,,,,,2,Two,,
DATAFLOW,OECD.ENV.EPI:DSD_AIR_GHG@DF_AIR_GHG(1.0),Air emissions - Greenhouse gas emissions Inventories,I,POL,Poland,A,Annual,GHG,Greenhouse gases,_T,Total emissions excluding LULUCF,T_CO2E,Tonnes of CO2-equivalent,2020,,368842.33290827,,A,Normal value,3,Thousands,,,,,2,Two,,
DATAFLOW,OECD.ENV.EPI:DSD_AIR_GHG@DF_AIR_GHG(1.0),Air emissions - Greenhouse gas emissions Inventories,I,PRT,Portugal,A,Annual,GHG,Greenhouse gases,_T,Total emissions excluding LULUCF,T_CO2E,Tonnes of CO2-equivalent,2020,,57191.361715999,,A,Normal value,3,Thousands,,,,,2,Two,,
DATAFLOW,OECD.ENV.EPI:DSD_AIR_GHG@DF_AIR_GHG(1.0),Air emissions - Greenhouse gas emissions Inventories,I,SVK,Slovak Republic,A,Annual,GHG,Greenhouse gases,_T,Total emissions excluding LULUCF,T_CO2E,Tonnes of CO2-equivalent,2020,,37631.564595706,,A,Normal value,3,Thousands,,,,,2,Two,,
DATAFLOW,OECD.ENV.EPI:DSD_AIR_GHG@DF_AIR_GHG(1.0),Air emissions - Greenhouse gas emissions Inventories,I,SVN,Slovenia,A,Annual,GHG,Greenhouse gases,_T,Total emissions excluding LULUCF,T_CO2E,Tonnes of CO2-equivalent,2020,,15994.532286364,,A,Normal value,3,Thousands,,,,,2,Two,,
DATAFLOW,OECD.ENV.EPI:DSD_AIR_GHG@DF_AIR_GHG(1.0),Air emissions - Greenhouse gas emissions Inventories,I,ESP,Spain,A,Annual,GHG,Greenhouse gases,_T,Total emissions excluding LULUCF,T_CO2E,Tonnes of CO2-equivalent,2020,,271714.87258084,,A,Normal value,3,Thousands,,,,,2,Two,,
DATAFLOW,OECD.ENV.EPI:DSD_AIR_GHG@DF_AIR_GHG(1.0),Air emissions - Greenhouse gas emissions Inventories,I,SWE,Sweden,A,Annual,GHG,Greenhouse gases,_T,Total emissions excluding LULUCF,T_CO2E,Tonnes of CO2-equivalent,2020,,45968.610260295,,A,Normal value,3,Thousands,,,,,2,Two,,
DATAFLOW,OECD.ENV.EPI:DSD_AIR_GHG@DF_AIR_GHG(1.0),Air emissions - Greenhouse gas emissions Inventories,I,CHE,Switzerland,A,Annual,GHG,Greenhouse gases,_T,Total emissions excluding LULUCF,T_CO2E,Tonnes of CO2-equivalent,2020,,43888.663483497,,A,Normal value,3,Thousands,,,,,2,Two,,
DATAFLOW,OECD.ENV.EPI:DSD_AIR_GHG@DF_AIR_GHG(1.0),Air emissions - Greenhouse gas emissions Inventories,I,TUR,Türkiye,A,Annual,GHG,Greenhouse gases,_T,Total emissions excluding LULUCF,T_CO2E,Tonnes of CO2-equivalent,2020,,533962.98676759,,A,Normal value,3,Thousands,,,,,2,Two,,
DATAFLOW,OECD.ENV.EPI:DSD_AIR_GHG@DF_AIR_GHG(1.0),Air emissions - Greenhouse gas emissions Inventories,I,GBR,United Kingdom,A,Annual,GHG,Greenhouse gases,_T,Total emissions excluding LULUCF,T_CO2E,Tonnes of CO2-equivalent,2020,,409860.7535985,,A,Normal value,3,Thousands,,,,,2,Two,,
DATAFLOW,OECD.ENV.EPI:DSD_AIR_GHG@DF_AIR_GHG(1.0),Air emissions - Greenhouse gas emissions Inventories,I,USA,United States,A,Annual,GHG,Greenhouse gases,_T,Total emissions excluding LULUCF,T_CO2E,Tonnes of CO2-equivalent,2020,,6001807.28,,A,Normal value,3,Thousands,,,,,2,Two,,
DATAFLOW,OECD.ENV.EPI:DSD_AIR_GHG@DF_AIR_GHG(1.0),Air emissions - Greenhouse gas emissions Inventories,I,EU27_2020,European Union (27 countries from 01/02/2020),A,Annual,GHG,Greenhouse gases,_T,Total emissions excluding LULUCF,T_CO2E,Tonnes of CO2-equivalent,2020,,3276885.9727807,,A,Normal value,3,Thousands,,,,,2,Two,,
DATAFLOW,OECD.ENV.EPI:DSD_AIR_GHG@DF_AIR_GHG(1.0),Air emissions - Greenhouse gas emissions Inventories,I,DZA,Algeria,A,Annual,GHG,Greenhouse gases,_T,Total emissions excluding LULUCF,T_CO2E,Tonnes of CO2-equivalent,2020,,222357.07577143,,A,Normal value,3,Thousands,,,,,2,Two,,
DATAFLOW,OECD.ENV.EPI:DSD_AIR_GHG@DF_AIR_GHG(1.0),Air emissions - Greenhouse gas emissions Inventories,I,ARG,Argentina,A,Annual,GHG,Greenhouse gases,_T,Total emissions excluding LULUCF,T_CO2E,Tonnes of CO2-equivalent,2020,,319138.04430932,,A,Normal value,3,Thousands,,,,,2,Two,,
DATAFLOW,OECD.ENV.EPI:DSD_AIR_GHG@DF_AIR_GHG(1.0),Air emissions - Greenhouse gas emissions Inventories,I,AZE,Azerbaijan,A,Annual,GHG,Greenhouse gases,_T,Total emissions excluding LULUCF,T_CO2E,Tonnes of CO2-equivalent,2020,,67005.622344102,,A,Normal value,3,Thousands,,,,,2,Two,,
DATAFLOW,OECD.ENV.EPI:DSD_AIR_GHG@DF_AIR_GHG(1.0),Air emissions - Greenhouse gas emissions Inventories,I,BTN,Bhutan,A,Annual,GHG,Greenhouse gases,_T,Total emissions excluding LULUCF,T_CO2E,Tonnes of CO2-equivalent,2020,,1471.2687309821,,A,Normal value,3,Thousands,,,,,2,Two,,
DATAFLOW,OECD.ENV.EPI:DSD_AIR_GHG@DF_AIR_GHG(1.0),Air emissions - Greenhouse gas emissions Inventories,I,BRA,Brazil,A,Annual,GHG,Greenhouse gases,_T,Total emissions excluding LULUCF,T_CO2E,Tonnes of CO2-equivalent,2020,,1159676.5482749,,A,Normal value,3,Thousands,,,,,2,Two,,
DATAFLOW,OECD.ENV.EPI:DSD_AIR_GHG@DF_AIR_GHG(1.0),Air emissions - Greenhouse gas emissions Inventories,I,BRN,Brunei Darussalam,A,Annual,GHG,Greenhouse gases,_T,Total emissions excluding LULUCF,T_CO2E,Tonnes of CO2-equivalent,2020,,15109.6343468,,A,Normal value,3,Thousands,,,,,2,Two,,
DATAFLOW,OECD.ENV.EPI:DSD_AIR_GHG@DF_AIR_GHG(1.0),Air emissions - Greenhouse gas emissions Inventories,I,BGR,Bulgaria,A,Annual,GHG,Greenhouse gases,_T,Total emissions excluding LULUCF,T_CO2E,Tonnes of CO2-equivalent,2020,,48239.516012015,,A,Normal value,3,Thousands,,,,,2,Two,,
DATAFLOW,OECD.ENV.EPI:DSD_AIR_GHG@DF_AIR_GHG(1.0),Air emissions - Greenhouse gas emissions Inventories,I,CHN,China (People’s Republic of),A,Annual,GHG,Greenhouse gases,_T,Total emissions excluding LULUCF,T_CO2E,Tonnes of CO2-equivalent,2020,,13765989.504766,,A,Normal value,3,Thousands,,,,,2,Two,,
DATAFLOW,OECD.ENV.EPI:DSD_AIR_GHG@DF_AIR_GHG(1.0),Air emissions - Greenhouse gas emissions Inventories,I,CIV,Côte d’Ivoire,A,Annual,GHG,Greenhouse gases,_T,Total emissions excluding LULUCF,T_CO2E,Tonnes of CO2-equivalent,2020,,47980.418339313,,A,Normal value,3,Thousands,,,,,2,Two,,
DATAFLOW,OECD.ENV.EPI:DSD_AIR_GHG@DF_AIR_GHG(1.0),Air emissions - Greenhouse gas emissions Inventories,I,HRV,Croatia,A,Annual,GHG,Greenhouse gases,_T,Total emissions excluding LULUCF,T_CO2E,Tonnes of CO2-equivalent,2020,,23827.498650048,,A,Normal value,3,Thousands,,,,,2,Two,,
DATAFLOW,OECD.ENV.EPI:DSD_AIR_GHG@DF_AIR_GHG(1.0),Air emissions - Greenhouse gas emissions Inventories,I,CUB,Cuba,A,Annual,GHG,Greenhouse gases,_T,Total emissions excluding LULUCF,T_CO2E,Tonnes of CO2-equivalent,2020,,49960.072721271,,A,Normal value,3,Thousands,,,,,2,Two,,
DATAFLOW,OECD.ENV.EPI:DSD_AIR_GHG@DF_AIR_GHG(1.0),Air emissions - Greenhouse gas emissions Inventories,I,CYP,Cyprus,A,Annual,GHG,Greenhouse gases,_T,Total emissions excluding LULUCF,T_CO2E,Tonnes of CO2-equivalent,2020,,8488.6107161918,,A,Normal value,3,Thousands,,,,,2,Two,,
DATAFLOW,OECD.ENV.EPI:DSD_AIR_GHG@DF_AIR_GHG(1.0),Air emissions - Greenhouse gas emissions Inventories,I,EGY,Egypt,A,Annual,GHG,Greenhouse gases,_T,Total emissions excluding LULUCF,T_CO2E,Tonnes of CO2-equivalent,2020,,337641.33297972,,A,Normal value,3,Thousands,,,,,2,Two,,
DATAFLOW,OECD.ENV.EPI:DSD_AIR_GHG@DF_AIR_GHG(1.0),Air emissions - Greenhouse gas emissions Inventories,I,GEO,Georgia,A,Annual,GHG,Greenhouse gases,_T,Total emissions excluding LULUCF,T_CO2E,Tonnes of CO2-equivalent,2020,,18295.213183473,,A,Normal value,3,Thousands,,,,,2,Two,,
DATAFLOW,OECD.ENV.EPI:DSD_AIR_GHG@DF_AIR_GHG(1.0),Air emissions - Greenhouse gas emissions Inventories,I,GHA,Ghana,A,Annual,GHG,Greenhouse gases,_T,Total emissions excluding LULUCF,T_CO2E,Tonnes of CO2-equivalent,2020,,46823.873013138,,A,Normal value,3,Thousands,,,,,2,Two,,
DATAFLOW,OECD.ENV.EPI:DSD_AIR_GHG@DF_AIR_GHG(1.0),Air emissions - Greenhouse gas emissions Inventories,I,GTM,Guatemala,A,Annual,GHG,Greenhouse gases,_T,Total emissions excluding LULUCF,T_CO2E,Tonnes of CO2-equivalent,2020,,30861.680085472,,A,Normal value,3,Thousands,,,,,2,Two,,
DATAFLOW,OECD.ENV.EPI:DSD_AIR_GHG@DF_AIR_GHG(1.0),Air emissions - Greenhouse gas emissions Inventories,I,GNB,Guinea-Bissau,A,Annual,GHG,Greenhouse gases,_T,Total emissions excluding LULUCF,T_CO2E,Tonnes of CO2-equivalent,2020,,1529.2231987484,,A,Normal value,3,Thousands,,,,,2,Two,,
DATAFLOW,OECD.ENV.EPI:DSD_AIR_GHG@DF_AIR_GHG(1.0),Air emissions - Greenhouse gas emissions Inventories,I,GUY,Guyana,A,Annual,GHG,Greenhouse gases,_T,Total emissions excluding LULUCF,T_CO2E,Tonnes of CO2-equivalent,2020,,7398.4386026578,,A,Normal value,3,Thousands,,,,,2,Two,,
DATAFLOW,OECD.ENV.EPI:DSD_AIR_GHG@DF_AIR_GHG(1.0),Air emissions - Greenhouse gas emissions Inventories,I,VAT,Holy See,A,Annual,GHG,Greenhouse gases,_T,Total emissions excluding LULUCF,T_CO2E,Tonnes of CO2-equivalent,2020,,15.951848079435,,A,Normal value,3,Thousands,,,,,2,Two,,
DATAFLOW,OECD.ENV.EPI:DSD_AIR_GHG@DF_AIR_GHG(1.0),Air emissions - Greenhouse gas emissions Inventories,I,IND,India,A,Annual,GHG,Greenhouse gases,_T,Total emissions excluding LULUCF,T_CO2E,Tonnes of CO2-equivalent,2020,,2974092.79,,A,Normal value,3,Thousands,,,,,2,Two,,
DATAFLOW,OECD.ENV.EPI:DSD_AIR_GHG@DF_AIR_GHG(1.0),Air emissions - Greenhouse gas emissions Inventories,I,IDN,Indonesia,A,Annual,GHG,Greenhouse gases,_T,Total emissions excluding LULUCF,T_CO2E,Tonnes of CO2-equivalent,2020,,917788.48203658,,A,Normal value,3,Thousands,,,,,2,Two,,
DATAFLOW,OECD.ENV.EPI:DSD_AIR_GHG@DF_AIR_GHG(1.0),Air emissions - Greenhouse gas emissions Inventories,I,IRQ,Iraq,A,Annual,GHG,Greenhouse gases,_T,Total emissions excluding LULUCF,T_CO2E,Tonnes of CO2-equivalent,2020,,198676.54531007,,A,Normal value,3,Thousands,,,,,2,Two,,
DATAFLOW,OECD.ENV.EPI:DSD_AIR_GHG@DF_AIR_GHG(1.0),Air emissions - Greenhouse gas emissions Inventories,I,KAZ,Kazakhstan,A,Annual,GHG,Greenhouse gases,_T,Total emissions excluding LULUCF,T_CO2E,Tonnes of CO2-equivalent,2020,,364833.392977,,A,Normal value,3,Thousands,,,,,2,Two,,
DATAFLOW,OECD.ENV.EPI:DSD_AIR_GHG@DF_AIR_GHG(1.0),Air emissions - Greenhouse gas emissions Inventories,I,KEN,Kenya,A,Annual,GHG,Greenhouse gases,_T,Total emissions excluding LULUCF,T_CO2E,Tonnes of CO2-equivalent,2020,,67642.794507729,,A,Normal value,3,Thousands,,,,,2,Two,,
DATAFLOW,OECD.ENV.EPI:DSD_AIR_GHG@DF_AIR_GHG(1.0),Air emissions - Greenhouse gas emissions Inventories,I,LBN,Lebanon,A,Annual,GHG,Greenhouse gases,_T,Total emissions excluding LULUCF,T_CO2E,Tonnes of CO2-equivalent,2020,,25306.483020683,,A,Normal value,3,Thousands,,,,,2,Two,,
DATAFLOW,OECD.ENV.EPI:DSD_AIR_GHG@DF_AIR_GHG(1.0),Air emissions - Greenhouse gas emissions Inventories,I,LIE,Liechtenstein,A,Annual,GHG,Greenhouse gases,_T,Total emissions excluding LULUCF,T_CO2E,Tonnes of CO2-equivalent,2020,,180.54660389252,,A,Normal value,3,Thousands,,,,,2,Two,,
DATAFLOW,OECD.ENV.EPI:DSD_AIR_GHG@DF_AIR_GHG(1.0),Air emissions - Greenhouse gas emissions Inventories,I,MYS,Malaysia,A,Annual,GHG,Greenhouse gases,_T,Total emissions excluding LULUCF,T_CO2E,Tonnes of CO2-equivalent,2020,,332663.89650312,,A,Normal value,3,Thousands,,,,,2,Two,,
DATAFLOW,OECD.ENV.EPI:DSD_AIR_GHG@DF_AIR_GHG(1.0),Air emissions - Greenhouse gas emissions Inventories,I,MDV,Maldives,A,Annual,GHG,Greenhouse gases,_T,Total emissions excluding LULUCF,T_CO2E,Tonnes of CO2-equivalent,2020,,1511.1471877892,,A,Normal value,3,Thousands,,,,,2,Two,,
DATAFLOW,OECD.ENV.EPI:DSD_AIR_GHG@DF_AIR_GHG(1.0),Air emissions - Greenhouse gas emissions Inventories,I,MLT,Malta,A,Annual,GHG,Greenhouse gases,_T,Total emissions excluding LULUCF,T_CO2E,Tonnes of CO2-equivalent,2020,,2080.0184390823,,A,Normal value,3,Thousands,,,,,2,Two,,
DATAFLOW,OECD.ENV.EPI:DSD_AIR_GHG@DF_AIR_GHG(1.0),Air emissions - Greenhouse gas emissions Inventories,I,MUS,Mauritius,A,Annual,GHG,Greenhouse gases,_T,Total emissions excluding LULUCF,T_CO2E,Tonnes of CO2-equivalent,2020,,5575.0565556952,,A,Normal value,3,Thousands,,,,,2,Two,,
DATAFLOW,OECD.ENV.EPI:DSD_AIR_GHG@DF_AIR_GHG(1.0),Air emissions - Greenhouse gas emissions Inventories,I,MDA,Moldova,A,Annual,GHG,Greenhouse gases,_T,Total emissions excluding LULUCF,T_CO2E,Tonnes of CO2-equivalent,2020,,13391.962885552,,A,Normal value,3,Thousands,,,,,2,Two,,
DATAFLOW,OECD.ENV.EPI:DSD_AIR_GHG@DF_AIR_GHG(1.0),Air emissions - Greenhouse gas emissions Inventories,I,MCO,Monaco,A,Annual,GHG,Greenhouse gases,_T,Total emissions excluding LULUCF,T_CO2E,Tonnes of CO2-equivalent,2020,,68.666193267189,,A,Normal value,3,Thousands,,,,,2,Two,,
DATAFLOW,OECD.ENV.EPI:DSD_AIR_GHG@DF_AIR_GHG(1.0),Air emissions - Greenhouse gas emissions Inventories,I,MAR,Morocco,A,Annual,GHG,Greenhouse gases,_T,Total emissions excluding LULUCF,T_CO2E,Tonnes of CO2-equivalent,2020,,93981.539447978,,A,Normal value,3,Thousands,,,,,2,Two,,
DATAFLOW,OECD.ENV.EPI:DSD_AIR_GHG@DF_AIR_GHG(1.0),Air emissions - Greenhouse gas emissions Inventories,I,NAM,Namibia,A,Annual,GHG,Greenhouse gases,_T,Total emissions excluding LULUCF,T_CO2E,Tonnes of CO2-equivalent,2020,,9226.8783454884,,A,Normal value,3,Thousands,,,,,2,Two,,
DATAFLOW,OECD.ENV.EPI:DSD_AIR_GHG@DF_AIR_GHG(1.0),Air emissions - Greenhouse gas emissions Inventories,I,NPL,Nepal,A,Annual,GHG,Greenhouse gases,_T,Total emissions excluding LULUCF,T_CO2E,Tonnes of CO2-equivalent,2020,,52251.386622777,,A,Normal value,3,Thousands,,,,,2,Two,,
DATAFLOW,OECD.ENV.EPI:DSD_AIR_GHG@DF_AIR_GHG(1.0),Air emissions - Greenhouse gas emissions Inventories,I,NGA,Nigeria,A,Annual,GHG,Greenhouse gases,_T,Total emissions excluding LULUCF,T_CO2E,Tonnes of CO2-equivalent,2020,,310745.69027327,,A,Normal value,3,Thousands,,,,,2,Two,,
DATAFLOW,OECD.ENV.EPI:DSD_AIR_GHG@DF_AIR_GHG(1.0),Air emissions - Greenhouse gas emissions Inventories,I,PAN,Panama,A,Annual,GHG,Greenhouse gases,_T,Total emissions excluding LULUCF,T_CO2E,Tonnes of CO2-equivalent,2020,,18122.222573268,,A,Normal value,3,Thousands,,,,,2,Two,,
DATAFLOW,OECD.ENV.EPI:DSD_AIR_GHG@DF_AIR_GHG(1.0),Air emissions - Greenhouse gas emissions Inventories,I,PER,Peru,A,Annual,GHG,Greenhouse gases,_T,Total emissions excluding LULUCF,T_CO2E,Tonnes of CO2-equivalent,2020,,94211.471325203,,A,Normal value,3,Thousands,,,,,2,Two,,
DATAFLOW,OECD.ENV.EPI:DSD_AIR_GHG@DF_AIR_GHG(1.0),Air emissions - Greenhouse gas emissions Inventories,I,ROU,Romania,A,Annual,GHG,Greenhouse gases,_T,Total emissions excluding LULUCF,T_CO2E,Tonnes of CO2-equivalent,2020,,100846.71973651,,A,Normal value,3,Thousands,,,,,2,Two,,
DATAFLOW,OECD.ENV.EPI:DSD_AIR_GHG@DF_AIR_GHG(1.0),Air emissions - Greenhouse gas emissions Inventories,I,RWA,Rwanda,A,Annual,GHG,Greenhouse gases,_T,Total emissions excluding LULUCF,T_CO2E,Tonnes of CO2-equivalent,2020,,11144.887154011,,A,Normal value,3,Thousands,,,,,2,Two,,
DATAFLOW,OECD.ENV.EPI:DSD_AIR_GHG@DF_AIR_GHG(1.0),Air emissions - Greenhouse gas emissions Inventories,I,SAU,Saudi Arabia,A,Annual,GHG,Greenhouse gases,_T,Total emissions excluding LULUCF,T_CO2E,Tonnes of CO2-equivalent,2020,,689823.10875102,,A,Normal value,3,Thousands,,,,,2,Two,,
DATAFLOW,OECD.ENV.EPI:DSD_AIR_GHG@DF_AIR_GHG(1.0),Air emissions - Greenhouse gas emissions Inventories,I,SRB,Serbia,A,Annual,GHG,Greenhouse gases,_T,Total emissions excluding LULUCF,T_CO2E,Tonnes of CO2-equivalent,2020,,63794.968165811,,A,Normal value,3,Thousands,,,,,2,Two,,
DATAFLOW,OECD.ENV.EPI:DSD_AIR_GHG@DF_AIR_GHG(1.0),Air emissions - Greenhouse gas emissions Inventories,I,SGP,Singapore,A,Annual,GHG,Greenhouse gases,_T,Total emissions excluding LULUCF,T_CO2E,Tonnes of CO2-equivalent,2020,,53848.263517244,,A,Normal value,3,Thousands,,,,,2,Two,,
DATAFLOW,OECD.ENV.EPI:DSD_AIR_GHG@DF_AIR_GHG(1.0),Air emissions - Greenhouse gas emissions Inventories,I,SLB,Solomon Islands,A,Annual,GHG,Greenhouse gases,_T,Total emissions excluding LULUCF,T_CO2E,Tonnes of CO2-equivalent,2020,,640.21811407635,,A,Normal value,3,Thousands,,,,,2,Two,,
DATAFLOW,OECD.ENV.EPI:DSD_AIR_GHG@DF_AIR_GHG(1.0),Air emissions - Greenhouse gas emissions Inventories,I,ZAF,South Africa,A,Annual,GHG,Greenhouse gases,_T,Total emissions excluding LULUCF,T_CO2E,Tonnes of CO2-equivalent,2020,,469749.79984165,,A,Normal value,3,Thousands,,,,,2,Two,,
DATAFLOW,OECD.ENV.EPI:DSD_AIR_GHG@DF_AIR_GHG(1.0),Air emissions - Greenhouse gas emissions Inventories,I,THA,Thailand,A,Annual,GHG,Greenhouse gases,_T,Total emissions excluding LULUCF,T_CO2E,Tonnes of CO2-equivalent,2020,,372896.51950874,,A,Normal value,3,Thousands,,,,,2,Two,,
DATAFLOW,OECD.ENV.EPI:DSD_AIR_GHG@DF_AIR_GHG(1.0),Air emissions - Greenhouse gas emissions Inventories,I,UKR,Ukraine,A,Annual,GHG,Greenhouse gases,_T,Total emissions excluding LULUCF,T_CO2E,Tonnes of CO2-equivalent,2020,,325349.37261736,,A,Normal value,3,Thousands,,,,,2,Two,,
DATAFLOW,OECD.ENV.EPI:DSD_AIR_GHG@DF_AIR_GHG(1.0),Air emissions - Greenhouse gas emissions Inventories,I,URY,Uruguay,A,Annual,GHG,Greenhouse gases,_T,Total emissions excluding LULUCF,T_CO2E,Tonnes of CO2-equivalent,2020,,36392.63470142,,A,Normal value,3,Thousands,,,,,2,Two,,
DATAFLOW,OECD.ENV.EPI:DSD_AIR_GHG@DF_AIR_GHG(1.0),Air emissions - Greenhouse gas emissions Inventories,I,UZB,Uzbekistan,A,Annual,GHG,Greenhouse gases,_T,Total emissions excluding LULUCF,T_CO2E,Tonnes of CO2-equivalent,2020,,187946.08248395,,A,Normal value,3,Thousands,,,,,2,Two,,
DATAFLOW,OECD.ENV.EPI:DSD_AIR_GHG@DF_AIR_GHG(1.0),Air emissions - Greenhouse gas emissions Inventories,I,VEN,Venezuela,A,Annual,GHG,Greenhouse gases,_T,Total emissions excluding LULUCF,T_CO2E,Tonnes of CO2-equivalent,2020,,216456.73246036,,A,Normal value,3,Thousands,,,,,2,Two,,
DATAFLOW,OECD.ENV.EPI:DSD_AIR_GHG@DF_AIR_GHG(1.0),Air emissions - Greenhouse gas emissions Inventories,I,ZWE,Zimbabwe,A,Annual,GHG,Greenhouse gases,_T,Total emissions excluding LULUCF,T_CO2E,Tonnes of CO2-equivalent,2020,,27983.830441863,,A,Normal value,3,Thousands,,,,,2,Two,,
DATAFLOW,OECD.ENV.EPI:DSD_AIR_GHG@DF_AIR_GHG(1.0),Air emissions - Greenhouse gas emissions Inventories,I,AUS,Australia,A,Annual,GHG,Greenhouse gases,_T,Total emissions excluding LULUCF,T_CO2E,Tonnes of CO2-equivalent,2021,,529103.66893301,,A,Normal value,3,Thousands,,,,,2,Two,,
DATAFLOW,OECD.ENV.EPI:DSD_AIR_GHG@DF_AIR_GHG(1.0),Air emissions - Greenhouse gas emissions Inventories,I,AUT,Austria,A,Annual,GHG,Greenhouse gases,_T,Total emissions excluding LULUCF,T_CO2E,Tonnes of CO2-equivalent,2021,,78131.005177336,,A,Normal value,3,Thousands,,,,,2,Two,,
DATAFLOW,OECD.ENV.EPI:DSD_AIR_GHG@DF_AIR_GHG(1.0),Air emissions - Greenhouse gas emissions Inventories,I,BEL,Belgium,A,Annual,GHG,Greenhouse gases,_T,Total emissions excluding LULUCF,T_CO2E,Tonnes of CO2-equivalent,2021,,109461.03338795,,A,Normal value,3,Thousands,,,,,2,Two,,
DATAFLOW,OECD.ENV.EPI:DSD_AIR_GHG@DF_AIR_GHG(1.0),Air emissions - Greenhouse gas emissions Inventories,I,CAN,Canada,A,Annual,GHG,Greenhouse gases,_T,Total emissions excluding LULUCF,T_CO2E,Tonnes of CO2-equivalent,2021,,691322.67201206,,A,Normal value,3,Thousands,,,,,2,Two,,
DATAFLOW,OECD.ENV.EPI:DSD_AIR_GHG@DF_AIR_GHG(1.0),Air emissions - Greenhouse gas emissions Inventories,I,CHL,Chile,A,Annual,GHG,Greenhouse gases,_T,Total emissions excluding LULUCF,T_CO2E,Tonnes of CO2-equivalent,2021,,110655.2,,A,Normal value,3,Thousands,,,,,2,Two,,
DATAFLOW,OECD.ENV.EPI:DSD_AIR_GHG@DF_AIR_GHG(1.0),Air emissions - Greenhouse gas emissions Inventories,I,COL,Colombia,A,Annual,GHG,Greenhouse gases,_T,Total emissions excluding LULUCF,T_CO2E,Tonnes of CO2-equivalent,2021,,183498.92,,A,Normal value,3,Thousands,,,,,2,Two,,
DATAFLOW,OECD.ENV.EPI:DSD_AIR_GHG@DF_AIR_GHG(1.0),Air emissions - Greenhouse gas emissions Inventories,I,CRI,Costa Rica,A,Annual,GHG,Greenhouse gases,_T,Total emissions excluding LULUCF,T_CO2E,Tonnes of CO2-equivalent,2021,,16156.92,,A,Normal value,3,Thousands,,,,,2,Two,,
DATAFLOW,OECD.ENV.EPI:DSD_AIR_GHG@DF_AIR_GHG(1.0),Air emissions - Greenhouse gas emissions Inventories,I,CZE,Czechia,A,Annual,GHG,Greenhouse gases,_T,Total emissions excluding LULUCF,T_CO2E,Tonnes of CO2-equivalent,2021,,116516.11076026,,A,Normal value,3,Thousands,,,,,2,Two,,
DATAFLOW,OECD.ENV.EPI:DSD_AIR_GHG@DF_AIR_GHG(1.0),Air emissions - Greenhouse gas emissions Inventories,I,DNK,Denmark,A,Annual,GHG,Greenhouse gases,_T,Total emissions excluding LULUCF,T_CO2E,Tonnes of CO2-equivalent,2021,,45813.403595975,,A,Normal value,3,Thousands,,,,,2,Two,,
DATAFLOW,OECD.ENV.EPI:DSD_AIR_GHG@DF_AIR_GHG(1.0),Air emissions - Greenhouse gas emissions Inventories,I,EST,Estonia,A,Annual,GHG,Greenhouse gases,_T,Total emissions excluding LULUCF,T_CO2E,Tonnes of CO2-equivalent,2021,,12568.001988411,,A,Normal value,3,Thousands,,,,,2,Two,,
DATAFLOW,OECD.ENV.EPI:DSD_AIR_GHG@DF_AIR_GHG(1.0),Air emissions - Greenhouse gas emissions Inventories,I,FIN,Finland,A,Annual,GHG,Greenhouse gases,_T,Total emissions excluding LULUCF,T_CO2E,Tonnes of CO2-equivalent,2021,,47883.23217115,,A,Normal value,3,Thousands,,,,,2,Two,,
DATAFLOW,OECD.ENV.EPI:DSD_AIR_GHG@DF_AIR_GHG(1.0),Air emissions - Greenhouse gas emissions Inventories,I,FRA,France,A,Annual,GHG,Greenhouse gases,_T,Total emissions excluding LULUCF,T_CO2E,Tonnes of CO2-equivalent,2021,,428405.84804541,,A,Normal value,3,Thousands,,,,,2,Two,,
DATAFLOW,OECD.ENV.EPI:DSD_AIR_GHG@DF_AIR_GHG(1.0),Air emissions - Greenhouse gas emissions Inventories,I,DEU,Germany,A,Annual,GHG,Greenhouse gases,_T,Total emissions excluding LULUCF,T_CO2E,Tonnes of CO2-equivalent,2021,,762772.66694838,,A,Normal value,3,Thousands,,,,,2,Two,,
DATAFLOW,OECD.ENV.EPI:DSD_AIR_GHG@DF_AIR_GHG(1.0),Air emissions - Greenhouse gas emissions Inventories,I,GRC,Greece,A,Annual,GHG,Greenhouse gases,_T,Total emissions excluding LULUCF,T_CO2E,Tonnes of CO2-equivalent,2021,,77903.672510963,,A,Normal value,3,Thousands,,,,,2,Two,,
DATAFLOW,OECD.ENV.EPI:DSD_AIR_GHG@DF_AIR_GHG(1.0),Air emissions - Greenhouse gas emissions Inventories,I,HUN,Hungary,A,Annual,GHG,Greenhouse gases,_T,Total emissions excluding LULUCF,T_CO2E,Tonnes of CO2-equivalent,2021,,63839.03351889,,A,Normal value,3,Thousands,,,,,2,Two,,
DATAFLOW,OECD.ENV.EPI:DSD_AIR_GHG@DF_AIR_GHG(1.0),Air emissions - Greenhouse gas emissions Inventories,I,ISL,Iceland,A,Annual,GHG,Greenhouse gases,_T,Total emissions excluding LULUCF,T_CO2E,Tonnes of CO2-equivalent,2021,,4718.0153979323,,A,Normal value,3,Thousands,,,,,2,Two,,
DATAFLOW,OECD.ENV.EPI:DSD_AIR_GHG@DF_AIR_GHG(1.0),Air emissions - Greenhouse gas emissions Inventories,I,IRL,Ireland,A,Annual,GHG,Greenhouse gases,_T,Total emissions excluding LULUCF,T_CO2E,Tonnes of CO2-equivalent,2021,,60140.089011399,,A,Normal value,3,Thousands,,,,,2,Two,,
DATAFLOW,OECD.ENV.EPI:DSD_AIR_GHG@DF_AIR_GHG(1.0),Air emissions - Greenhouse gas emissions Inventories,I,ISR,Israel,A,Annual,GHG,Greenhouse gases,_T,Total emissions excluding LULUCF,T_CO2E,Tonnes of CO2-equivalent,2021,,78794.84,,A,Normal value,3,Thousands,,,,,2,Two,,
DATAFLOW,OECD.ENV.EPI:DSD_AIR_GHG@DF_AIR_GHG(1.0),Air emissions - Greenhouse gas emissions Inventories,I,ITA,Italy,A,Annual,GHG,Greenhouse gases,_T,Total emissions excluding LULUCF,T_CO2E,Tonnes of CO2-equivalent,2021,,405412.14988541,,A,Normal value,3,Thousands,,,,,2,Two,,
DATAFLOW,OECD.ENV.EPI:DSD_AIR_GHG@DF_AIR_GHG(1.0),Air emissions - Greenhouse gas emissions Inventories,I,JPN,Japan,A,Annual,GHG,Greenhouse gases,_T,Total emissions excluding LULUCF,T_CO2E,Tonnes of CO2-equivalent,2021,,1140485.3211562,,A,Normal value,3,Thousands,,,,,2,Two,,
DATAFLOW,OECD.ENV.EPI:DSD_AIR_GHG@DF_AIR_GHG(1.0),Air emissions - Greenhouse gas emissions Inventories,I,KOR,Korea,A,Annual,GHG,Greenhouse gases,_T,Total emissions excluding LULUCF,T_CO2E,Tonnes of CO2-equivalent,2021,,739507.44,,A,Normal value,3,Thousands,,,,,2,Two,,
DATAFLOW,OECD.ENV.EPI:DSD_AIR_GHG@DF_AIR_GHG(1.0),Air emissions - Greenhouse gas emissions Inventories,I,LVA,Latvia,A,Annual,GHG,Greenhouse gases,_T,Total emissions excluding LULUCF,T_CO2E,Tonnes of CO2-equivalent,2021,,10597.274205258,,A,Normal value,3,Thousands,,,,,2,Two,,
DATAFLOW,OECD.ENV.EPI:DSD_AIR_GHG@DF_AIR_GHG(1.0),Air emissions - Greenhouse gas emissions Inventories,I,LTU,Lithuania,A,Annual,GHG,Greenhouse gases,_T,Total emissions excluding LULUCF,T_CO2E,Tonnes of CO2-equivalent,2021,,19645.843605954,,A,Normal value,3,Thousands,,,,,2,Two,,
DATAFLOW,OECD.ENV.EPI:DSD_AIR_GHG@DF_AIR_GHG(1.0),Air emissions - Greenhouse gas emissions Inventories,I,LUX,Luxembourg,A,Annual,GHG,Greenhouse gases,_T,Total emissions excluding LULUCF,T_CO2E,Tonnes of CO2-equivalent,2021,,9502.7259656826,,A,Normal value,3,Thousands,,,,,2,Two,,
DATAFLOW,OECD.ENV.EPI:DSD_AIR_GHG@DF_AIR_GHG(1.0),Air emissions - Greenhouse gas emissions Inventories,I,MEX,Mexico,A,Annual,GHG,Greenhouse gases,_T,Total emissions excluding LULUCF,T_CO2E,Tonnes of CO2-equivalent,2021,,719015.55,,A,Normal value,3,Thousands,,,,,2,Two,,
DATAFLOW,OECD.ENV.EPI:DSD_AIR_GHG@DF_AIR_GHG(1.0),Air emissions - Greenhouse gas emissions Inventories,I,NLD,Netherlands,A,Annual,GHG,Greenhouse gases,_T,Total emissions excluding LULUCF,T_CO2E,Tonnes of CO2-equivalent,2021,,167209.0928147,,A,Normal value,3,Thousands,,,,,2,Two,,
DATAFLOW,OECD.ENV.EPI:DSD_AIR_GHG@DF_AIR_GHG(1.0),Air emissions - Greenhouse gas emissions Inventories,I,NZL,New Zealand,A,Annual,GHG,Greenhouse gases,_T,Total emissions excluding LULUCF,T_CO2E,Tonnes of CO2-equivalent,2021,,81527.93425594,,A,Normal value,3,Thousands,,,,,2,Two,,
DATAFLOW,OECD.ENV.EPI:DSD_AIR_GHG@DF_AIR_GHG(1.0),Air emissions - Greenhouse gas emissions Inventories,I,NOR,Norway,A,Annual,GHG,Greenhouse gases,_T,Total emissions excluding LULUCF,T_CO2E,Tonnes of CO2-equivalent,2021,,48952.496545799,,A,Normal value,3,Thousands,,,,,2,Two,,
DATAFLOW,OECD.ENV.EPI:DSD_AIR_GHG@DF_AIR_GHG(1.0),Air emissions - Greenhouse gas emissions Inventories,I,POL,Poland,A,Annual,GHG,Greenhouse gases,_T,Total emissions excluding LULUCF,T_CO2E,Tonnes of CO2-equivalent,2021,,397094.65662691,,A,Normal value,3,Thousands,,,,,2,Two,,
DATAFLOW,OECD.ENV.EPI:DSD_AIR_GHG@DF_AIR_GHG(1.0),Air emissions - Greenhouse gas emissions Inventories,I,PRT,Portugal,A,Annual,GHG,Greenhouse gases,_T,Total emissions excluding LULUCF,T_CO2E,Tonnes of CO2-equivalent,2021,,55771.779924013,,A,Normal value,3,Thousands,,,,,2,Two,,
DATAFLOW,OECD.ENV.EPI:DSD_AIR_GHG@DF_AIR_GHG(1.0),Air emissions - Greenhouse gas emissions Inventories,I,SVK,Slovak Republic,A,Annual,GHG,Greenhouse gases,_T,Total emissions excluding LULUCF,T_CO2E,Tonnes of CO2-equivalent,2021,,41340.801686576,,A,Normal value,3,Thousands,,,,,2,Two,,
DATAFLOW,OECD.ENV.EPI:DSD_AIR_GHG@DF_AIR_GHG(1.0),Air emissions - Greenhouse gas emissions Inventories,I,SVN,Slovenia,A,Annual,GHG,Greenhouse gases,_T,Total emissions excluding LULUCF,T_CO2E,Tonnes of CO2-equivalent,2021,,16149.771934333,,A,Normal value,3,Thousands,,,,,2,Two,,
DATAFLOW,OECD.ENV.EPI:DSD_AIR_GHG@DF_AIR_GHG(1.0),Air emissions - Greenhouse gas emissions Inventories,I,ESP,Spain,A,Annual,GHG,Greenhouse gases,_T,Total emissions excluding LULUCF,T_CO2E,Tonnes of CO2-equivalent,2021,,288519.56811415,,A,Normal value,3,Thousands,,,,,2,Two,,
DATAFLOW,OECD.ENV.EPI:DSD_AIR_GHG@DF_AIR_GHG(1.0),Air emissions - Greenhouse gas emissions Inventories,I,SWE,Sweden,A,Annual,GHG,Greenhouse gases,_T,Total emissions excluding LULUCF,T_CO2E,Tonnes of CO2-equivalent,2021,,47711.198882829,,A,Normal value,3,Thousands,,,,,2,Two,,
DATAFLOW,OECD.ENV.EPI:DSD_AIR_GHG@DF_AIR_GHG(1.0),Air emissions - Greenhouse gas emissions Inventories,I,CHE,Switzerland,A,Annual,GHG,Greenhouse gases,_T,Total emissions excluding LULUCF,T_CO2E,Tonnes of CO2-equivalent,2021,,45206.432048882,,A,Normal value,3,Thousands,,,,,2,Two,,
DATAFLOW,OECD.ENV.EPI:DSD_AIR_GHG@DF_AIR_GHG(1.0),Air emissions - Greenhouse gas emissions Inventories,I,TUR,Türkiye,A,Annual,GHG,Greenhouse gases,_T,Total emissions excluding LULUCF,T_CO2E,Tonnes of CO2-equivalent,2021,,575293.15797887,,A,Normal value,3,Thousands,,,,,2,Two,,
DATAFLOW,OECD.ENV.EPI:DSD_AIR_GHG@DF_AIR_GHG(1.0),Air emissions - Greenhouse gas emissions Inventories,I,GBR,United Kingdom,A,Annual,GHG,Greenhouse gases,_T,Total emissions excluding LULUCF,T_CO2E,Tonnes of CO2-equivalent,2021,,424944.53471303,,A,Normal value,3,Thousands,,,,,2,Two,,
DATAFLOW,OECD.ENV.EPI:DSD_AIR_GHG@DF_AIR_GHG(1.0),Air emissions - Greenhouse gas emissions Inventories,I,USA,United States,A,Annual,GHG,Greenhouse gases,_T,Total emissions excluding LULUCF,T_CO2E,Tonnes of CO2-equivalent,2021,,6328794.35,,A,Normal value,3,Thousands,,,,,2,Two,,
DATAFLOW,OECD.ENV.EPI:DSD_AIR_GHG@DF_AIR_GHG(1.0),Air emissions - Greenhouse gas emissions Inventories,I,EU27_2020,European Union (27 countries from 01/02/2020),A,Annual,GHG,Greenhouse gases,_T,Total emissions excluding LULUCF,T_CO2E,Tonnes of CO2-equivalent,2021,,3448698.4089034,,A,Normal value,3,Thousands,,,,,2,Two,,
DATAFLOW,OECD.ENV.EPI:DSD_AIR_GHG@DF_AIR_GHG(1.0),Air emissions - Greenhouse gas emissions Inventories,I,DZA,Algeria,A,Annual,GHG,Greenhouse gases,_T,Total emissions excluding LULUCF,T_CO2E,Tonnes of CO2-equivalent,2021,,240849.24308909,,A,Normal value,3,Thousands,,,,,2,Two,,
DATAFLOW,OECD.ENV.EPI:DSD_AIR_GHG@DF_AIR_GHG(1.0),Air emissions - Greenhouse gas emissions Inventories,I,ARG,Argentina,A,Annual,GHG,Greenhouse gases,_T,Total emissions excluding LULUCF,T_CO2E,Tonnes of CO2-equivalent,2021,,342462.55013645,,A,Normal value,3,Thousands,,,,,2,Two,,
DATAFLOW,OECD.ENV.EPI:DSD_AIR_GHG@DF_AIR_GHG(1.0),Air emissions - Greenhouse gas emissions Inventories,I,AZE,Azerbaijan,A,Annual,GHG,Greenhouse gases,_T,Total emissions excluding LULUCF,T_CO2E,Tonnes of CO2-equivalent,2021,,71752.014035373,,A,Normal value,3,Thousands,,,,,2,Two,,
DATAFLOW,OECD.ENV.EPI:DSD_AIR_GHG@DF_AIR_GHG(1.0),Air emissions - Greenhouse gas emissions Inventories,I,BTN,Bhutan,A,Annual,GHG,Greenhouse gases,_T,Total emissions excluding LULUCF,T_CO2E,Tonnes of CO2-equivalent,2021,,1477.8930712957,,A,Normal value,3,Thousands,,,,,2,Two,,
DATAFLOW,OECD.ENV.EPI:DSD_AIR_GHG@DF_AIR_GHG(1.0),Air emissions - Greenhouse gas emissions Inventories,I,BRA,Brazil,A,Annual,GHG,Greenhouse gases,_T,Total emissions excluding LULUCF,T_CO2E,Tonnes of CO2-equivalent,2021,,1233835.6393195,,A,Normal value,3,Thousands,,,,,2,Two,,
DATAFLOW,OECD.ENV.EPI:DSD_AIR_GHG@DF_AIR_GHG(1.0),Air emissions - Greenhouse gas emissions Inventories,I,BRN,Brunei Darussalam,A,Annual,GHG,Greenhouse gases,_T,Total emissions excluding LULUCF,T_CO2E,Tonnes of CO2-equivalent,2021,,15091.508050338,,A,Normal value,3,Thousands,,,,,2,Two,,
DATAFLOW,OECD.ENV.EPI:DSD_AIR_GHG@DF_AIR_GHG(1.0),Air emissions - Greenhouse gas emissions Inventories,I,BGR,Bulgaria,A,Annual,GHG,Greenhouse gases,_T,Total emissions excluding LULUCF,T_CO2E,Tonnes of CO2-equivalent,2021,,54329.702259081,,A,Normal value,3,Thousands,,,,,2,Two,,
DATAFLOW,OECD.ENV.EPI:DSD_AIR_GHG@DF_AIR_GHG(1.0),Air emissions - Greenhouse gas emissions Inventories,I,CHN,China (People’s Republic of),A,Annual,GHG,Greenhouse gases,_T,Total emissions excluding LULUCF,T_CO2E,Tonnes of CO2-equivalent,2021,,14314256.6857,,A,Normal value,3,Thousands,,,,,2,Two,,
DATAFLOW,OECD.ENV.EPI:DSD_AIR_GHG@DF_AIR_GHG(1.0),Air emissions - Greenhouse gas emissions Inventories,I,CIV,Côte d’Ivoire,A,Annual,GHG,Greenhouse gases,_T,Total emissions excluding LULUCF,T_CO2E,Tonnes of CO2-equivalent,2021,,86234.99676673,,A,Normal value,3,Thousands,,,,,2,Two,,
DATAFLOW,OECD.ENV.EPI:DSD_AIR_GHG@DF_AIR_GHG(1.0),Air emissions - Greenhouse gas emissions Inventories,I,HRV,Croatia,A,Annual,GHG,Greenhouse gases,_T,Total emissions excluding LULUCF,T_CO2E,Tonnes of CO2-equivalent,2021,,24336.239628857,,A,Normal value,3,Thousands,,,,,2,Two,,
DATAFLOW,OECD.ENV.EPI:DSD_AIR_GHG@DF_AIR_GHG(1.0),Air emissions - Greenhouse gas emissions Inventories,I,CUB,Cuba,A,Annual,GHG,Greenhouse gases,_T,Total emissions excluding LULUCF,T_CO2E,Tonnes of CO2-equivalent,2021,,49356.459278544,,A,Normal value,3,Thousands,,,,,2,Two,,
DATAFLOW,OECD.ENV.EPI:DSD_AIR_GHG@DF_AIR_GHG(1.0),Air emissions - Greenhouse gas emissions Inventories,I,CYP,Cyprus,A,Annual,GHG,Greenhouse gases,_T,Total emissions excluding LULUCF,T_CO2E,Tonnes of CO2-equivalent,2021,,8689.6939813823,,A,Normal value,3,Thousands,,,,,2,Two,,
DATAFLOW,OECD.ENV.EPI:DSD_AIR_GHG@DF_AIR_GHG(1.0),Air emissions - Greenhouse gas emissions Inventories,I,EGY,Egypt,A,Annual,GHG,Greenhouse gases,_T,Total emissions excluding LULUCF,T_CO2E,Tonnes of CO2-equivalent,2021,,363822.75547707,,A,Normal value,3,Thousands,,,,,2,Two,,
DATAFLOW,OECD.ENV.EPI:DSD_AIR_GHG@DF_AIR_GHG(1.0),Air emissions - Greenhouse gas emissions Inventories,I,GEO,Georgia,A,Annual,GHG,Greenhouse gases,_T,Total emissions excluding LULUCF,T_CO2E,Tonnes of CO2-equivalent,2021,,18729.752041016,,A,Normal value,3,Thousands,,,,,2,Two,,
DATAFLOW,OECD.ENV.EPI:DSD_AIR_GHG@DF_AIR_GHG(1.0),Air emissions - Greenhouse gas emissions Inventories,I,GHA,Ghana,A,Annual,GHG,Greenhouse gases,_T,Total emissions excluding LULUCF,T_CO2E,Tonnes of CO2-equivalent,2021,,46926.446448077,,A,Normal value,3,Thousands,,,,,2,Two,,
DATAFLOW,OECD.ENV.EPI:DSD_AIR_GHG@DF_AIR_GHG(1.0),Air emissions - Greenhouse gas emissions Inventories,I,GTM,Guatemala,A,Annual,GHG,Greenhouse gases,_T,Total emissions excluding LULUCF,T_CO2E,Tonnes of CO2-equivalent,2021,,34120.962711877,,A,Normal value,3,Thousands,,,,,2,Two,,
DATAFLOW,OECD.ENV.EPI:DSD_AIR_GHG@DF_AIR_GHG(1.0),Air emissions - Greenhouse gas emissions Inventories,I,GNB,Guinea-Bissau,A,Annual,GHG,Greenhouse gases,_T,Total emissions excluding LULUCF,T_CO2E,Tonnes of CO2-equivalent,2021,,1551.6579288347,,A,Normal value,3,Thousands,,,,,2,Two,,
DATAFLOW,OECD.ENV.EPI:DSD_AIR_GHG@DF_AIR_GHG(1.0),Air emissions - Greenhouse gas emissions Inventories,I,GUY,Guyana,A,Annual,GHG,Greenhouse gases,_T,Total emissions excluding LULUCF,T_CO2E,Tonnes of CO2-equivalent,2021,,6408.0296389986,,A,Normal value,3,Thousands,,,,,2,Two,,
DATAFLOW,OECD.ENV.EPI:DSD_AIR_GHG@DF_AIR_GHG(1.0),Air emissions - Greenhouse gas emissions Inventories,I,VAT,Holy See,A,Annual,GHG,Greenhouse gases,_T,Total emissions excluding LULUCF,T_CO2E,Tonnes of CO2-equivalent,2021,,15.383082530305,,A,Normal value,3,Thousands,,,,,2,Two,,
DATAFLOW,OECD.ENV.EPI:DSD_AIR_GHG@DF_AIR_GHG(1.0),Air emissions - Greenhouse gas emissions Inventories,I,IND,India,A,Annual,GHG,Greenhouse gases,_T,Total emissions excluding LULUCF,T_CO2E,Tonnes of CO2-equivalent,2021,,3162472.99,,A,Normal value,3,Thousands,,,,,2,Two,,
DATAFLOW,OECD.ENV.EPI:DSD_AIR_GHG@DF_AIR_GHG(1.0),Air emissions - Greenhouse gas emissions Inventories,I,IDN,Indonesia,A,Annual,GHG,Greenhouse gases,_T,Total emissions excluding LULUCF,T_CO2E,Tonnes of CO2-equivalent,2021,,957864.10560603,,A,Normal value,3,Thousands,,,,,2,Two,,
DATAFLOW,OECD.ENV.EPI:DSD_AIR_GHG@DF_AIR_GHG(1.0),Air emissions - Greenhouse gas emissions Inventories,I,IRQ,Iraq,A,Annual,GHG,Greenhouse gases,_T,Total emissions excluding LULUCF,T_CO2E,Tonnes of CO2-equivalent,2021,,203653.36743251,,A,Normal value,3,Thousands,,,,,2,Two,,
DATAFLOW,OECD.ENV.EPI:DSD_AIR_GHG@DF_AIR_GHG(1.0),Air emissions - Greenhouse gas emissions Inventories,I,KAZ,Kazakhstan,A,Annual,GHG,Greenhouse gases,_T,Total emissions excluding LULUCF,T_CO2E,Tonnes of CO2-equivalent,2021,,324258.14321852,,A,Normal value,3,Thousands,,,,,2,Two,,
DATAFLOW,OECD.ENV.EPI:DSD_AIR_GHG@DF_AIR_GHG(1.0),Air emissions - Greenhouse gas emissions Inventories,I,KEN,Kenya,A,Annual,GHG,Greenhouse gases,_T,Total emissions excluding LULUCF,T_CO2E,Tonnes of CO2-equivalent,2021,,69222.450553965,,A,Normal value,3,Thousands,,,,,2,Two,,
DATAFLOW,OECD.ENV.EPI:DSD_AIR_GHG@DF_AIR_GHG(1.0),Air emissions - Greenhouse gas emissions Inventories,I,LBN,Lebanon,A,Annual,GHG,Greenhouse gases,_T,Total emissions excluding LULUCF,T_CO2E,Tonnes of CO2-equivalent,2021,,21252.595813647,,A,Normal value,3,Thousands,,,,,2,Two,,
DATAFLOW,OECD.ENV.EPI:DSD_AIR_GHG@DF_AIR_GHG(1.0),Air emissions - Greenhouse gas emissions Inventories,I,LIE,Liechtenstein,A,Annual,GHG,Greenhouse gases,_T,Total emissions excluding LULUCF,T_CO2E,Tonnes of CO2-equivalent,2021,,183.39211319212,,A,Normal value,3,Thousands,,,,,2,Two,,
DATAFLOW,OECD.ENV.EPI:DSD_AIR_GHG@DF_AIR_GHG(1.0),Air emissions - Greenhouse gas emissions Inventories,I,MYS,Malaysia,A,Annual,GHG,Greenhouse gases,_T,Total emissions excluding LULUCF,T_CO2E,Tonnes of CO2-equivalent,2021,,328966.02818373,,A,Normal value,3,Thousands,,,,,2,Two,,
DATAFLOW,OECD.ENV.EPI:DSD_AIR_GHG@DF_AIR_GHG(1.0),Air emissions - Greenhouse gas emissions Inventories,I,MDV,Maldives,A,Annual,GHG,Greenhouse gases,_T,Total emissions excluding LULUCF,T_CO2E,Tonnes of CO2-equivalent,2021,,2266.0439442664,,A,Normal value,3,Thousands,,,,,2,Two,,
DATAFLOW,OECD.ENV.EPI:DSD_AIR_GHG@DF_AIR_GHG(1.0),Air emissions - Greenhouse gas emissions Inventories,I,MLT,Malta,A,Annual,GHG,Greenhouse gases,_T,Total emissions excluding LULUCF,T_CO2E,Tonnes of CO2-equivalent,2021,,2094.5766546305,,A,Normal value,3,Thousands,,,,,2,Two,,
DATAFLOW,OECD.ENV.EPI:DSD_AIR_GHG@DF_AIR_GHG(1.0),Air emissions - Greenhouse gas emissions Inventories,I,MUS,Mauritius,A,Annual,GHG,Greenhouse gases,_T,Total emissions excluding LULUCF,T_CO2E,Tonnes of CO2-equivalent,2021,,5772.2336286182,,A,Normal value,3,Thousands,,,,,2,Two,,
DATAFLOW,OECD.ENV.EPI:DSD_AIR_GHG@DF_AIR_GHG(1.0),Air emissions - Greenhouse gas emissions Inventories,I,MDA,Moldova,A,Annual,GHG,Greenhouse gases,_T,Total emissions excluding LULUCF,T_CO2E,Tonnes of CO2-equivalent,2021,,14608.159491595,,A,Normal value,3,Thousands,,,,,2,Two,,
DATAFLOW,OECD.ENV.EPI:DSD_AIR_GHG@DF_AIR_GHG(1.0),Air emissions - Greenhouse gas emissions Inventories,I,MCO,Monaco,A,Annual,GHG,Greenhouse gases,_T,Total emissions excluding LULUCF,T_CO2E,Tonnes of CO2-equivalent,2021,,72.926168947428,,A,Normal value,3,Thousands,,,,,2,Two,,
DATAFLOW,OECD.ENV.EPI:DSD_AIR_GHG@DF_AIR_GHG(1.0),Air emissions - Greenhouse gas emissions Inventories,I,MAR,Morocco,A,Annual,GHG,Greenhouse gases,_T,Total emissions excluding LULUCF,T_CO2E,Tonnes of CO2-equivalent,2021,,101054.84086124,,A,Normal value,3,Thousands,,,,,2,Two,,
DATAFLOW,OECD.ENV.EPI:DSD_AIR_GHG@DF_AIR_GHG(1.0),Air emissions - Greenhouse gas emissions Inventories,I,NAM,Namibia,A,Annual,GHG,Greenhouse gases,_T,Total emissions excluding LULUCF,T_CO2E,Tonnes of CO2-equivalent,2021,,10586.124983979,,A,Normal value,3,Thousands,,,,,2,Two,,
DATAFLOW,OECD.ENV.EPI:DSD_AIR_GHG@DF_AIR_GHG(1.0),Air emissions - Greenhouse gas emissions Inventories,I,NPL,Nepal,A,Annual,GHG,Greenhouse gases,_T,Total emissions excluding LULUCF,T_CO2E,Tonnes of CO2-equivalent,2021,,57325.73777811,,A,Normal value,3,Thousands,,,,,2,Two,,
DATAFLOW,OECD.ENV.EPI:DSD_AIR_GHG@DF_AIR_GHG(1.0),Air emissions - Greenhouse gas emissions Inventories,I,NGA,Nigeria,A,Annual,GHG,Greenhouse gases,_T,Total emissions excluding LULUCF,T_CO2E,Tonnes of CO2-equivalent,2021,,321584.87605311,,A,Normal value,3,Thousands,,,,,2,Two,,
DATAFLOW,OECD.ENV.EPI:DSD_AIR_GHG@DF_AIR_GHG(1.0),Air emissions - Greenhouse gas emissions Inventories,I,PAN,Panama,A,Annual,GHG,Greenhouse gases,_T,Total emissions excluding LULUCF,T_CO2E,Tonnes of CO2-equivalent,2021,,20519.539176385,,A,Normal value,3,Thousands,,,,,2,Two,,
DATAFLOW,OECD.ENV.EPI:DSD_AIR_GHG@DF_AIR_GHG(1.0),Air emissions - Greenhouse gas emissions Inventories,I,PER,Peru,A,Annual,GHG,Greenhouse gases,_T,Total emissions excluding LULUCF,T_CO2E,Tonnes of CO2-equivalent,2021,,110103.83775439,,A,Normal value,3,Thousands,,,,,2,Two,,
DATAFLOW,OECD.ENV.EPI:DSD_AIR_GHG@DF_AIR_GHG(1.0),Air emissions - Greenhouse gas emissions Inventories,I,ROU,Romania,A,Annual,GHG,Greenhouse gases,_T,Total emissions excluding LULUCF,T_CO2E,Tonnes of CO2-equivalent,2021,,105550.9156244,,A,Normal value,3,Thousands,,,,,2,Two,,
DATAFLOW,OECD.ENV.EPI:DSD_AIR_GHG@DF_AIR_GHG(1.0),Air emissions - Greenhouse gas emissions Inventories,I,RWA,Rwanda,A,Annual,GHG,Greenhouse gases,_T,Total emissions excluding LULUCF,T_CO2E,Tonnes of CO2-equivalent,2021,,11876.554400247,,A,Normal value,3,Thousands,,,,,2,Two,,
DATAFLOW,OECD.ENV.EPI:DSD_AIR_GHG@DF_AIR_GHG(1.0),Air emissions - Greenhouse gas emissions Inventories,I,SAU,Saudi Arabia,A,Annual,GHG,Greenhouse gases,_T,Total emissions excluding LULUCF,T_CO2E,Tonnes of CO2-equivalent,2021,,716119.44563491,,A,Normal value,3,Thousands,,,,,2,Two,,
DATAFLOW,OECD.ENV.EPI:DSD_AIR_GHG@DF_AIR_GHG(1.0),Air emissions - Greenhouse gas emissions Inventories,I,SRB,Serbia,A,Annual,GHG,Greenhouse gases,_T,Total emissions excluding LULUCF,T_CO2E,Tonnes of CO2-equivalent,2021,,61934.065433248,,A,Normal value,3,Thousands,,,,,2,Two,,
DATAFLOW,OECD.ENV.EPI:DSD_AIR_GHG@DF_AIR_GHG(1.0),Air emissions - Greenhouse gas emissions Inventories,I,SGP,Singapore,A,Annual,GHG,Greenhouse gases,_T,Total emissions excluding LULUCF,T_CO2E,Tonnes of CO2-equivalent,2021,,58253.466158768,,A,Normal value,3,Thousands,,,,,2,Two,,
DATAFLOW,OECD.ENV.EPI:DSD_AIR_GHG@DF_AIR_GHG(1.0),Air emissions - Greenhouse gas emissions Inventories,I,SLB,Solomon Islands,A,Annual,GHG,Greenhouse gases,_T,Total emissions excluding LULUCF,T_CO2E,Tonnes of CO2-equivalent,2021,,617.45110576634,,A,Normal value,3,Thousands,,,,,2,Two,,
DATAFLOW,OECD.ENV.EPI:DSD_AIR_GHG@DF_AIR_GHG(1.0),Air emissions - Greenhouse gas emissions Inventories,I,ZAF,South Africa,A,Annual,GHG,Greenhouse gases,_T,Total emissions excluding LULUCF,T_CO2E,Tonnes of CO2-equivalent,2021,,485371.74180638,,A,Normal value,3,Thousands,,,,,2,Two,,
DATAFLOW,OECD.ENV.EPI:DSD_AIR_GHG@DF_AIR_GHG(1.0),Air emissions - Greenhouse gas emissions Inventories,I,THA,Thailand,A,Annual,GHG,Greenhouse gases,_T,Total emissions excluding LULUCF,T_CO2E,Tonnes of CO2-equivalent,2021,,365786.20303683,,A,Normal value,3,Thousands,,,,,2,Two,,
DATAFLOW,OECD.ENV.EPI:DSD_AIR_GHG@DF_AIR_GHG(1.0),Air emissions - Greenhouse gas emissions Inventories,I,UKR,Ukraine,A,Annual,GHG,Greenhouse gases,_T,Total emissions excluding LULUCF,T_CO2E,Tonnes of CO2-equivalent,2021,,333668.55944594,,A,Normal value,3,Thousands,,,,,2,Two,,
DATAFLOW,OECD.ENV.EPI:DSD_AIR_GHG@DF_AIR_GHG(1.0),Air emissions - Greenhouse gas emissions Inventories,I,URY,Uruguay,A,Annual,GHG,Greenhouse gases,_T,Total emissions excluding LULUCF,T_CO2E,Tonnes of CO2-equivalent,2021,,39136.577107481,,A,Normal value,3,Thousands,,,,,2,Two,,
DATAFLOW,OECD.ENV.EPI:DSD_AIR_GHG@DF_AIR_GHG(1.0),Air emissions - Greenhouse gas emissions Inventories,I,UZB,Uzbekistan,A,Annual,GHG,Greenhouse gases,_T,Total emissions excluding LULUCF,T_CO2E,Tonnes of CO2-equivalent,2021,,212177.64471203,,A,Normal value,3,Thousands,,,,,2,Two,,
DATAFLOW,OECD.ENV.EPI:DSD_AIR_GHG@DF_AIR_GHG(1.0),Air emissions - Greenhouse gas emissions Inventories,I,VEN,Venezuela,A,Annual,GHG,Greenhouse gases,_T,Total emissions excluding LULUCF,T_CO2E,Tonnes of CO2-equivalent,2021,,214075.98052292,,A,Normal value,3,Thousands,,,,,2,Two,,
DATAFLOW,OECD.ENV.EPI:DSD_AIR_GHG@DF_AIR_GHG(1.0),Air emissions - Greenhouse gas emissions Inventories,I,ZWE,Zimbabwe,A,Annual,GHG,Greenhouse gases,_T,Total emissions excluding LULUCF,T_CO2E,Tonnes of CO2-equivalent,2021,,29372.558950621,,A,Normal value,3,Thousands,,,,,2,Two,,
DATAFLOW,OECD.ENV.EPI:DSD_AIR_GHG@DF_AIR_GHG(1.0),Air emissions - Greenhouse gas emissions Inventories,I,AUS,Australia,A,Annual,CO2,Carbon dioxide,_T,Total emissions excluding LULUCF,T_CO2E,Tonnes of CO2-equivalent,2022,,387745.28215418,,A,Normal value,3,Thousands,,,,,2,Two,,
DATAFLOW,OECD.ENV.EPI:DSD_AIR_GHG@DF_AIR_GHG(1.0),Air emissions - Greenhouse gas emissions Inventories,I,AUT,Austria,A,Annual,CO2,Carbon dioxide,_T,Total emissions excluding LULUCF,T_CO2E,Tonnes of CO2-equivalent,2022,,61214.06130328,,A,Normal value,3,Thousands,,,,,2,Two,,
DATAFLOW,OECD.ENV.EPI:DSD_AIR_GHG@DF_AIR_GHG(1.0),Air emissions - Greenhouse gas emissions Inventories,I,BEL,Belgium,A,Annual,CO2,Carbon dioxide,_T,Total emissions excluding LULUCF,T_CO2E,Tonnes of CO2-equivalent,2022,,88859.152736686,,A,Normal value,3,Thousands,,,,,2,Two,,
DATAFLOW,OECD.ENV.EPI:DSD_AIR_GHG@DF_AIR_GHG(1.0),Air emissions - Greenhouse gas emissions Inventories,I,CAN,Canada,A,Annual,CO2,Carbon dioxide,_T,Total emissions excluding LULUCF,T_CO2E,Tonnes of CO2-equivalent,2022,,545727.2166574,,A,Normal value,3,Thousands,,,,,2,Two,,
DATAFLOW,OECD.ENV.EPI:DSD_AIR_GHG@DF_AIR_GHG(1.0),Air emissions - Greenhouse gas emissions Inventories,I,CHL,Chile,A,Annual,CO2,Carbon dioxide,_T,Total emissions excluding LULUCF,T_CO2E,Tonnes of CO2-equivalent,2022,,84299.67,,A,Normal value,3,Thousands,,,,,2,Two,,
DATAFLOW,OECD.ENV.EPI:DSD_AIR_GHG@DF_AIR_GHG(1.0),Air emissions - Greenhouse gas emissions Inventories,I,CZE,Czechia,A,Annual,CO2,Carbon dioxide,_T,Total emissions excluding LULUCF,T_CO2E,Tonnes of CO2-equivalent,2022,,95069.665835223,,A,Normal value,3,Thousands,,,,,2,Two,,
DATAFLOW,OECD.ENV.EPI:DSD_AIR_GHG@DF_AIR_GHG(1.0),Air emissions - Greenhouse gas emissions Inventories,I,DNK,Denmark,A,Annual,CO2,Carbon dioxide,_T,Total emissions excluding LULUCF,T_CO2E,Tonnes of CO2-equivalent,2022,,29769.946608405,,A,Normal value,3,Thousands,,,,,2,Two,,
DATAFLOW,OECD.ENV.EPI:DSD_AIR_GHG@DF_AIR_GHG(1.0),Air emissions - Greenhouse gas emissions Inventories,I,EST,Estonia,A,Annual,CO2,Carbon dioxide,_T,Total emissions excluding LULUCF,T_CO2E,Tonnes of CO2-equivalent,2022,,11971.488702266,,A,Normal value,3,Thousands,,,,,2,Two,,
DATAFLOW,OECD.ENV.EPI:DSD_AIR_GHG@DF_AIR_GHG(1.0),Air emissions - Greenhouse gas emissions Inventories,I,FIN,Finland,A,Annual,CO2,Carbon dioxide,_T,Total emissions excluding LULUCF,T_CO2E,Tonnes of CO2-equivalent,2022,,36332.846951153,,A,Normal value,3,Thousands,,,,,2,Two,,
DATAFLOW,OECD.ENV.EPI:DSD_AIR_GHG@DF_AIR_GHG(1.0),Air emissions - Greenhouse gas emissions Inventories,I,FRA,France,A,Annual,CO2,Carbon dioxide,_T,Total emissions excluding LULUCF,T_CO2E,Tonnes of CO2-equivalent,2022,,309925.94392392,,A,Normal value,3,Thousands,,,,,2,Two,,
DATAFLOW,OECD.ENV.EPI:DSD_AIR_GHG@DF_AIR_GHG(1.0),Air emissions - Greenhouse gas emissions Inventories,I,DEU,Germany,A,Annual,CO2,Carbon dioxide,_T,Total emissions excluding LULUCF,T_CO2E,Tonnes of CO2-equivalent,2022,,670016.66381195,,A,Normal value,3,Thousands,,,,,2,Two,,
DATAFLOW,OECD.ENV.EPI:DSD_AIR_GHG@DF_AIR_GHG(1.0),Air emissions - Greenhouse gas emissions Inventories,I,GRC,Greece,A,Annual,CO2,Carbon dioxide,_T,Total emissions excluding LULUCF,T_CO2E,Tonnes of CO2-equivalent,2022,,57580.70826342,,A,Normal value,3,Thousands,,,,,2,Two,,
DATAFLOW,OECD.ENV.EPI:DSD_AIR_GHG@DF_AIR_GHG(1.0),Air emissions - Greenhouse gas emissions Inventories,I,HUN,Hungary,A,Annual,CO2,Carbon dioxide,_T,Total emissions excluding LULUCF,T_CO2E,Tonnes of CO2-equivalent,2022,,45266.092531808,,A,Normal value,3,Thousands,,,,,2,Two,,
DATAFLOW,OECD.ENV.EPI:DSD_AIR_GHG@DF_AIR_GHG(1.0),Air emissions - Greenhouse gas emissions Inventories,I,ISL,Iceland,A,Annual,CO2,Carbon dioxide,_T,Total emissions excluding LULUCF,T_CO2E,Tonnes of CO2-equivalent,2022,,3597.2180057542,,A,Normal value,3,Thousands,,,,,2,Two,,
DATAFLOW,OECD.ENV.EPI:DSD_AIR_GHG@DF_AIR_GHG(1.0),Air emissions - Greenhouse gas emissions Inventories,I,IRL,Ireland,A,Annual,CO2,Carbon dioxide,_T,Total emissions excluding LULUCF,T_CO2E,Tonnes of CO2-equivalent,2022,,36518.002949455,,A,Normal value,3,Thousands,,,,,2,Two,,
DATAFLOW,OECD.ENV.EPI:DSD_AIR_GHG@DF_AIR_GHG(1.0),Air emissions - Greenhouse gas emissions Inventories,I,ISR,Israel,A,Annual,CO2,Carbon dioxide,_T,Total emissions excluding LULUCF,T_CO2E,Tonnes of CO2-equivalent,2022,,64505.59,,A,Normal value,3,Thousands,,,,,2,Two,,
DATAFLOW,OECD.ENV.EPI:DSD_AIR_GHG@DF_AIR_GHG(1.0),Air emissions - Greenhouse gas emissions Inventories,I,ITA,Italy,A,Annual,CO2,Carbon dioxide,_T,Total emissions excluding LULUCF,T_CO2E,Tonnes of CO2-equivalent,2022,,336796.27854178,,A,Normal value,3,Thousands,,,,,2,Two,,
DATAFLOW,OECD.ENV.EPI:DSD_AIR_GHG@DF_AIR_GHG(1.0),Air emissions - Greenhouse gas emissions Inventories,I,JPN,Japan,A,Annual,CO2,Carbon dioxide,_T,Total emissions excluding LULUCF,T_CO2E,Tonnes of CO2-equivalent,2022,,1027558.7153121,,A,Normal value,3,Thousands,,,,,2,Two,,
DATAFLOW,OECD.ENV.EPI:DSD_AIR_GHG@DF_AIR_GHG(1.0),Air emissions - Greenhouse gas emissions Inventories,I,KOR,Korea,A,Annual,CO2,Carbon dioxide,_T,Total emissions excluding LULUCF,T_CO2E,Tonnes of CO2-equivalent,2022,,633764.79,,A,Normal value,3,Thousands,,,,,2,Two,,
DATAFLOW,OECD.ENV.EPI:DSD_AIR_GHG@DF_AIR_GHG(1.0),Air emissions - Greenhouse gas emissions Inventories,I,LVA,Latvia,A,Annual,CO2,Carbon dioxide,_T,Total emissions excluding LULUCF,T_CO2E,Tonnes of CO2-equivalent,2022,,6609.5433587057,,A,Normal value,3,Thousands,,,,,2,Two,,
DATAFLOW,OECD.ENV.EPI:DSD_AIR_GHG@DF_AIR_GHG(1.0),Air emissions - Greenhouse gas emissions Inventories,I,LTU,Lithuania,A,Annual,CO2,Carbon dioxide,_T,Total emissions excluding LULUCF,T_CO2E,Tonnes of CO2-equivalent,2022,,12868.971967164,,A,Normal value,3,Thousands,,,,,2,Two,,
DATAFLOW,OECD.ENV.EPI:DSD_AIR_GHG@DF_AIR_GHG(1.0),Air emissions - Greenhouse gas emissions Inventories,I,LUX,Luxembourg,A,Annual,CO2,Carbon dioxide,_T,Total emissions excluding LULUCF,T_CO2E,Tonnes of CO2-equivalent,2022,,7268.6027858518,,A,Normal value,3,Thousands,,,,,2,Two,,
DATAFLOW,OECD.ENV.EPI:DSD_AIR_GHG@DF_AIR_GHG(1.0),Air emissions - Greenhouse gas emissions Inventories,I,MEX,Mexico,A,Annual,CO2,Carbon dioxide,_T,Total emissions excluding LULUCF,T_CO2E,Tonnes of CO2-equivalent,2022,,342173.27,,A,Normal value,3,Thousands,,,,,2,Two,,
DATAFLOW,OECD.ENV.EPI:DSD_AIR_GHG@DF_AIR_GHG(1.0),Air emissions - Greenhouse gas emissions Inventories,I,NLD,Netherlands,A,Annual,CO2,Carbon dioxide,_T,Total emissions excluding LULUCF,T_CO2E,Tonnes of CO2-equivalent,2022,,126622.43823765,,A,Normal value,3,Thousands,,,,,2,Two,,
DATAFLOW,OECD.ENV.EPI:DSD_AIR_GHG@DF_AIR_GHG(1.0),Air emissions - Greenhouse gas emissions Inventories,I,NZL,New Zealand,A,Annual,CO2,Carbon dioxide,_T,Total emissions excluding LULUCF,T_CO2E,Tonnes of CO2-equivalent,2022,,31886.97450078,,A,Normal value,3,Thousands,,,,,2,Two,,
DATAFLOW,OECD.ENV.EPI:DSD_AIR_GHG@DF_AIR_GHG(1.0),Air emissions - Greenhouse gas emissions Inventories,I,NOR,Norway,A,Annual,CO2,Carbon dioxide,_T,Total emissions excluding LULUCF,T_CO2E,Tonnes of CO2-equivalent,2022,,40570.711256766,,A,Normal value,3,Thousands,,,,,2,Two,,
DATAFLOW,OECD.ENV.EPI:DSD_AIR_GHG@DF_AIR_GHG(1.0),Air emissions - Greenhouse gas emissions Inventories,I,POL,Poland,A,Annual,CO2,Carbon dioxide,_T,Total emissions excluding LULUCF,T_CO2E,Tonnes of CO2-equivalent,2022,,314718.49676332,,A,Normal value,3,Thousands,,,,,2,Two,,
DATAFLOW,OECD.ENV.EPI:DSD_AIR_GHG@DF_AIR_GHG(1.0),Air emissions - Greenhouse gas emissions Inventories,I,PRT,Portugal,A,Annual,CO2,Carbon dioxide,_T,Total emissions excluding LULUCF,T_CO2E,Tonnes of CO2-equivalent,2022,,40590.911823473,,A,Normal value,3,Thousands,,,,,2,Two,,
DATAFLOW,OECD.ENV.EPI:DSD_AIR_GHG@DF_AIR_GHG(1.0),Air emissions - Greenhouse gas emissions Inventories,I,SVK,Slovak Republic,A,Annual,CO2,Carbon dioxide,_T,Total emissions excluding LULUCF,T_CO2E,Tonnes of CO2-equivalent,2022,,31546.510483038,,A,Normal value,3,Thousands,,,,,2,Two,,
DATAFLOW,OECD.ENV.EPI:DSD_AIR_GHG@DF_AIR_GHG(1.0),Air emissions - Greenhouse gas emissions Inventories,I,SVN,Slovenia,A,Annual,CO2,Carbon dioxide,_T,Total emissions excluding LULUCF,T_CO2E,Tonnes of CO2-equivalent,2022,,12723.362651048,,A,Normal value,3,Thousands,,,,,2,Two,,
DATAFLOW,OECD.ENV.EPI:DSD_AIR_GHG@DF_AIR_GHG(1.0),Air emissions - Greenhouse gas emissions Inventories,I,ESP,Spain,A,Annual,CO2,Carbon dioxide,_T,Total emissions excluding LULUCF,T_CO2E,Tonnes of CO2-equivalent,2022,,230964.19410114,,A,Normal value,3,Thousands,,,,,2,Two,,
DATAFLOW,OECD.ENV.EPI:DSD_AIR_GHG@DF_AIR_GHG(1.0),Air emissions - Greenhouse gas emissions Inventories,I,SWE,Sweden,A,Annual,CO2,Carbon dioxide,_T,Total emissions excluding LULUCF,T_CO2E,Tonnes of CO2-equivalent,2022,,36073.148939113,,A,Normal value,3,Thousands,,,,,2,Two,,
DATAFLOW,OECD.ENV.EPI:DSD_AIR_GHG@DF_AIR_GHG(1.0),Air emissions - Greenhouse gas emissions Inventories,I,CHE,Switzerland,A,Annual,CO2,Carbon dioxide,_T,Total emissions excluding LULUCF,T_CO2E,Tonnes of CO2-equivalent,2022,,32965.665019429,,A,Normal value,3,Thousands,,,,,2,Two,,
DATAFLOW,OECD.ENV.EPI:DSD_AIR_GHG@DF_AIR_GHG(1.0),Air emissions - Greenhouse gas emissions Inventories,I,TUR,Türkiye,A,Annual,CO2,Carbon dioxide,_T,Total emissions excluding LULUCF,T_CO2E,Tonnes of CO2-equivalent,2022,,445117.53026321,,A,Normal value,3,Thousands,,,,,2,Two,,
DATAFLOW,OECD.ENV.EPI:DSD_AIR_GHG@DF_AIR_GHG(1.0),Air emissions - Greenhouse gas emissions Inventories,I,GBR,United Kingdom,A,Annual,CO2,Carbon dioxide,_T,Total emissions excluding LULUCF,T_CO2E,Tonnes of CO2-equivalent,2022,,326468.42838638,,A,Normal value,3,Thousands,,,,,2,Two,,
DATAFLOW,OECD.ENV.EPI:DSD_AIR_GHG@DF_AIR_GHG(1.0),Air emissions - Greenhouse gas emissions Inventories,I,USA,United States,A,Annual,CO2,Carbon dioxide,_T,Total emissions excluding LULUCF,T_CO2E,Tonnes of CO2-equivalent,2022,,5053018.69,,A,Normal value,3,Thousands,,,,,2,Two,,
DATAFLOW,OECD.ENV.EPI:DSD_AIR_GHG@DF_AIR_GHG(1.0),Air emissions - Greenhouse gas emissions Inventories,I,EU27_2020,European Union (27 countries from 01/02/2020),A,Annual,CO2,Carbon dioxide,_T,Total emissions excluding LULUCF,T_CO2E,Tonnes of CO2-equivalent,2022,,2487331.2146356,,A,Normal value,3,Thousands,,,,,2,Two,,
DATAFLOW,OECD.ENV.EPI:DSD_AIR_GHG@DF_AIR_GHG(1.0),Air emissions - Greenhouse gas emissions Inventories,I,DZA,Algeria,A,Annual,CO2,Carbon dioxide,_T,Total emissions excluding LULUCF,T_CO2E,Tonnes of CO2-equivalent,2022,,192740.16217631,,A,Normal value,3,Thousands,,,,,2,Two,,
DATAFLOW,OECD.ENV.EPI:DSD_AIR_GHG@DF_AIR_GHG(1.0),Air emissions - Greenhouse gas emissions Inventories,I,ARG,Argentina,A,Annual,CO2,Carbon dioxide,_T,Total emissions excluding LULUCF,T_CO2E,Tonnes of CO2-equivalent,2022,,192413.0787317,,A,Normal value,3,Thousands,,,,,2,Two,,
DATAFLOW,OECD.ENV.EPI:DSD_AIR_GHG@DF_AIR_GHG(1.0),Air emissions - Greenhouse gas emissions Inventories,I,AZE,Azerbaijan,A,Annual,CO2,Carbon dioxide,_T,Total emissions excluding LULUCF,T_CO2E,Tonnes of CO2-equivalent,2022,,46695.822010812,,A,Normal value,3,Thousands,,,,,2,Two,,
DATAFLOW,OECD.ENV.EPI:DSD_AIR_GHG@DF_AIR_GHG(1.0),Air emissions - Greenhouse gas emissions Inventories,I,BTN,Bhutan,A,Annual,CO2,Carbon dioxide,_T,Total emissions excluding LULUCF,T_CO2E,Tonnes of CO2-equivalent,2022,,1225.112833262,,A,Normal value,3,Thousands,,,,,2,Two,,
DATAFLOW,OECD.ENV.EPI:DSD_AIR_GHG@DF_AIR_GHG(1.0),Air emissions - Greenhouse gas emissions Inventories,I,BRA,Brazil,A,Annual,CO2,Carbon dioxide,_T,Total emissions excluding LULUCF,T_CO2E,Tonnes of CO2-equivalent,2022,,514664.54488492,,A,Normal value,3,Thousands,,,,,2,Two,,
DATAFLOW,OECD.ENV.EPI:DSD_AIR_GHG@DF_AIR_GHG(1.0),Air emissions - Greenhouse gas emissions Inventories,I,BRN,Brunei Darussalam,A,Annual,CO2,Carbon dioxide,_T,Total emissions excluding LULUCF,T_CO2E,Tonnes of CO2-equivalent,2022,,12666.879409372,,A,Normal value,3,Thousands,,,,,2,Two,,
DATAFLOW,OECD.ENV.EPI:DSD_AIR_GHG@DF_AIR_GHG(1.0),Air emissions - Greenhouse gas emissions Inventories,I,BGR,Bulgaria,A,Annual,CO2,Carbon dioxide,_T,Total emissions excluding LULUCF,T_CO2E,Tonnes of CO2-equivalent,2022,,46931.697857275,,A,Normal value,3,Thousands,,,,,2,Two,,
DATAFLOW,OECD.ENV.EPI:DSD_AIR_GHG@DF_AIR_GHG(1.0),Air emissions - Greenhouse gas emissions Inventories,I,CIV,Côte d’Ivoire,A,Annual,CO2,Carbon dioxide,_T,Total emissions excluding LULUCF,T_CO2E,Tonnes of CO2-equivalent,2022,,30943.201886172,,A,Normal value,3,Thousands,,,,,2,Two,,
DATAFLOW,OECD.ENV.EPI:DSD_AIR_GHG@DF_AIR_GHG(1.0),Air emissions - Greenhouse gas emissions Inventories,I,HRV,Croatia,A,Annual,CO2,Carbon dioxide,_T,Total emissions excluding LULUCF,T_CO2E,Tonnes of CO2-equivalent,2022,,17585.164084932,,A,Normal value,3,Thousands,,,,,2,Two,,
DATAFLOW,OECD.ENV.EPI:DSD_AIR_GHG@DF_AIR_GHG(1.0),Air emissions - Greenhouse gas emissions Inventories,I,CUB,Cuba,A,Annual,CO2,Carbon dioxide,_T,Total emissions excluding LULUCF,T_CO2E,Tonnes of CO2-equivalent,2022,,26668.381402959,,A,Normal value,3,Thousands,,,,,2,Two,,
DATAFLOW,OECD.ENV.EPI:DSD_AIR_GHG@DF_AIR_GHG(1.0),Air emissions - Greenhouse gas emissions Inventories,I,CYP,Cyprus,A,Annual,CO2,Carbon dioxide,_T,Total emissions excluding LULUCF,T_CO2E,Tonnes of CO2-equivalent,2022,,7090.2112526057,,A,Normal value,3,Thousands,,,,,2,Two,,
DATAFLOW,OECD.ENV.EPI:DSD_AIR_GHG@DF_AIR_GHG(1.0),Air emissions - Greenhouse gas emissions Inventories,I,EGY,Egypt,A,Annual,CO2,Carbon dioxide,_T,Total emissions excluding LULUCF,T_CO2E,Tonnes of CO2-equivalent,2022,,293109.24106474,,A,Normal value,3,Thousands,,,,,2,Two,,
DATAFLOW,OECD.ENV.EPI:DSD_AIR_GHG@DF_AIR_GHG(1.0),Air emissions - Greenhouse gas emissions Inventories,I,GEO,Georgia,A,Annual,CO2,Carbon dioxide,_T,Total emissions excluding LULUCF,T_CO2E,Tonnes of CO2-equivalent,2022,,12827.003560705,,A,Normal value,3,Thousands,,,,,2,Two,,
DATAFLOW,OECD.ENV.EPI:DSD_AIR_GHG@DF_AIR_GHG(1.0),Air emissions - Greenhouse gas emissions Inventories,I,GHA,Ghana,A,Annual,CO2,Carbon dioxide,_T,Total emissions excluding LULUCF,T_CO2E,Tonnes of CO2-equivalent,2022,,22094.935701204,,A,Normal value,3,Thousands,,,,,2,Two,,
DATAFLOW,OECD.ENV.EPI:DSD_AIR_GHG@DF_AIR_GHG(1.0),Air emissions - Greenhouse gas emissions Inventories,I,GTM,Guatemala,A,Annual,CO2,Carbon dioxide,_T,Total emissions excluding LULUCF,T_CO2E,Tonnes of CO2-equivalent,2022,,20432.976468921,,A,Normal value,3,Thousands,,,,,2,Two,,
DATAFLOW,OECD.ENV.EPI:DSD_AIR_GHG@DF_AIR_GHG(1.0),Air emissions - Greenhouse gas emissions Inventories,I,GNB,Guinea-Bissau,A,Annual,CO2,Carbon dioxide,_T,Total emissions excluding LULUCF,T_CO2E,Tonnes of CO2-equivalent,2022,,315.617693872,,A,Normal value,3,Thousands,,,,,2,Two,,
DATAFLOW,OECD.ENV.EPI:DSD_AIR_GHG@DF_AIR_GHG(1.0),Air emissions - Greenhouse gas emissions Inventories,I,GUY,Guyana,A,Annual,CO2,Carbon dioxide,_T,Total emissions excluding LULUCF,T_CO2E,Tonnes of CO2-equivalent,2022,,3905.3886301552,,A,Normal value,3,Thousands,,,,,2,Two,,
DATAFLOW,OECD.ENV.EPI:DSD_AIR_GHG@DF_AIR_GHG(1.0),Air emissions - Greenhouse gas emissions Inventories,I,VAT,Holy See,A,Annual,CO2,Carbon dioxide,_T,Total emissions excluding LULUCF,T_CO2E,Tonnes of CO2-equivalent,2022,,14.603127893906,,A,Normal value,3,Thousands,,,,,2,Two,,
DATAFLOW,OECD.ENV.EPI:DSD_AIR_GHG@DF_AIR_GHG(1.0),Air emissions - Greenhouse gas emissions Inventories,I,IND,India,A,Annual,CO2,Carbon dioxide,_T,Total emissions excluding LULUCF,T_CO2E,Tonnes of CO2-equivalent,2022,,2678327.1842132,,A,Normal value,3,Thousands,,,,,2,Two,,
DATAFLOW,OECD.ENV.EPI:DSD_AIR_GHG@DF_AIR_GHG(1.0),Air emissions - Greenhouse gas emissions Inventories,I,IDN,Indonesia,A,Annual,CO2,Carbon dioxide,_T,Total emissions excluding LULUCF,T_CO2E,Tonnes of CO2-equivalent,2022,,777299.21490685,,A,Normal value,3,Thousands,,,,,2,Two,,
DATAFLOW,OECD.ENV.EPI:DSD_AIR_GHG@DF_AIR_GHG(1.0),Air emissions - Greenhouse gas emissions Inventories,I,KAZ,Kazakhstan,A,Annual,CO2,Carbon dioxide,_T,Total emissions excluding LULUCF,T_CO2E,Tonnes of CO2-equivalent,2022,,282116.87138487,,A,Normal value,3,Thousands,,,,,2,Two,,
DATAFLOW,OECD.ENV.EPI:DSD_AIR_GHG@DF_AIR_GHG(1.0),Air emissions - Greenhouse gas emissions Inventories,I,KEN,Kenya,A,Annual,CO2,Carbon dioxide,_T,Total emissions excluding LULUCF,T_CO2E,Tonnes of CO2-equivalent,2022,,20267.850632633,,A,Normal value,3,Thousands,,,,,2,Two,,
DATAFLOW,OECD.ENV.EPI:DSD_AIR_GHG@DF_AIR_GHG(1.0),Air emissions - Greenhouse gas emissions Inventories,I,LBN,Lebanon,A,Annual,CO2,Carbon dioxide,_T,Total emissions excluding LULUCF,T_CO2E,Tonnes of CO2-equivalent,2022,,16528.854507207,,A,Normal value,3,Thousands,,,,,2,Two,,
DATAFLOW,OECD.ENV.EPI:DSD_AIR_GHG@DF_AIR_GHG(1.0),Air emissions - Greenhouse gas emissions Inventories,I,LIE,Liechtenstein,A,Annual,CO2,Carbon dioxide,_T,Total emissions excluding LULUCF,T_CO2E,Tonnes of CO2-equivalent,2022,,128.60367905988,,A,Normal value,3,Thousands,,,,,2,Two,,
DATAFLOW,OECD.ENV.EPI:DSD_AIR_GHG@DF_AIR_GHG(1.0),Air emissions - Greenhouse gas emissions Inventories,I,MDV,Maldives,A,Annual,CO2,Carbon dioxide,_T,Total emissions excluding LULUCF,T_CO2E,Tonnes of CO2-equivalent,2022,,2269.0255406876,,A,Normal value,3,Thousands,,,,,2,Two,,
DATAFLOW,OECD.ENV.EPI:DSD_AIR_GHG@DF_AIR_GHG(1.0),Air emissions - Greenhouse gas emissions Inventories,I,MLT,Malta,A,Annual,CO2,Carbon dioxide,_T,Total emissions excluding LULUCF,T_CO2E,Tonnes of CO2-equivalent,2022,,1774.3323201368,,A,Normal value,3,Thousands,,,,,2,Two,,
DATAFLOW,OECD.ENV.EPI:DSD_AIR_GHG@DF_AIR_GHG(1.0),Air emissions - Greenhouse gas emissions Inventories,I,MUS,Mauritius,A,Annual,CO2,Carbon dioxide,_T,Total emissions excluding LULUCF,T_CO2E,Tonnes of CO2-equivalent,2022,,4469.8310996476,,A,Normal value,3,Thousands,,,,,2,Two,,
DATAFLOW,OECD.ENV.EPI:DSD_AIR_GHG@DF_AIR_GHG(1.0),Air emissions - Greenhouse gas emissions Inventories,I,MDA,Moldova,A,Annual,CO2,Carbon dioxide,_T,Total emissions excluding LULUCF,T_CO2E,Tonnes of CO2-equivalent,2022,,9401.1471700496,,A,Normal value,3,Thousands,,,,,2,Two,,
DATAFLOW,OECD.ENV.EPI:DSD_AIR_GHG@DF_AIR_GHG(1.0),Air emissions - Greenhouse gas emissions Inventories,I,MCO,Monaco,A,Annual,CO2,Carbon dioxide,_T,Total emissions excluding LULUCF,T_CO2E,Tonnes of CO2-equivalent,2022,,56.103340816098,,A,Normal value,3,Thousands,,,,,2,Two,,
DATAFLOW,OECD.ENV.EPI:DSD_AIR_GHG@DF_AIR_GHG(1.0),Air emissions - Greenhouse gas emissions Inventories,I,MAR,Morocco,A,Annual,CO2,Carbon dioxide,_T,Total emissions excluding LULUCF,T_CO2E,Tonnes of CO2-equivalent,2022,,72773.886269654,,A,Normal value,3,Thousands,,,,,2,Two,,
DATAFLOW,OECD.ENV.EPI:DSD_AIR_GHG@DF_AIR_GHG(1.0),Air emissions - Greenhouse gas emissions Inventories,I,NAM,Namibia,A,Annual,CO2,Carbon dioxide,_T,Total emissions excluding LULUCF,T_CO2E,Tonnes of CO2-equivalent,2022,,3849.9915253446,,A,Normal value,3,Thousands,,,,,2,Two,,
DATAFLOW,OECD.ENV.EPI:DSD_AIR_GHG@DF_AIR_GHG(1.0),Air emissions - Greenhouse gas emissions Inventories,I,NPL,Nepal,A,Annual,CO2,Carbon dioxide,_T,Total emissions excluding LULUCF,T_CO2E,Tonnes of CO2-equivalent,2022,,18547.884972939,,A,Normal value,3,Thousands,,,,,2,Two,,
DATAFLOW,OECD.ENV.EPI:DSD_AIR_GHG@DF_AIR_GHG(1.0),Air emissions - Greenhouse gas emissions Inventories,I,NGA,Nigeria,A,Annual,CO2,Carbon dioxide,_T,Total emissions excluding LULUCF,T_CO2E,Tonnes of CO2-equivalent,2022,,136684.52421074,,A,Normal value,3,Thousands,,,,,2,Two,,
DATAFLOW,OECD.ENV.EPI:DSD_AIR_GHG@DF_AIR_GHG(1.0),Air emissions - Greenhouse gas emissions Inventories,I,ROU,Romania,A,Annual,CO2,Carbon dioxide,_T,Total emissions excluding LULUCF,T_CO2E,Tonnes of CO2-equivalent,2022,,68414.966007424,,A,Normal value,3,Thousands,,,,,2,Two,,
DATAFLOW,OECD.ENV.EPI:DSD_AIR_GHG@DF_AIR_GHG(1.0),Air emissions - Greenhouse gas emissions Inventories,I,RWA,Rwanda,A,Annual,CO2,Carbon dioxide,_T,Total emissions excluding LULUCF,T_CO2E,Tonnes of CO2-equivalent,2022,,-2177.7299408748,,A,Normal value,3,Thousands,,,,,2,Two,,
DATAFLOW,OECD.ENV.EPI:DSD_AIR_GHG@DF_AIR_GHG(1.0),Air emissions - Greenhouse gas emissions Inventories,I,SRB,Serbia,A,Annual,CO2,Carbon dioxide,_T,Total emissions excluding LULUCF,T_CO2E,Tonnes of CO2-equivalent,2022,,51070.48285713,,A,Normal value,3,Thousands,,,,,2,Two,,
DATAFLOW,OECD.ENV.EPI:DSD_AIR_GHG@DF_AIR_GHG(1.0),Air emissions - Greenhouse gas emissions Inventories,I,SGP,Singapore,A,Annual,CO2,Carbon dioxide,_T,Total emissions excluding LULUCF,T_CO2E,Tonnes of CO2-equivalent,2022,,50374.89948032,,A,Normal value,3,Thousands,,,,,2,Two,,
DATAFLOW,OECD.ENV.EPI:DSD_AIR_GHG@DF_AIR_GHG(1.0),Air emissions - Greenhouse gas emissions Inventories,I,SLB,Solomon Islands,A,Annual,CO2,Carbon dioxide,_T,Total emissions excluding LULUCF,T_CO2E,Tonnes of CO2-equivalent,2022,,-31436.238208068,,A,Normal value,3,Thousands,,,,,2,Two,,
DATAFLOW,OECD.ENV.EPI:DSD_AIR_GHG@DF_AIR_GHG(1.0),Air emissions - Greenhouse gas emissions Inventories,I,ZAF,South Africa,A,Annual,CO2,Carbon dioxide,_T,Total emissions excluding LULUCF,T_CO2E,Tonnes of CO2-equivalent,2022,,392099.57772641,,A,Normal value,3,Thousands,,,,,2,Two,,
DATAFLOW,OECD.ENV.EPI:DSD_AIR_GHG@DF_AIR_GHG(1.0),Air emissions - Greenhouse gas emissions Inventories,I,THA,Thailand,A,Annual,CO2,Carbon dioxide,_T,Total emissions excluding LULUCF,T_CO2E,Tonnes of CO2-equivalent,2022,,271125.86922787,,A,Normal value,3,Thousands,,,,,2,Two,,
DATAFLOW,OECD.ENV.EPI:DSD_AIR_GHG@DF_AIR_GHG(1.0),Air emissions - Greenhouse gas emissions Inventories,I,UKR,Ukraine,A,Annual,CO2,Carbon dioxide,_T,Total emissions excluding LULUCF,T_CO2E,Tonnes of CO2-equivalent,2022,,143039.8688397,,A,Normal value,3,Thousands,,,,,2,Two,,
DATAFLOW,OECD.ENV.EPI:DSD_AIR_GHG@DF_AIR_GHG(1.0),Air emissions - Greenhouse gas emissions Inventories,I,URY,Uruguay,A,Annual,CO2,Carbon dioxide,_T,Total emissions excluding LULUCF,T_CO2E,Tonnes of CO2-equivalent,2022,,7873.0597485585,,A,Normal value,3,Thousands,,,,,2,Two,,
DATAFLOW,OECD.ENV.EPI:DSD_AIR_GHG@DF_AIR_GHG(1.0),Air emissions - Greenhouse gas emissions Inventories,I,UZB,Uzbekistan,A,Annual,CO2,Carbon dioxide,_T,Total emissions excluding LULUCF,T_CO2E,Tonnes of CO2-equivalent,2022,,135546.55387043,,A,Normal value,3,Thousands,,,,,2,Two,,
DATAFLOW,OECD.ENV.EPI:DSD_AIR_GHG@DF_AIR_GHG(1.0),Air emissions - Greenhouse gas emissions Inventories,I,VEN,Venezuela,A,Annual,CO2,Carbon dioxide,_T,Total emissions excluding LULUCF,T_CO2E,Tonnes of CO2-equivalent,2022,,98908.53970323,,A,Normal value,3,Thousands,,,,,2,Two,,
DATAFLOW,OECD.ENV.EPI:DSD_AIR_GHG@DF_AIR_GHG(1.0),Air emissions - Greenhouse gas emissions Inventories,I,ZWE,Zimbabwe,A,Annual,CO2,Carbon dioxide,_T,Total emissions excluding LULUCF,T_CO2E,Tonnes of CO2-equivalent,2022,,12436.838997568,,A,Normal value,3,Thousands,,,,,2,Two,,
DATAFLOW,OECD.ENV.EPI:DSD_AIR_GHG@DF_AIR_GHG(1.0),Air emissions - Greenhouse gas emissions Inventories,I,AUS,Australia,A,Annual,CO2,Carbon dioxide,_T,Total emissions excluding LULUCF,T_CO2E,Tonnes of CO2-equivalent,2016,,409756.42492927,,A,Normal value,3,Thousands,,,,,2,Two,,
DATAFLOW,OECD.ENV.EPI:DSD_AIR_GHG@DF_AIR_GHG(1.0),Air emissions - Greenhouse gas emissions Inventories,I,AUT,Austria,A,Annual,CO2,Carbon dioxide,_T,Total emissions excluding LULUCF,T_CO2E,Tonnes of CO2-equivalent,2016,,67012.986150285,,A,Normal value,3,Thousands,,,,,2,Two,,
DATAFLOW,OECD.ENV.EPI:DSD_AIR_GHG@DF_AIR_GHG(1.0),Air emissions - Greenhouse gas emissions Inventories,I,BEL,Belgium,A,Annual,CO2,Carbon dioxide,_T,Total emissions excluding LULUCF,T_CO2E,Tonnes of CO2-equivalent,2016,,99878.670698231,,A,Normal value,3,Thousands,,,,,2,Two,,
DATAFLOW,OECD.ENV.EPI:DSD_AIR_GHG@DF_AIR_GHG(1.0),Air emissions - Greenhouse gas emissions Inventories,I,CAN,Canada,A,Annual,CO2,Carbon dioxide,_T,Total emissions excluding LULUCF,T_CO2E,Tonnes of CO2-equivalent,2016,,554437.31670918,,A,Normal value,3,Thousands,,,,,2,Two,,
DATAFLOW,OECD.ENV.EPI:DSD_AIR_GHG@DF_AIR_GHG(1.0),Air emissions - Greenhouse gas emissions Inventories,I,CHL,Chile,A,Annual,CO2,Carbon dioxide,_T,Total emissions excluding LULUCF,T_CO2E,Tonnes of CO2-equivalent,2016,,82003.13,,A,Normal value,3,Thousands,,,,,2,Two,,
DATAFLOW,OECD.ENV.EPI:DSD_AIR_GHG@DF_AIR_GHG(1.0),Air emissions - Greenhouse gas emissions Inventories,I,COL,Colombia,A,Annual,CO2,Carbon dioxide,_T,Total emissions excluding LULUCF,T_CO2E,Tonnes of CO2-equivalent,2016,,89749.98,,A,Normal value,3,Thousands,,,,,2,Two,,
DATAFLOW,OECD.ENV.EPI:DSD_AIR_GHG@DF_AIR_GHG(1.0),Air emissions - Greenhouse gas emissions Inventories,I,CRI,Costa Rica,A,Annual,CO2,Carbon dioxide,_T,Total emissions excluding LULUCF,T_CO2E,Tonnes of CO2-equivalent,2016,,6165.39,,A,Normal value,3,Thousands,,,,,2,Two,,
DATAFLOW,OECD.ENV.EPI:DSD_AIR_GHG@DF_AIR_GHG(1.0),Air emissions - Greenhouse gas emissions Inventories,I,CZE,Czechia,A,Annual,CO2,Carbon dioxide,_T,Total emissions excluding LULUCF,T_CO2E,Tonnes of CO2-equivalent,2016,,106661.54225418,,A,Normal value,3,Thousands,,,,,2,Two,,
DATAFLOW,OECD.ENV.EPI:DSD_AIR_GHG@DF_AIR_GHG(1.0),Air emissions - Greenhouse gas emissions Inventories,I,DNK,Denmark,A,Annual,CO2,Carbon dioxide,_T,Total emissions excluding LULUCF,T_CO2E,Tonnes of CO2-equivalent,2016,,38132.569084287,,A,Normal value,3,Thousands,,,,,2,Two,,
DATAFLOW,OECD.ENV.EPI:DSD_AIR_GHG@DF_AIR_GHG(1.0),Air emissions - Greenhouse gas emissions Inventories,I,EST,Estonia,A,Annual,CO2,Carbon dioxide,_T,Total emissions excluding LULUCF,T_CO2E,Tonnes of CO2-equivalent,2016,,17432.863832308,,A,Normal value,3,Thousands,,,,,2,Two,,
DATAFLOW,OECD.ENV.EPI:DSD_AIR_GHG@DF_AIR_GHG(1.0),Air emissions - Greenhouse gas emissions Inventories,I,FIN,Finland,A,Annual,CO2,Carbon dioxide,_T,Total emissions excluding LULUCF,T_CO2E,Tonnes of CO2-equivalent,2016,,47252.236372636,,A,Normal value,3,Thousands,,,,,2,Two,,
DATAFLOW,OECD.ENV.EPI:DSD_AIR_GHG@DF_AIR_GHG(1.0),Air emissions - Greenhouse gas emissions Inventories,I,FRA,France,A,Annual,CO2,Carbon dioxide,_T,Total emissions excluding LULUCF,T_CO2E,Tonnes of CO2-equivalent,2016,,352167.08225668,,A,Normal value,3,Thousands,,,,,2,Two,,
DATAFLOW,OECD.ENV.EPI:DSD_AIR_GHG@DF_AIR_GHG(1.0),Air emissions - Greenhouse gas emissions Inventories,I,DEU,Germany,A,Annual,CO2,Carbon dioxide,_T,Total emissions excluding LULUCF,T_CO2E,Tonnes of CO2-equivalent,2016,,800432.11210145,,A,Normal value,3,Thousands,,,,,2,Two,,
DATAFLOW,OECD.ENV.EPI:DSD_AIR_GHG@DF_AIR_GHG(1.0),Air emissions - Greenhouse gas emissions Inventories,I,GRC,Greece,A,Annual,CO2,Carbon dioxide,_T,Total emissions excluding LULUCF,T_CO2E,Tonnes of CO2-equivalent,2016,,71364.769787562,,A,Normal value,3,Thousands,,,,,2,Two,,
DATAFLOW,OECD.ENV.EPI:DSD_AIR_GHG@DF_AIR_GHG(1.0),Air emissions - Greenhouse gas emissions Inventories,I,HUN,Hungary,A,Annual,CO2,Carbon dioxide,_T,Total emissions excluding LULUCF,T_CO2E,Tonnes of CO2-equivalent,2016,,47033.814092626,,A,Normal value,3,Thousands,,,,,2,Two,,
DATAFLOW,OECD.ENV.EPI:DSD_AIR_GHG@DF_AIR_GHG(1.0),Air emissions - Greenhouse gas emissions Inventories,I,ISL,Iceland,A,Annual,CO2,Carbon dioxide,_T,Total emissions excluding LULUCF,T_CO2E,Tonnes of CO2-equivalent,2016,,3504.8944258303,,A,Normal value,3,Thousands,,,,,2,Two,,
DATAFLOW,OECD.ENV.EPI:DSD_AIR_GHG@DF_AIR_GHG(1.0),Air emissions - Greenhouse gas emissions Inventories,I,IRL,Ireland,A,Annual,CO2,Carbon dioxide,_T,Total emissions excluding LULUCF,T_CO2E,Tonnes of CO2-equivalent,2016,,40230.195544438,,A,Normal value,3,Thousands,,,,,2,Two,,
DATAFLOW,OECD.ENV.EPI:DSD_AIR_GHG@DF_AIR_GHG(1.0),Air emissions - Greenhouse gas emissions Inventories,I,ISR,Israel,A,Annual,CO2,Carbon dioxide,_T,Total emissions excluding LULUCF,T_CO2E,Tonnes of CO2-equivalent,2016,,65278.15,,A,Normal value,3,Thousands,,,,,2,Two,,
DATAFLOW,OECD.ENV.EPI:DSD_AIR_GHG@DF_AIR_GHG(1.0),Air emissions - Greenhouse gas emissions Inventories,I,ITA,Italy,A,Annual,CO2,Carbon dioxide,_T,Total emissions excluding LULUCF,T_CO2E,Tonnes of CO2-equivalent,2016,,356287.12897136,,A,Normal value,3,Thousands,,,,,2,Two,,
DATAFLOW,OECD.ENV.EPI:DSD_AIR_GHG@DF_AIR_GHG(1.0),Air emissions - Greenhouse gas emissions Inventories,I,JPN,Japan,A,Annual,CO2,Carbon dioxide,_T,Total emissions excluding LULUCF,T_CO2E,Tonnes of CO2-equivalent,2016,,1197976.6057777,,A,Normal value,3,Thousands,,,,,2,Two,,
DATAFLOW,OECD.ENV.EPI:DSD_AIR_GHG@DF_AIR_GHG(1.0),Air emissions - Greenhouse gas emissions Inventories,I,KOR,Korea,A,Annual,CO2,Carbon dioxide,_T,Total emissions excluding LULUCF,T_CO2E,Tonnes of CO2-equivalent,2016,,660414.06,,A,Normal value,3,Thousands,,,,,2,Two,,
DATAFLOW,OECD.ENV.EPI:DSD_AIR_GHG@DF_AIR_GHG(1.0),Air emissions - Greenhouse gas emissions Inventories,I,LVA,Latvia,A,Annual,CO2,Carbon dioxide,_T,Total emissions excluding LULUCF,T_CO2E,Tonnes of CO2-equivalent,2016,,7210.5467037729,,A,Normal value,3,Thousands,,,,,2,Two,,
DATAFLOW,OECD.ENV.EPI:DSD_AIR_GHG@DF_AIR_GHG(1.0),Air emissions - Greenhouse gas emissions Inventories,I,LTU,Lithuania,A,Annual,CO2,Carbon dioxide,_T,Total emissions excluding LULUCF,T_CO2E,Tonnes of CO2-equivalent,2016,,13101.518346633,,A,Normal value,3,Thousands,,,,,2,Two,,
DATAFLOW,OECD.ENV.EPI:DSD_AIR_GHG@DF_AIR_GHG(1.0),Air emissions - Greenhouse gas emissions Inventories,I,LUX,Luxembourg,A,Annual,CO2,Carbon dioxide,_T,Total emissions excluding LULUCF,T_CO2E,Tonnes of CO2-equivalent,2016,,9077.0797052864,,A,Normal value,3,Thousands,,,,,2,Two,,
DATAFLOW,OECD.ENV.EPI:DSD_AIR_GHG@DF_AIR_GHG(1.0),Air emissions - Greenhouse gas emissions Inventories,I,MEX,Mexico,A,Annual,CO2,Carbon dioxide,_T,Total emissions excluding LULUCF,T_CO2E,Tonnes of CO2-equivalent,2016,,388399.69,,A,Normal value,3,Thousands,,,,,2,Two,,
DATAFLOW,OECD.ENV.EPI:DSD_AIR_GHG@DF_AIR_GHG(1.0),Air emissions - Greenhouse gas emissions Inventories,I,NLD,Netherlands,A,Annual,CO2,Carbon dioxide,_T,Total emissions excluding LULUCF,T_CO2E,Tonnes of CO2-equivalent,2016,,164722.84535959,,A,Normal value,3,Thousands,,,,,2,Two,,
DATAFLOW,OECD.ENV.EPI:DSD_AIR_GHG@DF_AIR_GHG(1.0),Air emissions - Greenhouse gas emissions Inventories,I,NZL,New Zealand,A,Annual,CO2,Carbon dioxide,_T,Total emissions excluding LULUCF,T_CO2E,Tonnes of CO2-equivalent,2016,,34179.574938703,,A,Normal value,3,Thousands,,,,,2,Two,,
DATAFLOW,OECD.ENV.EPI:DSD_AIR_GHG@DF_AIR_GHG(1.0),Air emissions - Greenhouse gas emissions Inventories,I,NOR,Norway,A,Annual,CO2,Carbon dioxide,_T,Total emissions excluding LULUCF,T_CO2E,Tonnes of CO2-equivalent,2016,,44445.671197793,,A,Normal value,3,Thousands,,,,,2,Two,,
DATAFLOW,OECD.ENV.EPI:DSD_AIR_GHG@DF_AIR_GHG(1.0),Air emissions - Greenhouse gas emissions Inventories,I,POL,Poland,A,Annual,CO2,Carbon dioxide,_T,Total emissions excluding LULUCF,T_CO2E,Tonnes of CO2-equivalent,2016,,323316.55643591,,A,Normal value,3,Thousands,,,,,2,Two,,
DATAFLOW,OECD.ENV.EPI:DSD_AIR_GHG@DF_AIR_GHG(1.0),Air emissions - Greenhouse gas emissions Inventories,I,PRT,Portugal,A,Annual,CO2,Carbon dioxide,_T,Total emissions excluding LULUCF,T_CO2E,Tonnes of CO2-equivalent,2016,,50217.933062404,,A,Normal value,3,Thousands,,,,,2,Two,,
DATAFLOW,OECD.ENV.EPI:DSD_AIR_GHG@DF_AIR_GHG(1.0),Air emissions - Greenhouse gas emissions Inventories,I,SVK,Slovak Republic,A,Annual,CO2,Carbon dioxide,_T,Total emissions excluding LULUCF,T_CO2E,Tonnes of CO2-equivalent,2016,,34962.106542176,,A,Normal value,3,Thousands,,,,,2,Two,,
DATAFLOW,OECD.ENV.EPI:DSD_AIR_GHG@DF_AIR_GHG(1.0),Air emissions - Greenhouse gas emissions Inventories,I,SVN,Slovenia,A,Annual,CO2,Carbon dioxide,_T,Total emissions excluding LULUCF,T_CO2E,Tonnes of CO2-equivalent,2016,,14469.628738222,,A,Normal value,3,Thousands,,,,,2,Two,,
DATAFLOW,OECD.ENV.EPI:DSD_AIR_GHG@DF_AIR_GHG(1.0),Air emissions - Greenhouse gas emissions Inventories,I,ESP,Spain,A,Annual,CO2,Carbon dioxide,_T,Total emissions excluding LULUCF,T_CO2E,Tonnes of CO2-equivalent,2016,,256499.96991898,,A,Normal value,3,Thousands,,,,,2,Two,,
DATAFLOW,OECD.ENV.EPI:DSD_AIR_GHG@DF_AIR_GHG(1.0),Air emissions - Greenhouse gas emissions Inventories,I,SWE,Sweden,A,Annual,CO2,Carbon dioxide,_T,Total emissions excluding LULUCF,T_CO2E,Tonnes of CO2-equivalent,2016,,43251.926730308,,A,Normal value,3,Thousands,,,,,2,Two,,
DATAFLOW,OECD.ENV.EPI:DSD_AIR_GHG@DF_AIR_GHG(1.0),Air emissions - Greenhouse gas emissions Inventories,I,CHE,Switzerland,A,Annual,CO2,Carbon dioxide,_T,Total emissions excluding LULUCF,T_CO2E,Tonnes of CO2-equivalent,2016,,39225.14665994,,A,Normal value,3,Thousands,,,,,2,Two,,
DATAFLOW,OECD.ENV.EPI:DSD_AIR_GHG@DF_AIR_GHG(1.0),Air emissions - Greenhouse gas emissions Inventories,I,TUR,Türkiye,A,Annual,CO2,Carbon dioxide,_T,Total emissions excluding LULUCF,T_CO2E,Tonnes of CO2-equivalent,2016,,408756.50359544,,A,Normal value,3,Thousands,,,,,2,Two,,
DATAFLOW,OECD.ENV.EPI:DSD_AIR_GHG@DF_AIR_GHG(1.0),Air emissions - Greenhouse gas emissions Inventories,I,GBR,United Kingdom,A,Annual,CO2,Carbon dioxide,_T,Total emissions excluding LULUCF,T_CO2E,Tonnes of CO2-equivalent,2016,,396722.77767337,,A,Normal value,3,Thousands,,,,,2,Two,,
DATAFLOW,OECD.ENV.EPI:DSD_AIR_GHG@DF_AIR_GHG(1.0),Air emissions - Greenhouse gas emissions Inventories,I,USA,United States,A,Annual,CO2,Carbon dioxide,_T,Total emissions excluding LULUCF,T_CO2E,Tonnes of CO2-equivalent,2016,,5246402.93,,A,Normal value,3,Thousands,,,,,2,Two,,
DATAFLOW,OECD.ENV.EPI:DSD_AIR_GHG@DF_AIR_GHG(1.0),Air emissions - Greenhouse gas emissions Inventories,I,EU27_2020,European Union (27 countries from 01/02/2020),A,Annual,CO2,Carbon dioxide,_T,Total emissions excluding LULUCF,T_CO2E,Tonnes of CO2-equivalent,2016,,2742094.5369005,,A,Normal value,3,Thousands,,,,,2,Two,,
DATAFLOW,OECD.ENV.EPI:DSD_AIR_GHG@DF_AIR_GHG(1.0),Air emissions - Greenhouse gas emissions Inventories,I,DZA,Algeria,A,Annual,CO2,Carbon dioxide,_T,Total emissions excluding LULUCF,T_CO2E,Tonnes of CO2-equivalent,2016,,158738.49432115,,A,Normal value,3,Thousands,,,,,2,Two,,
DATAFLOW,OECD.ENV.EPI:DSD_AIR_GHG@DF_AIR_GHG(1.0),Air emissions - Greenhouse gas emissions Inventories,I,ARG,Argentina,A,Annual,CO2,Carbon dioxide,_T,Total emissions excluding LULUCF,T_CO2E,Tonnes of CO2-equivalent,2016,,196373.89511421,,A,Normal value,3,Thousands,,,,,2,Two,,
DATAFLOW,OECD.ENV.EPI:DSD_AIR_GHG@DF_AIR_GHG(1.0),Air emissions - Greenhouse gas emissions Inventories,I,BRA,Brazil,A,Annual,CO2,Carbon dioxide,_T,Total emissions excluding LULUCF,T_CO2E,Tonnes of CO2-equivalent,2016,,506483.08157597,,A,Normal value,3,Thousands,,,,,2,Two,,
DATAFLOW,OECD.ENV.EPI:DSD_AIR_GHG@DF_AIR_GHG(1.0),Air emissions - Greenhouse gas emissions Inventories,I,BRN,Brunei Darussalam,A,Annual,CO2,Carbon dioxide,_T,Total emissions excluding LULUCF,T_CO2E,Tonnes of CO2-equivalent,2016,,9721.0300221761,,A,Normal value,3,Thousands,,,,,2,Two,,
DATAFLOW,OECD.ENV.EPI:DSD_AIR_GHG@DF_AIR_GHG(1.0),Air emissions - Greenhouse gas emissions Inventories,I,BGR,Bulgaria,A,Annual,CO2,Carbon dioxide,_T,Total emissions excluding LULUCF,T_CO2E,Tonnes of CO2-equivalent,2016,,45343.845587939,,A,Normal value,3,Thousands,,,,,2,Two,,
DATAFLOW,OECD.ENV.EPI:DSD_AIR_GHG@DF_AIR_GHG(1.0),Air emissions - Greenhouse gas emissions Inventories,I,CIV,Côte d’Ivoire,A,Annual,CO2,Carbon dioxide,_T,Total emissions excluding LULUCF,T_CO2E,Tonnes of CO2-equivalent,2016,,6888.6696567673,,A,Normal value,3,Thousands,,,,,2,Two,,
DATAFLOW,OECD.ENV.EPI:DSD_AIR_GHG@DF_AIR_GHG(1.0),Air emissions - Greenhouse gas emissions Inventories,I,HRV,Croatia,A,Annual,CO2,Carbon dioxide,_T,Total emissions excluding LULUCF,T_CO2E,Tonnes of CO2-equivalent,2016,,18079.279428104,,A,Normal value,3,Thousands,,,,,2,Two,,
DATAFLOW,OECD.ENV.EPI:DSD_AIR_GHG@DF_AIR_GHG(1.0),Air emissions - Greenhouse gas emissions Inventories,I,CUB,Cuba,A,Annual,CO2,Carbon dioxide,_T,Total emissions excluding LULUCF,T_CO2E,Tonnes of CO2-equivalent,2016,,31166.904563614,,A,Normal value,3,Thousands,,,,,2,Two,,
DATAFLOW,OECD.ENV.EPI:DSD_AIR_GHG@DF_AIR_GHG(1.0),Air emissions - Greenhouse gas emissions Inventories,I,CYP,Cyprus,A,Annual,CO2,Carbon dioxide,_T,Total emissions excluding LULUCF,T_CO2E,Tonnes of CO2-equivalent,2016,,7353.4601187326,,A,Normal value,3,Thousands,,,,,2,Two,,
DATAFLOW,OECD.ENV.EPI:DSD_AIR_GHG@DF_AIR_GHG(1.0),Air emissions - Greenhouse gas emissions Inventories,I,EGY,Egypt,A,Annual,CO2,Carbon dioxide,_T,Total emissions excluding LULUCF,T_CO2E,Tonnes of CO2-equivalent,2016,,257575.91453057,,A,Normal value,3,Thousands,,,,,2,Two,,
DATAFLOW,OECD.ENV.EPI:DSD_AIR_GHG@DF_AIR_GHG(1.0),Air emissions - Greenhouse gas emissions Inventories,I,GEO,Georgia,A,Annual,CO2,Carbon dioxide,_T,Total emissions excluding LULUCF,T_CO2E,Tonnes of CO2-equivalent,2016,,10718.568271072,,A,Normal value,3,Thousands,,,,,2,Two,,
DATAFLOW,OECD.ENV.EPI:DSD_AIR_GHG@DF_AIR_GHG(1.0),Air emissions - Greenhouse gas emissions Inventories,I,GHA,Ghana,A,Annual,CO2,Carbon dioxide,_T,Total emissions excluding LULUCF,T_CO2E,Tonnes of CO2-equivalent,2016,,14938.508051973,,A,Normal value,3,Thousands,,,,,2,Two,,
DATAFLOW,OECD.ENV.EPI:DSD_AIR_GHG@DF_AIR_GHG(1.0),Air emissions - Greenhouse gas emissions Inventories,I,GTM,Guatemala,A,Annual,CO2,Carbon dioxide,_T,Total emissions excluding LULUCF,T_CO2E,Tonnes of CO2-equivalent,2016,,19504.379401845,,A,Normal value,3,Thousands,,,,,2,Two,,
DATAFLOW,OECD.ENV.EPI:DSD_AIR_GHG@DF_AIR_GHG(1.0),Air emissions - Greenhouse gas emissions Inventories,I,GNB,Guinea-Bissau,A,Annual,CO2,Carbon dioxide,_T,Total emissions excluding LULUCF,T_CO2E,Tonnes of CO2-equivalent,2016,,181.80312657067,,A,Normal value,3,Thousands,,,,,2,Two,,
DATAFLOW,OECD.ENV.EPI:DSD_AIR_GHG@DF_AIR_GHG(1.0),Air emissions - Greenhouse gas emissions Inventories,I,GUY,Guyana,A,Annual,CO2,Carbon dioxide,_T,Total emissions excluding LULUCF,T_CO2E,Tonnes of CO2-equivalent,2016,,2397.2887361521,,A,Normal value,3,Thousands,,,,,2,Two,,
DATAFLOW,OECD.ENV.EPI:DSD_AIR_GHG@DF_AIR_GHG(1.0),Air emissions - Greenhouse gas emissions Inventories,I,VAT,Holy See,A,Annual,CO2,Carbon dioxide,_T,Total emissions excluding LULUCF,T_CO2E,Tonnes of CO2-equivalent,2016,,15.193087375582,,A,Normal value,3,Thousands,,,,,2,Two,,
DATAFLOW,OECD.ENV.EPI:DSD_AIR_GHG@DF_AIR_GHG(1.0),Air emissions - Greenhouse gas emissions Inventories,I,IND,India,A,Annual,CO2,Carbon dioxide,_T,Total emissions excluding LULUCF,T_CO2E,Tonnes of CO2-equivalent,2016,,2231069,,A,Normal value,3,Thousands,,,,,2,Two,,
DATAFLOW,OECD.ENV.EPI:DSD_AIR_GHG@DF_AIR_GHG(1.0),Air emissions - Greenhouse gas emissions Inventories,I,IDN,Indonesia,A,Annual,CO2,Carbon dioxide,_T,Total emissions excluding LULUCF,T_CO2E,Tonnes of CO2-equivalent,2016,,555965.55021742,,A,Normal value,3,Thousands,,,,,2,Two,,
DATAFLOW,OECD.ENV.EPI:DSD_AIR_GHG@DF_AIR_GHG(1.0),Air emissions - Greenhouse gas emissions Inventories,I,KAZ,Kazakhstan,A,Annual,CO2,Carbon dioxide,_T,Total emissions excluding LULUCF,T_CO2E,Tonnes of CO2-equivalent,2016,,331791.84853994,,A,Normal value,3,Thousands,,,,,2,Two,,
DATAFLOW,OECD.ENV.EPI:DSD_AIR_GHG@DF_AIR_GHG(1.0),Air emissions - Greenhouse gas emissions Inventories,I,KEN,Kenya,A,Annual,CO2,Carbon dioxide,_T,Total emissions excluding LULUCF,T_CO2E,Tonnes of CO2-equivalent,2016,,17932.137722632,,A,Normal value,3,Thousands,,,,,2,Two,,
DATAFLOW,OECD.ENV.EPI:DSD_AIR_GHG@DF_AIR_GHG(1.0),Air emissions - Greenhouse gas emissions Inventories,I,LIE,Liechtenstein,A,Annual,CO2,Carbon dioxide,_T,Total emissions excluding LULUCF,T_CO2E,Tonnes of CO2-equivalent,2016,,149.87418988998,,A,Normal value,3,Thousands,,,,,2,Two,,
DATAFLOW,OECD.ENV.EPI:DSD_AIR_GHG@DF_AIR_GHG(1.0),Air emissions - Greenhouse gas emissions Inventories,I,MYS,Malaysia,A,Annual,CO2,Carbon dioxide,_T,Total emissions excluding LULUCF,T_CO2E,Tonnes of CO2-equivalent,2016,,250441.39464709,,A,Normal value,3,Thousands,,,,,2,Two,,
DATAFLOW,OECD.ENV.EPI:DSD_AIR_GHG@DF_AIR_GHG(1.0),Air emissions - Greenhouse gas emissions Inventories,I,MDV,Maldives,A,Annual,CO2,Carbon dioxide,_T,Total emissions excluding LULUCF,T_CO2E,Tonnes of CO2-equivalent,2016,,1594.6064110177,,A,Normal value,3,Thousands,,,,,2,Two,,
DATAFLOW,OECD.ENV.EPI:DSD_AIR_GHG@DF_AIR_GHG(1.0),Air emissions - Greenhouse gas emissions Inventories,I,MLT,Malta,A,Annual,CO2,Carbon dioxide,_T,Total emissions excluding LULUCF,T_CO2E,Tonnes of CO2-equivalent,2016,,1375.9285791959,,A,Normal value,3,Thousands,,,,,2,Two,,
DATAFLOW,OECD.ENV.EPI:DSD_AIR_GHG@DF_AIR_GHG(1.0),Air emissions - Greenhouse gas emissions Inventories,I,MUS,Mauritius,A,Annual,CO2,Carbon dioxide,_T,Total emissions excluding LULUCF,T_CO2E,Tonnes of CO2-equivalent,2016,,4154.7139858273,,A,Normal value,3,Thousands,,,,,2,Two,,
DATAFLOW,OECD.ENV.EPI:DSD_AIR_GHG@DF_AIR_GHG(1.0),Air emissions - Greenhouse gas emissions Inventories,I,MDA,Moldova,A,Annual,CO2,Carbon dioxide,_T,Total emissions excluding LULUCF,T_CO2E,Tonnes of CO2-equivalent,2016,,9091.774230837,,A,Normal value,3,Thousands,,,,,2,Two,,
DATAFLOW,OECD.ENV.EPI:DSD_AIR_GHG@DF_AIR_GHG(1.0),Air emissions - Greenhouse gas emissions Inventories,I,MCO,Monaco,A,Annual,CO2,Carbon dioxide,_T,Total emissions excluding LULUCF,T_CO2E,Tonnes of CO2-equivalent,2016,,75.43612594926,,A,Normal value,3,Thousands,,,,,2,Two,,
DATAFLOW,OECD.ENV.EPI:DSD_AIR_GHG@DF_AIR_GHG(1.0),Air emissions - Greenhouse gas emissions Inventories,I,MAR,Morocco,A,Annual,CO2,Carbon dioxide,_T,Total emissions excluding LULUCF,T_CO2E,Tonnes of CO2-equivalent,2016,,61471.196493918,,A,Normal value,3,Thousands,,,,,2,Two,,
DATAFLOW,OECD.ENV.EPI:DSD_AIR_GHG@DF_AIR_GHG(1.0),Air emissions - Greenhouse gas emissions Inventories,I,NAM,Namibia,A,Annual,CO2,Carbon dioxide,_T,Total emissions excluding LULUCF,T_CO2E,Tonnes of CO2-equivalent,2016,,3871.6124712598,,A,Normal value,3,Thousands,,,,,2,Two,,
DATAFLOW,OECD.ENV.EPI:DSD_AIR_GHG@DF_AIR_GHG(1.0),Air emissions - Greenhouse gas emissions Inventories,I,NPL,Nepal,A,Annual,CO2,Carbon dioxide,_T,Total emissions excluding LULUCF,T_CO2E,Tonnes of CO2-equivalent,2016,,6844.1924981884,,A,Normal value,3,Thousands,,,,,2,Two,,
DATAFLOW,OECD.ENV.EPI:DSD_AIR_GHG@DF_AIR_GHG(1.0),Air emissions - Greenhouse gas emissions Inventories,I,NGA,Nigeria,A,Annual,CO2,Carbon dioxide,_T,Total emissions excluding LULUCF,T_CO2E,Tonnes of CO2-equivalent,2016,,122271.75856598,,A,Normal value,3,Thousands,,,,,2,Two,,
DATAFLOW,OECD.ENV.EPI:DSD_AIR_GHG@DF_AIR_GHG(1.0),Air emissions - Greenhouse gas emissions Inventories,I,PAN,Panama,A,Annual,CO2,Carbon dioxide,_T,Total emissions excluding LULUCF,T_CO2E,Tonnes of CO2-equivalent,2016,,12017.185583704,,A,Normal value,3,Thousands,,,,,2,Two,,
DATAFLOW,OECD.ENV.EPI:DSD_AIR_GHG@DF_AIR_GHG(1.0),Air emissions - Greenhouse gas emissions Inventories,I,PER,Peru,A,Annual,CO2,Carbon dioxide,_T,Total emissions excluding LULUCF,T_CO2E,Tonnes of CO2-equivalent,2016,,138035.72192458,,A,Normal value,3,Thousands,,,,,2,Two,,
DATAFLOW,OECD.ENV.EPI:DSD_AIR_GHG@DF_AIR_GHG(1.0),Air emissions - Greenhouse gas emissions Inventories,I,ROU,Romania,A,Annual,CO2,Carbon dioxide,_T,Total emissions excluding LULUCF,T_CO2E,Tonnes of CO2-equivalent,2016,,71969.052169928,,A,Normal value,3,Thousands,,,,,2,Two,,
DATAFLOW,OECD.ENV.EPI:DSD_AIR_GHG@DF_AIR_GHG(1.0),Air emissions - Greenhouse gas emissions Inventories,I,RWA,Rwanda,A,Annual,CO2,Carbon dioxide,_T,Total emissions excluding LULUCF,T_CO2E,Tonnes of CO2-equivalent,2016,,-2953.2355447966,,A,Normal value,3,Thousands,,,,,2,Two,,
DATAFLOW,OECD.ENV.EPI:DSD_AIR_GHG@DF_AIR_GHG(1.0),Air emissions - Greenhouse gas emissions Inventories,I,SRB,Serbia,A,Annual,CO2,Carbon dioxide,_T,Total emissions excluding LULUCF,T_CO2E,Tonnes of CO2-equivalent,2016,,51485.356873224,,A,Normal value,3,Thousands,,,,,2,Two,,
DATAFLOW,OECD.ENV.EPI:DSD_AIR_GHG@DF_AIR_GHG(1.0),Air emissions - Greenhouse gas emissions Inventories,I,SGP,Singapore,A,Annual,CO2,Carbon dioxide,_T,Total emissions excluding LULUCF,T_CO2E,Tonnes of CO2-equivalent,2016,,49762.856224099,,A,Normal value,3,Thousands,,,,,2,Two,,
DATAFLOW,OECD.ENV.EPI:DSD_AIR_GHG@DF_AIR_GHG(1.0),Air emissions - Greenhouse gas emissions Inventories,I,SLB,Solomon Islands,A,Annual,CO2,Carbon dioxide,_T,Total emissions excluding LULUCF,T_CO2E,Tonnes of CO2-equivalent,2016,,-26266.344162848,,A,Normal value,3,Thousands,,,,,2,Two,,
DATAFLOW,OECD.ENV.EPI:DSD_AIR_GHG@DF_AIR_GHG(1.0),Air emissions - Greenhouse gas emissions Inventories,I,ZAF,South Africa,A,Annual,CO2,Carbon dioxide,_T,Total emissions excluding LULUCF,T_CO2E,Tonnes of CO2-equivalent,2016,,423600.91137496,,A,Normal value,3,Thousands,,,,,2,Two,,
DATAFLOW,OECD.ENV.EPI:DSD_AIR_GHG@DF_AIR_GHG(1.0),Air emissions - Greenhouse gas emissions Inventories,I,UKR,Ukraine,A,Annual,CO2,Carbon dioxide,_T,Total emissions excluding LULUCF,T_CO2E,Tonnes of CO2-equivalent,2016,,234105.64875191,,A,Normal value,3,Thousands,,,,,2,Two,,
DATAFLOW,OECD.ENV.EPI:DSD_AIR_GHG@DF_AIR_GHG(1.0),Air emissions - Greenhouse gas emissions Inventories,I,UZB,Uzbekistan,A,Annual,CO2,Carbon dioxide,_T,Total emissions excluding LULUCF,T_CO2E,Tonnes of CO2-equivalent,2016,,105078.06914547,,A,Normal value,3,Thousands,,,,,2,Two,,
DATAFLOW,OECD.ENV.EPI:DSD_AIR_GHG@DF_AIR_GHG(1.0),Air emissions - Greenhouse gas emissions Inventories,I,VEN,Venezuela,A,Annual,CO2,Carbon dioxide,_T,Total emissions excluding LULUCF,T_CO2E,Tonnes of CO2-equivalent,2016,,161383.92966008,,A,Normal value,3,Thousands,,,,,2,Two,,
DATAFLOW,OECD.ENV.EPI:DSD_AIR_GHG@DF_AIR_GHG(1.0),Air emissions - Greenhouse gas emissions Inventories,I,ZWE,Zimbabwe,A,Annual,CO2,Carbon dioxide,_T,Total emissions excluding LULUCF,T_CO2E,Tonnes of CO2-equivalent,2016,,10465.887067195,,A,Normal value,3,Thousands,,,,,2,Two,,
DATAFLOW,OECD.ENV.EPI:DSD_AIR_GHG@DF_AIR_GHG(1.0),Air emissions - Greenhouse gas emissions Inventories,I,AUS,Australia,A,Annual,CO2,Carbon dioxide,_T,Total emissions excluding LULUCF,T_CO2E,Tonnes of CO2-equivalent,2019,,414840.76997767,,A,Normal value,3,Thousands,,,,,2,Two,,
DATAFLOW,OECD.ENV.EPI:DSD_AIR_GHG@DF_AIR_GHG(1.0),Air emissions - Greenhouse gas emissions Inventories,I,AUT,Austria,A,Annual,CO2,Carbon dioxide,_T,Total emissions excluding LULUCF,T_CO2E,Tonnes of CO2-equivalent,2019,,67792.588685928,,A,Normal value,3,Thousands,,,,,2,Two,,
DATAFLOW,OECD.ENV.EPI:DSD_AIR_GHG@DF_AIR_GHG(1.0),Air emissions - Greenhouse gas emissions Inventories,I,BEL,Belgium,A,Annual,CO2,Carbon dioxide,_T,Total emissions excluding LULUCF,T_CO2E,Tonnes of CO2-equivalent,2019,,99838.140756011,,A,Normal value,3,Thousands,,,,,2,Two,,
DATAFLOW,OECD.ENV.EPI:DSD_AIR_GHG@DF_AIR_GHG(1.0),Air emissions - Greenhouse gas emissions Inventories,I,CAN,Canada,A,Annual,CO2,Carbon dioxide,_T,Total emissions excluding LULUCF,T_CO2E,Tonnes of CO2-equivalent,2019,,578719.36462026,,A,Normal value,3,Thousands,,,,,2,Two,,
DATAFLOW,OECD.ENV.EPI:DSD_AIR_GHG@DF_AIR_GHG(1.0),Air emissions - Greenhouse gas emissions Inventories,I,CHL,Chile,A,Annual,CO2,Carbon dioxide,_T,Total emissions excluding LULUCF,T_CO2E,Tonnes of CO2-equivalent,2019,,83584.91,,A,Normal value,3,Thousands,,,,,2,Two,,
DATAFLOW,OECD.ENV.EPI:DSD_AIR_GHG@DF_AIR_GHG(1.0),Air emissions - Greenhouse gas emissions Inventories,I,COL,Colombia,A,Annual,CO2,Carbon dioxide,_T,Total emissions excluding LULUCF,T_CO2E,Tonnes of CO2-equivalent,2019,,92130.79,,A,Normal value,3,Thousands,,,,,2,Two,,
DATAFLOW,OECD.ENV.EPI:DSD_AIR_GHG@DF_AIR_GHG(1.0),Air emissions - Greenhouse gas emissions Inventories,I,CRI,Costa Rica,A,Annual,CO2,Carbon dioxide,_T,Total emissions excluding LULUCF,T_CO2E,Tonnes of CO2-equivalent,2019,,7521.86,,A,Normal value,3,Thousands,,,,,2,Two,,
DATAFLOW,OECD.ENV.EPI:DSD_AIR_GHG@DF_AIR_GHG(1.0),Air emissions - Greenhouse gas emissions Inventories,I,CZE,Czechia,A,Annual,CO2,Carbon dioxide,_T,Total emissions excluding LULUCF,T_CO2E,Tonnes of CO2-equivalent,2019,,101037.16967644,,A,Normal value,3,Thousands,,,,,2,Two,,
DATAFLOW,OECD.ENV.EPI:DSD_AIR_GHG@DF_AIR_GHG(1.0),Air emissions - Greenhouse gas emissions Inventories,I,DNK,Denmark,A,Annual,CO2,Carbon dioxide,_T,Total emissions excluding LULUCF,T_CO2E,Tonnes of CO2-equivalent,2019,,32489.203628903,,A,Normal value,3,Thousands,,,,,2,Two,,
DATAFLOW,OECD.ENV.EPI:DSD_AIR_GHG@DF_AIR_GHG(1.0),Air emissions - Greenhouse gas emissions Inventories,I,EST,Estonia,A,Annual,CO2,Carbon dioxide,_T,Total emissions excluding LULUCF,T_CO2E,Tonnes of CO2-equivalent,2019,,12288.860822461,,A,Normal value,3,Thousands,,,,,2,Two,,
DATAFLOW,OECD.ENV.EPI:DSD_AIR_GHG@DF_AIR_GHG(1.0),Air emissions - Greenhouse gas emissions Inventories,I,FIN,Finland,A,Annual,CO2,Carbon dioxide,_T,Total emissions excluding LULUCF,T_CO2E,Tonnes of CO2-equivalent,2019,,42440.189025705,,A,Normal value,3,Thousands,,,,,2,Two,,
DATAFLOW,OECD.ENV.EPI:DSD_AIR_GHG@DF_AIR_GHG(1.0),Air emissions - Greenhouse gas emissions Inventories,I,FRA,France,A,Annual,CO2,Carbon dioxide,_T,Total emissions excluding LULUCF,T_CO2E,Tonnes of CO2-equivalent,2019,,333062.72487586,,A,Normal value,3,Thousands,,,,,2,Two,,
DATAFLOW,OECD.ENV.EPI:DSD_AIR_GHG@DF_AIR_GHG(1.0),Air emissions - Greenhouse gas emissions Inventories,I,DEU,Germany,A,Annual,CO2,Carbon dioxide,_T,Total emissions excluding LULUCF,T_CO2E,Tonnes of CO2-equivalent,2019,,709773.25439596,,A,Normal value,3,Thousands,,,,,2,Two,,
DATAFLOW,OECD.ENV.EPI:DSD_AIR_GHG@DF_AIR_GHG(1.0),Air emissions - Greenhouse gas emissions Inventories,I,GRC,Greece,A,Annual,CO2,Carbon dioxide,_T,Total emissions excluding LULUCF,T_CO2E,Tonnes of CO2-equivalent,2019,,65742.560856168,,A,Normal value,3,Thousands,,,,,2,Two,,
DATAFLOW,OECD.ENV.EPI:DSD_AIR_GHG@DF_AIR_GHG(1.0),Air emissions - Greenhouse gas emissions Inventories,I,HUN,Hungary,A,Annual,CO2,Carbon dioxide,_T,Total emissions excluding LULUCF,T_CO2E,Tonnes of CO2-equivalent,2019,,49159.851555785,,A,Normal value,3,Thousands,,,,,2,Two,,
DATAFLOW,OECD.ENV.EPI:DSD_AIR_GHG@DF_AIR_GHG(1.0),Air emissions - Greenhouse gas emissions Inventories,I,ISL,Iceland,A,Annual,CO2,Carbon dioxide,_T,Total emissions excluding LULUCF,T_CO2E,Tonnes of CO2-equivalent,2019,,3563.2057451871,,A,Normal value,3,Thousands,,,,,2,Two,,
DATAFLOW,OECD.ENV.EPI:DSD_AIR_GHG@DF_AIR_GHG(1.0),Air emissions - Greenhouse gas emissions Inventories,I,IRL,Ireland,A,Annual,CO2,Carbon dioxide,_T,Total emissions excluding LULUCF,T_CO2E,Tonnes of CO2-equivalent,2019,,37047.062914921,,A,Normal value,3,Thousands,,,,,2,Two,,
DATAFLOW,OECD.ENV.EPI:DSD_AIR_GHG@DF_AIR_GHG(1.0),Air emissions - Greenhouse gas emissions Inventories,I,ISR,Israel,A,Annual,CO2,Carbon dioxide,_T,Total emissions excluding LULUCF,T_CO2E,Tonnes of CO2-equivalent,2019,,65882.71,,A,Normal value,3,Thousands,,,,,2,Two,,
DATAFLOW,OECD.ENV.EPI:DSD_AIR_GHG@DF_AIR_GHG(1.0),Air emissions - Greenhouse gas emissions Inventories,I,ITA,Italy,A,Annual,CO2,Carbon dioxide,_T,Total emissions excluding LULUCF,T_CO2E,Tonnes of CO2-equivalent,2019,,337659.13147605,,A,Normal value,3,Thousands,,,,,2,Two,,
DATAFLOW,OECD.ENV.EPI:DSD_AIR_GHG@DF_AIR_GHG(1.0),Air emissions - Greenhouse gas emissions Inventories,I,JPN,Japan,A,Annual,CO2,Carbon dioxide,_T,Total emissions excluding LULUCF,T_CO2E,Tonnes of CO2-equivalent,2019,,1099773.7217689,,A,Normal value,3,Thousands,,,,,2,Two,,
DATAFLOW,OECD.ENV.EPI:DSD_AIR_GHG@DF_AIR_GHG(1.0),Air emissions - Greenhouse gas emissions Inventories,I,KOR,Korea,A,Annual,CO2,Carbon dioxide,_T,Total emissions excluding LULUCF,T_CO2E,Tonnes of CO2-equivalent,2019,,673287.02,,A,Normal value,3,Thousands,,,,,2,Two,,
DATAFLOW,OECD.ENV.EPI:DSD_AIR_GHG@DF_AIR_GHG(1.0),Air emissions - Greenhouse gas emissions Inventories,I,LVA,Latvia,A,Annual,CO2,Carbon dioxide,_T,Total emissions excluding LULUCF,T_CO2E,Tonnes of CO2-equivalent,2019,,7633.6194294469,,A,Normal value,3,Thousands,,,,,2,Two,,
DATAFLOW,OECD.ENV.EPI:DSD_AIR_GHG@DF_AIR_GHG(1.0),Air emissions - Greenhouse gas emissions Inventories,I,LTU,Lithuania,A,Annual,CO2,Carbon dioxide,_T,Total emissions excluding LULUCF,T_CO2E,Tonnes of CO2-equivalent,2019,,13636.247138315,,A,Normal value,3,Thousands,,,,,2,Two,,
DATAFLOW,OECD.ENV.EPI:DSD_AIR_GHG@DF_AIR_GHG(1.0),Air emissions - Greenhouse gas emissions Inventories,I,LUX,Luxembourg,A,Annual,CO2,Carbon dioxide,_T,Total emissions excluding LULUCF,T_CO2E,Tonnes of CO2-equivalent,2019,,9751.5789442545,,A,Normal value,3,Thousands,,,,,2,Two,,
DATAFLOW,OECD.ENV.EPI:DSD_AIR_GHG@DF_AIR_GHG(1.0),Air emissions - Greenhouse gas emissions Inventories,I,MEX,Mexico,A,Annual,CO2,Carbon dioxide,_T,Total emissions excluding LULUCF,T_CO2E,Tonnes of CO2-equivalent,2019,,362798.42,,A,Normal value,3,Thousands,,,,,2,Two,,
DATAFLOW,OECD.ENV.EPI:DSD_AIR_GHG@DF_AIR_GHG(1.0),Air emissions - Greenhouse gas emissions Inventories,I,NLD,Netherlands,A,Annual,CO2,Carbon dioxide,_T,Total emissions excluding LULUCF,T_CO2E,Tonnes of CO2-equivalent,2019,,152688.24393267,,A,Normal value,3,Thousands,,,,,2,Two,,
DATAFLOW,OECD.ENV.EPI:DSD_AIR_GHG@DF_AIR_GHG(1.0),Air emissions - Greenhouse gas emissions Inventories,I,NZL,New Zealand,A,Annual,CO2,Carbon dioxide,_T,Total emissions excluding LULUCF,T_CO2E,Tonnes of CO2-equivalent,2019,,36659.751744944,,A,Normal value,3,Thousands,,,,,2,Two,,
DATAFLOW,OECD.ENV.EPI:DSD_AIR_GHG@DF_AIR_GHG(1.0),Air emissions - Greenhouse gas emissions Inventories,I,NOR,Norway,A,Annual,CO2,Carbon dioxide,_T,Total emissions excluding LULUCF,T_CO2E,Tonnes of CO2-equivalent,2019,,42620.128368928,,A,Normal value,3,Thousands,,,,,2,Two,,
DATAFLOW,OECD.ENV.EPI:DSD_AIR_GHG@DF_AIR_GHG(1.0),Air emissions - Greenhouse gas emissions Inventories,I,POL,Poland,A,Annual,CO2,Carbon dioxide,_T,Total emissions excluding LULUCF,T_CO2E,Tonnes of CO2-equivalent,2019,,317367.62660084,,A,Normal value,3,Thousands,,,,,2,Two,,
DATAFLOW,OECD.ENV.EPI:DSD_AIR_GHG@DF_AIR_GHG(1.0),Air emissions - Greenhouse gas emissions Inventories,I,PRT,Portugal,A,Annual,CO2,Carbon dioxide,_T,Total emissions excluding LULUCF,T_CO2E,Tonnes of CO2-equivalent,2019,,47479.24304856,,A,Normal value,3,Thousands,,,,,2,Two,,
DATAFLOW,OECD.ENV.EPI:DSD_AIR_GHG@DF_AIR_GHG(1.0),Air emissions - Greenhouse gas emissions Inventories,I,SVK,Slovak Republic,A,Annual,CO2,Carbon dioxide,_T,Total emissions excluding LULUCF,T_CO2E,Tonnes of CO2-equivalent,2019,,33824.009197394,,A,Normal value,3,Thousands,,,,,2,Two,,
DATAFLOW,OECD.ENV.EPI:DSD_AIR_GHG@DF_AIR_GHG(1.0),Air emissions - Greenhouse gas emissions Inventories,I,SVN,Slovenia,A,Annual,CO2,Carbon dioxide,_T,Total emissions excluding LULUCF,T_CO2E,Tonnes of CO2-equivalent,2019,,14054.526413411,,A,Normal value,3,Thousands,,,,,2,Two,,
DATAFLOW,OECD.ENV.EPI:DSD_AIR_GHG@DF_AIR_GHG(1.0),Air emissions - Greenhouse gas emissions Inventories,I,ESP,Spain,A,Annual,CO2,Carbon dioxide,_T,Total emissions excluding LULUCF,T_CO2E,Tonnes of CO2-equivalent,2019,,248279.74426276,,A,Normal value,3,Thousands,,,,,2,Two,,
DATAFLOW,OECD.ENV.EPI:DSD_AIR_GHG@DF_AIR_GHG(1.0),Air emissions - Greenhouse gas emissions Inventories,I,SWE,Sweden,A,Annual,CO2,Carbon dioxide,_T,Total emissions excluding LULUCF,T_CO2E,Tonnes of CO2-equivalent,2019,,40750.517012284,,A,Normal value,3,Thousands,,,,,2,Two,,
DATAFLOW,OECD.ENV.EPI:DSD_AIR_GHG@DF_AIR_GHG(1.0),Air emissions - Greenhouse gas emissions Inventories,I,CHE,Switzerland,A,Annual,CO2,Carbon dioxide,_T,Total emissions excluding LULUCF,T_CO2E,Tonnes of CO2-equivalent,2019,,36822.532281927,,A,Normal value,3,Thousands,,,,,2,Two,,
DATAFLOW,OECD.ENV.EPI:DSD_AIR_GHG@DF_AIR_GHG(1.0),Air emissions - Greenhouse gas emissions Inventories,I,TUR,Türkiye,A,Annual,CO2,Carbon dioxide,_T,Total emissions excluding LULUCF,T_CO2E,Tonnes of CO2-equivalent,2019,,407722.64345674,,A,Normal value,3,Thousands,,,,,2,Two,,
DATAFLOW,OECD.ENV.EPI:DSD_AIR_GHG@DF_AIR_GHG(1.0),Air emissions - Greenhouse gas emissions Inventories,I,GBR,United Kingdom,A,Annual,CO2,Carbon dioxide,_T,Total emissions excluding LULUCF,T_CO2E,Tonnes of CO2-equivalent,2019,,362343.3034901,,A,Normal value,3,Thousands,,,,,2,Two,,
DATAFLOW,OECD.ENV.EPI:DSD_AIR_GHG@DF_AIR_GHG(1.0),Air emissions - Greenhouse gas emissions Inventories,I,USA,United States,A,Annual,CO2,Carbon dioxide,_T,Total emissions excluding LULUCF,T_CO2E,Tonnes of CO2-equivalent,2019,,5234488.24,,A,Normal value,3,Thousands,,,,,2,Two,,
DATAFLOW,OECD.ENV.EPI:DSD_AIR_GHG@DF_AIR_GHG(1.0),Air emissions - Greenhouse gas emissions Inventories,I,EU27_2020,European Union (27 countries from 01/02/2020),A,Annual,CO2,Carbon dioxide,_T,Total emissions excluding LULUCF,T_CO2E,Tonnes of CO2-equivalent,2019,,2643246.8569281,,A,Normal value,3,Thousands,,,,,2,Two,,
DATAFLOW,OECD.ENV.EPI:DSD_AIR_GHG@DF_AIR_GHG(1.0),Air emissions - Greenhouse gas emissions Inventories,I,DZA,Algeria,A,Annual,CO2,Carbon dioxide,_T,Total emissions excluding LULUCF,T_CO2E,Tonnes of CO2-equivalent,2019,,180584.46540417,,A,Normal value,3,Thousands,,,,,2,Two,,
DATAFLOW,OECD.ENV.EPI:DSD_AIR_GHG@DF_AIR_GHG(1.0),Air emissions - Greenhouse gas emissions Inventories,I,ARG,Argentina,A,Annual,CO2,Carbon dioxide,_T,Total emissions excluding LULUCF,T_CO2E,Tonnes of CO2-equivalent,2019,,179171.8092223,,A,Normal value,3,Thousands,,,,,2,Two,,
DATAFLOW,OECD.ENV.EPI:DSD_AIR_GHG@DF_AIR_GHG(1.0),Air emissions - Greenhouse gas emissions Inventories,I,BTN,Bhutan,A,Annual,CO2,Carbon dioxide,_T,Total emissions excluding LULUCF,T_CO2E,Tonnes of CO2-equivalent,2019,,1241.41591891,,A,Normal value,3,Thousands,,,,,2,Two,,
DATAFLOW,OECD.ENV.EPI:DSD_AIR_GHG@DF_AIR_GHG(1.0),Air emissions - Greenhouse gas emissions Inventories,I,BRA,Brazil,A,Annual,CO2,Carbon dioxide,_T,Total emissions excluding LULUCF,T_CO2E,Tonnes of CO2-equivalent,2019,,494426.10652831,,A,Normal value,3,Thousands,,,,,2,Two,,
DATAFLOW,OECD.ENV.EPI:DSD_AIR_GHG@DF_AIR_GHG(1.0),Air emissions - Greenhouse gas emissions Inventories,I,BRN,Brunei Darussalam,A,Annual,CO2,Carbon dioxide,_T,Total emissions excluding LULUCF,T_CO2E,Tonnes of CO2-equivalent,2019,,9602.0712147659,,A,Normal value,3,Thousands,,,,,2,Two,,
DATAFLOW,OECD.ENV.EPI:DSD_AIR_GHG@DF_AIR_GHG(1.0),Air emissions - Greenhouse gas emissions Inventories,I,BGR,Bulgaria,A,Annual,CO2,Carbon dioxide,_T,Total emissions excluding LULUCF,T_CO2E,Tonnes of CO2-equivalent,2019,,42194.888363304,,A,Normal value,3,Thousands,,,,,2,Two,,
DATAFLOW,OECD.ENV.EPI:DSD_AIR_GHG@DF_AIR_GHG(1.0),Air emissions - Greenhouse gas emissions Inventories,I,CIV,Côte d’Ivoire,A,Annual,CO2,Carbon dioxide,_T,Total emissions excluding LULUCF,T_CO2E,Tonnes of CO2-equivalent,2019,,6888.6696567673,,A,Normal value,3,Thousands,,,,,2,Two,,
DATAFLOW,OECD.ENV.EPI:DSD_AIR_GHG@DF_AIR_GHG(1.0),Air emissions - Greenhouse gas emissions Inventories,I,HRV,Croatia,A,Annual,CO2,Carbon dioxide,_T,Total emissions excluding LULUCF,T_CO2E,Tonnes of CO2-equivalent,2019,,17820.422343453,,A,Normal value,3,Thousands,,,,,2,Two,,
DATAFLOW,OECD.ENV.EPI:DSD_AIR_GHG@DF_AIR_GHG(1.0),Air emissions - Greenhouse gas emissions Inventories,I,CUB,Cuba,A,Annual,CO2,Carbon dioxide,_T,Total emissions excluding LULUCF,T_CO2E,Tonnes of CO2-equivalent,2019,,28839.246021816,,A,Normal value,3,Thousands,,,,,2,Two,,
DATAFLOW,OECD.ENV.EPI:DSD_AIR_GHG@DF_AIR_GHG(1.0),Air emissions - Greenhouse gas emissions Inventories,I,CYP,Cyprus,A,Annual,CO2,Carbon dioxide,_T,Total emissions excluding LULUCF,T_CO2E,Tonnes of CO2-equivalent,2019,,7324.774978605,,A,Normal value,3,Thousands,,,,,2,Two,,
DATAFLOW,OECD.ENV.EPI:DSD_AIR_GHG@DF_AIR_GHG(1.0),Air emissions - Greenhouse gas emissions Inventories,I,EGY,Egypt,A,Annual,CO2,Carbon dioxide,_T,Total emissions excluding LULUCF,T_CO2E,Tonnes of CO2-equivalent,2019,,260400.92095693,,A,Normal value,3,Thousands,,,,,2,Two,,
DATAFLOW,OECD.ENV.EPI:DSD_AIR_GHG@DF_AIR_GHG(1.0),Air emissions - Greenhouse gas emissions Inventories,I,GEO,Georgia,A,Annual,CO2,Carbon dioxide,_T,Total emissions excluding LULUCF,T_CO2E,Tonnes of CO2-equivalent,2019,,11169.352048421,,A,Normal value,3,Thousands,,,,,2,Two,,
DATAFLOW,OECD.ENV.EPI:DSD_AIR_GHG@DF_AIR_GHG(1.0),Air emissions - Greenhouse gas emissions Inventories,I,GHA,Ghana,A,Annual,CO2,Carbon dioxide,_T,Total emissions excluding LULUCF,T_CO2E,Tonnes of CO2-equivalent,2019,,19514.59934723,,A,Normal value,3,Thousands,,,,,2,Two,,
DATAFLOW,OECD.ENV.EPI:DSD_AIR_GHG@DF_AIR_GHG(1.0),Air emissions - Greenhouse gas emissions Inventories,I,GTM,Guatemala,A,Annual,CO2,Carbon dioxide,_T,Total emissions excluding LULUCF,T_CO2E,Tonnes of CO2-equivalent,2019,,20172.827899896,,A,Normal value,3,Thousands,,,,,2,Two,,
DATAFLOW,OECD.ENV.EPI:DSD_AIR_GHG@DF_AIR_GHG(1.0),Air emissions - Greenhouse gas emissions Inventories,I,GNB,Guinea-Bissau,A,Annual,CO2,Carbon dioxide,_T,Total emissions excluding LULUCF,T_CO2E,Tonnes of CO2-equivalent,2019,,294.864182468,,A,Normal value,3,Thousands,,,,,2,Two,,
DATAFLOW,OECD.ENV.EPI:DSD_AIR_GHG@DF_AIR_GHG(1.0),Air emissions - Greenhouse gas emissions Inventories,I,GUY,Guyana,A,Annual,CO2,Carbon dioxide,_T,Total emissions excluding LULUCF,T_CO2E,Tonnes of CO2-equivalent,2019,,2846.8863279085,,A,Normal value,3,Thousands,,,,,2,Two,,
DATAFLOW,OECD.ENV.EPI:DSD_AIR_GHG@DF_AIR_GHG(1.0),Air emissions - Greenhouse gas emissions Inventories,I,VAT,Holy See,A,Annual,CO2,Carbon dioxide,_T,Total emissions excluding LULUCF,T_CO2E,Tonnes of CO2-equivalent,2019,,14.808460410928,,A,Normal value,3,Thousands,,,,,2,Two,,
DATAFLOW,OECD.ENV.EPI:DSD_AIR_GHG@DF_AIR_GHG(1.0),Air emissions - Greenhouse gas emissions Inventories,I,IDN,Indonesia,A,Annual,CO2,Carbon dioxide,_T,Total emissions excluding LULUCF,T_CO2E,Tonnes of CO2-equivalent,2019,,691999.87230588,,A,Normal value,3,Thousands,,,,,2,Two,,
DATAFLOW,OECD.ENV.EPI:DSD_AIR_GHG@DF_AIR_GHG(1.0),Air emissions - Greenhouse gas emissions Inventories,I,KAZ,Kazakhstan,A,Annual,CO2,Carbon dioxide,_T,Total emissions excluding LULUCF,T_CO2E,Tonnes of CO2-equivalent,2019,,303949.73979914,,A,Normal value,3,Thousands,,,,,2,Two,,
DATAFLOW,OECD.ENV.EPI:DSD_AIR_GHG@DF_AIR_GHG(1.0),Air emissions - Greenhouse gas emissions Inventories,I,KEN,Kenya,A,Annual,CO2,Carbon dioxide,_T,Total emissions excluding LULUCF,T_CO2E,Tonnes of CO2-equivalent,2019,,18145.465809786,,A,Normal value,3,Thousands,,,,,2,Two,,
DATAFLOW,OECD.ENV.EPI:DSD_AIR_GHG@DF_AIR_GHG(1.0),Air emissions - Greenhouse gas emissions Inventories,I,LIE,Liechtenstein,A,Annual,CO2,Carbon dioxide,_T,Total emissions excluding LULUCF,T_CO2E,Tonnes of CO2-equivalent,2019,,149.21279477141,,A,Normal value,3,Thousands,,,,,2,Two,,
DATAFLOW,OECD.ENV.EPI:DSD_AIR_GHG@DF_AIR_GHG(1.0),Air emissions - Greenhouse gas emissions Inventories,I,MYS,Malaysia,A,Annual,CO2,Carbon dioxide,_T,Total emissions excluding LULUCF,T_CO2E,Tonnes of CO2-equivalent,2019,,269451.53595205,,A,Normal value,3,Thousands,,,,,2,Two,,
DATAFLOW,OECD.ENV.EPI:DSD_AIR_GHG@DF_AIR_GHG(1.0),Air emissions - Greenhouse gas emissions Inventories,I,MDV,Maldives,A,Annual,CO2,Carbon dioxide,_T,Total emissions excluding LULUCF,T_CO2E,Tonnes of CO2-equivalent,2019,,2097.5627171612,,A,Normal value,3,Thousands,,,,,2,Two,,
DATAFLOW,OECD.ENV.EPI:DSD_AIR_GHG@DF_AIR_GHG(1.0),Air emissions - Greenhouse gas emissions Inventories,I,MLT,Malta,A,Annual,CO2,Carbon dioxide,_T,Total emissions excluding LULUCF,T_CO2E,Tonnes of CO2-equivalent,2019,,1649.2872805513,,A,Normal value,3,Thousands,,,,,2,Two,,
DATAFLOW,OECD.ENV.EPI:DSD_AIR_GHG@DF_AIR_GHG(1.0),Air emissions - Greenhouse gas emissions Inventories,I,MUS,Mauritius,A,Annual,CO2,Carbon dioxide,_T,Total emissions excluding LULUCF,T_CO2E,Tonnes of CO2-equivalent,2019,,4540.6301485329,,A,Normal value,3,Thousands,,,,,2,Two,,
DATAFLOW,OECD.ENV.EPI:DSD_AIR_GHG@DF_AIR_GHG(1.0),Air emissions - Greenhouse gas emissions Inventories,I,MDA,Moldova,A,Annual,CO2,Carbon dioxide,_T,Total emissions excluding LULUCF,T_CO2E,Tonnes of CO2-equivalent,2019,,9364.1846944238,,A,Normal value,3,Thousands,,,,,2,Two,,
DATAFLOW,OECD.ENV.EPI:DSD_AIR_GHG@DF_AIR_GHG(1.0),Air emissions - Greenhouse gas emissions Inventories,I,MCO,Monaco,A,Annual,CO2,Carbon dioxide,_T,Total emissions excluding LULUCF,T_CO2E,Tonnes of CO2-equivalent,2019,,71.040931753105,,A,Normal value,3,Thousands,,,,,2,Two,,
DATAFLOW,OECD.ENV.EPI:DSD_AIR_GHG@DF_AIR_GHG(1.0),Air emissions - Greenhouse gas emissions Inventories,I,NAM,Namibia,A,Annual,CO2,Carbon dioxide,_T,Total emissions excluding LULUCF,T_CO2E,Tonnes of CO2-equivalent,2019,,3893.6357203863,,A,Normal value,3,Thousands,,,,,2,Two,,
DATAFLOW,OECD.ENV.EPI:DSD_AIR_GHG@DF_AIR_GHG(1.0),Air emissions - Greenhouse gas emissions Inventories,I,NPL,Nepal,A,Annual,CO2,Carbon dioxide,_T,Total emissions excluding LULUCF,T_CO2E,Tonnes of CO2-equivalent,2019,,14246.913698662,,A,Normal value,3,Thousands,,,,,2,Two,,
DATAFLOW,OECD.ENV.EPI:DSD_AIR_GHG@DF_AIR_GHG(1.0),Air emissions - Greenhouse gas emissions Inventories,I,NGA,Nigeria,A,Annual,CO2,Carbon dioxide,_T,Total emissions excluding LULUCF,T_CO2E,Tonnes of CO2-equivalent,2019,,130401.55032681,,A,Normal value,3,Thousands,,,,,2,Two,,
DATAFLOW,OECD.ENV.EPI:DSD_AIR_GHG@DF_AIR_GHG(1.0),Air emissions - Greenhouse gas emissions Inventories,I,PAN,Panama,A,Annual,CO2,Carbon dioxide,_T,Total emissions excluding LULUCF,T_CO2E,Tonnes of CO2-equivalent,2019,,15574.566356271,,A,Normal value,3,Thousands,,,,,2,Two,,
DATAFLOW,OECD.ENV.EPI:DSD_AIR_GHG@DF_AIR_GHG(1.0),Air emissions - Greenhouse gas emissions Inventories,I,PER,Peru,A,Annual,CO2,Carbon dioxide,_T,Total emissions excluding LULUCF,T_CO2E,Tonnes of CO2-equivalent,2019,,164487.33983036,,A,Normal value,3,Thousands,,,,,2,Two,,
DATAFLOW,OECD.ENV.EPI:DSD_AIR_GHG@DF_AIR_GHG(1.0),Air emissions - Greenhouse gas emissions Inventories,I,ROU,Romania,A,Annual,CO2,Carbon dioxide,_T,Total emissions excluding LULUCF,T_CO2E,Tonnes of CO2-equivalent,2019,,72358.085255445,,A,Normal value,3,Thousands,,,,,2,Two,,
DATAFLOW,OECD.ENV.EPI:DSD_AIR_GHG@DF_AIR_GHG(1.0),Air emissions - Greenhouse gas emissions Inventories,I,RWA,Rwanda,A,Annual,CO2,Carbon dioxide,_T,Total emissions excluding LULUCF,T_CO2E,Tonnes of CO2-equivalent,2019,,-2221.0178902042,,A,Normal value,3,Thousands,,,,,2,Two,,
DATAFLOW,OECD.ENV.EPI:DSD_AIR_GHG@DF_AIR_GHG(1.0),Air emissions - Greenhouse gas emissions Inventories,I,SAU,Saudi Arabia,A,Annual,CO2,Carbon dioxide,_T,Total emissions excluding LULUCF,T_CO2E,Tonnes of CO2-equivalent,2019,,610155.72232084,,A,Normal value,3,Thousands,,,,,2,Two,,
DATAFLOW,OECD.ENV.EPI:DSD_AIR_GHG@DF_AIR_GHG(1.0),Air emissions - Greenhouse gas emissions Inventories,I,SRB,Serbia,A,Annual,CO2,Carbon dioxide,_T,Total emissions excluding LULUCF,T_CO2E,Tonnes of CO2-equivalent,2019,,50770.480972887,,A,Normal value,3,Thousands,,,,,2,Two,,
DATAFLOW,OECD.ENV.EPI:DSD_AIR_GHG@DF_AIR_GHG(1.0),Air emissions - Greenhouse gas emissions Inventories,I,SGP,Singapore,A,Annual,CO2,Carbon dioxide,_T,Total emissions excluding LULUCF,T_CO2E,Tonnes of CO2-equivalent,2019,,49703.38426826,,A,Normal value,3,Thousands,,,,,2,Two,,
DATAFLOW,OECD.ENV.EPI:DSD_AIR_GHG@DF_AIR_GHG(1.0),Air emissions - Greenhouse gas emissions Inventories,I,SLB,Solomon Islands,A,Annual,CO2,Carbon dioxide,_T,Total emissions excluding LULUCF,T_CO2E,Tonnes of CO2-equivalent,2019,,-25537.694951032,,A,Normal value,3,Thousands,,,,,2,Two,,
DATAFLOW,OECD.ENV.EPI:DSD_AIR_GHG@DF_AIR_GHG(1.0),Air emissions - Greenhouse gas emissions Inventories,I,ZAF,South Africa,A,Annual,CO2,Carbon dioxide,_T,Total emissions excluding LULUCF,T_CO2E,Tonnes of CO2-equivalent,2019,,413741.41490486,,A,Normal value,3,Thousands,,,,,2,Two,,
DATAFLOW,OECD.ENV.EPI:DSD_AIR_GHG@DF_AIR_GHG(1.0),Air emissions - Greenhouse gas emissions Inventories,I,UKR,Ukraine,A,Annual,CO2,Carbon dioxide,_T,Total emissions excluding LULUCF,T_CO2E,Tonnes of CO2-equivalent,2019,,222187.89673777,,A,Normal value,3,Thousands,,,,,2,Two,,
DATAFLOW,OECD.ENV.EPI:DSD_AIR_GHG@DF_AIR_GHG(1.0),Air emissions - Greenhouse gas emissions Inventories,I,UZB,Uzbekistan,A,Annual,CO2,Carbon dioxide,_T,Total emissions excluding LULUCF,T_CO2E,Tonnes of CO2-equivalent,2019,,115397.18249336,,A,Normal value,3,Thousands,,,,,2,Two,,
DATAFLOW,OECD.ENV.EPI:DSD_AIR_GHG@DF_AIR_GHG(1.0),Air emissions - Greenhouse gas emissions Inventories,I,VEN,Venezuela,A,Annual,CO2,Carbon dioxide,_T,Total emissions excluding LULUCF,T_CO2E,Tonnes of CO2-equivalent,2019,,100196.61120068,,A,Normal value,3,Thousands,,,,,2,Two,,
DATAFLOW,OECD.ENV.EPI:DSD_AIR_GHG@DF_AIR_GHG(1.0),Air emissions - Greenhouse gas emissions Inventories,I,ZWE,Zimbabwe,A,Annual,CO2,Carbon dioxide,_T,Total emissions excluding LULUCF,T_CO2E,Tonnes of CO2-equivalent,2019,,10991.543613797,,A,Normal value,3,Thousands,,,,,2,Two,,
DATAFLOW,OECD.ENV.EPI:DSD_AIR_GHG@DF_AIR_GHG(1.0),Air emissions - Greenhouse gas emissions Inventories,I,AUS,Australia,A,Annual,CO2,Carbon dioxide,_T,Total emissions excluding LULUCF,T_CO2E,Tonnes of CO2-equivalent,2018,,415220.53179049,,A,Normal value,3,Thousands,,,,,2,Two,,
DATAFLOW,OECD.ENV.EPI:DSD_AIR_GHG@DF_AIR_GHG(1.0),Air emissions - Greenhouse gas emissions Inventories,I,AUT,Austria,A,Annual,CO2,Carbon dioxide,_T,Total emissions excluding LULUCF,T_CO2E,Tonnes of CO2-equivalent,2018,,66482.756005365,,A,Normal value,3,Thousands,,,,,2,Two,,
DATAFLOW,OECD.ENV.EPI:DSD_AIR_GHG@DF_AIR_GHG(1.0),Air emissions - Greenhouse gas emissions Inventories,I,BEL,Belgium,A,Annual,CO2,Carbon dioxide,_T,Total emissions excluding LULUCF,T_CO2E,Tonnes of CO2-equivalent,2018,,100321.249338,,A,Normal value,3,Thousands,,,,,2,Two,,
DATAFLOW,OECD.ENV.EPI:DSD_AIR_GHG@DF_AIR_GHG(1.0),Air emissions - Greenhouse gas emissions Inventories,I,CAN,Canada,A,Annual,CO2,Carbon dioxide,_T,Total emissions excluding LULUCF,T_CO2E,Tonnes of CO2-equivalent,2018,,575843.90451846,,A,Normal value,3,Thousands,,,,,2,Two,,
DATAFLOW,OECD.ENV.EPI:DSD_AIR_GHG@DF_AIR_GHG(1.0),Air emissions - Greenhouse gas emissions Inventories,I,CHL,Chile,A,Annual,CO2,Carbon dioxide,_T,Total emissions excluding LULUCF,T_CO2E,Tonnes of CO2-equivalent,2018,,82830.23,,A,Normal value,3,Thousands,,,,,2,Two,,
DATAFLOW,OECD.ENV.EPI:DSD_AIR_GHG@DF_AIR_GHG(1.0),Air emissions - Greenhouse gas emissions Inventories,I,COL,Colombia,A,Annual,CO2,Carbon dioxide,_T,Total emissions excluding LULUCF,T_CO2E,Tonnes of CO2-equivalent,2018,,87905.08,,A,Normal value,3,Thousands,,,,,2,Two,,
DATAFLOW,OECD.ENV.EPI:DSD_AIR_GHG@DF_AIR_GHG(1.0),Air emissions - Greenhouse gas emissions Inventories,I,CRI,Costa Rica,A,Annual,CO2,Carbon dioxide,_T,Total emissions excluding LULUCF,T_CO2E,Tonnes of CO2-equivalent,2018,,8210.46,,A,Normal value,3,Thousands,,,,,2,Two,,
DATAFLOW,OECD.ENV.EPI:DSD_AIR_GHG@DF_AIR_GHG(1.0),Air emissions - Greenhouse gas emissions Inventories,I,CZE,Czechia,A,Annual,CO2,Carbon dioxide,_T,Total emissions excluding LULUCF,T_CO2E,Tonnes of CO2-equivalent,2018,,106363.45803242,,A,Normal value,3,Thousands,,,,,2,Two,,
DATAFLOW,OECD.ENV.EPI:DSD_AIR_GHG@DF_AIR_GHG(1.0),Air emissions - Greenhouse gas emissions Inventories,I,DNK,Denmark,A,Annual,CO2,Carbon dioxide,_T,Total emissions excluding LULUCF,T_CO2E,Tonnes of CO2-equivalent,2018,,36117.025413685,,A,Normal value,3,Thousands,,,,,2,Two,,
DATAFLOW,OECD.ENV.EPI:DSD_AIR_GHG@DF_AIR_GHG(1.0),Air emissions - Greenhouse gas emissions Inventories,I,EST,Estonia,A,Annual,CO2,Carbon dioxide,_T,Total emissions excluding LULUCF,T_CO2E,Tonnes of CO2-equivalent,2018,,17800.596200559,,A,Normal value,3,Thousands,,,,,2,Two,,
DATAFLOW,OECD.ENV.EPI:DSD_AIR_GHG@DF_AIR_GHG(1.0),Air emissions - Greenhouse gas emissions Inventories,I,FIN,Finland,A,Annual,CO2,Carbon dioxide,_T,Total emissions excluding LULUCF,T_CO2E,Tonnes of CO2-equivalent,2018,,45733.902649399,,A,Normal value,3,Thousands,,,,,2,Two,,
DATAFLOW,OECD.ENV.EPI:DSD_AIR_GHG@DF_AIR_GHG(1.0),Air emissions - Greenhouse gas emissions Inventories,I,FRA,France,A,Annual,CO2,Carbon dioxide,_T,Total emissions excluding LULUCF,T_CO2E,Tonnes of CO2-equivalent,2018,,339644.01846413,,A,Normal value,3,Thousands,,,,,2,Two,,
DATAFLOW,OECD.ENV.EPI:DSD_AIR_GHG@DF_AIR_GHG(1.0),Air emissions - Greenhouse gas emissions Inventories,I,DEU,Germany,A,Annual,CO2,Carbon dioxide,_T,Total emissions excluding LULUCF,T_CO2E,Tonnes of CO2-equivalent,2018,,758195.2075149,,A,Normal value,3,Thousands,,,,,2,Two,,
DATAFLOW,OECD.ENV.EPI:DSD_AIR_GHG@DF_AIR_GHG(1.0),Air emissions - Greenhouse gas emissions Inventories,I,GRC,Greece,A,Annual,CO2,Carbon dioxide,_T,Total emissions excluding LULUCF,T_CO2E,Tonnes of CO2-equivalent,2018,,71785.005757681,,A,Normal value,3,Thousands,,,,,2,Two,,
DATAFLOW,OECD.ENV.EPI:DSD_AIR_GHG@DF_AIR_GHG(1.0),Air emissions - Greenhouse gas emissions Inventories,I,HUN,Hungary,A,Annual,CO2,Carbon dioxide,_T,Total emissions excluding LULUCF,T_CO2E,Tonnes of CO2-equivalent,2018,,49367.415951535,,A,Normal value,3,Thousands,,,,,2,Two,,
DATAFLOW,OECD.ENV.EPI:DSD_AIR_GHG@DF_AIR_GHG(1.0),Air emissions - Greenhouse gas emissions Inventories,I,ISL,Iceland,A,Annual,CO2,Carbon dioxide,_T,Total emissions excluding LULUCF,T_CO2E,Tonnes of CO2-equivalent,2018,,3671.7068390061,,A,Normal value,3,Thousands,,,,,2,Two,,
DATAFLOW,OECD.ENV.EPI:DSD_AIR_GHG@DF_AIR_GHG(1.0),Air emissions - Greenhouse gas emissions Inventories,I,IRL,Ireland,A,Annual,CO2,Carbon dioxide,_T,Total emissions excluding LULUCF,T_CO2E,Tonnes of CO2-equivalent,2018,,38758.733427284,,A,Normal value,3,Thousands,,,,,2,Two,,
DATAFLOW,OECD.ENV.EPI:DSD_AIR_GHG@DF_AIR_GHG(1.0),Air emissions - Greenhouse gas emissions Inventories,I,ISR,Israel,A,Annual,CO2,Carbon dioxide,_T,Total emissions excluding LULUCF,T_CO2E,Tonnes of CO2-equivalent,2018,,64640.62,,A,Normal value,3,Thousands,,,,,2,Two,,
DATAFLOW,OECD.ENV.EPI:DSD_AIR_GHG@DF_AIR_GHG(1.0),Air emissions - Greenhouse gas emissions Inventories,I,ITA,Italy,A,Annual,CO2,Carbon dioxide,_T,Total emissions excluding LULUCF,T_CO2E,Tonnes of CO2-equivalent,2018,,347137.78794475,,A,Normal value,3,Thousands,,,,,2,Two,,
DATAFLOW,OECD.ENV.EPI:DSD_AIR_GHG@DF_AIR_GHG(1.0),Air emissions - Greenhouse gas emissions Inventories,I,JPN,Japan,A,Annual,CO2,Carbon dioxide,_T,Total emissions excluding LULUCF,T_CO2E,Tonnes of CO2-equivalent,2018,,1136470.9451647,,A,Normal value,3,Thousands,,,,,2,Two,,
DATAFLOW,OECD.ENV.EPI:DSD_AIR_GHG@DF_AIR_GHG(1.0),Air emissions - Greenhouse gas emissions Inventories,I,KOR,Korea,A,Annual,CO2,Carbon dioxide,_T,Total emissions excluding LULUCF,T_CO2E,Tonnes of CO2-equivalent,2018,,697579.19,,A,Normal value,3,Thousands,,,,,2,Two,,
DATAFLOW,OECD.ENV.EPI:DSD_AIR_GHG@DF_AIR_GHG(1.0),Air emissions - Greenhouse gas emissions Inventories,I,LVA,Latvia,A,Annual,CO2,Carbon dioxide,_T,Total emissions excluding LULUCF,T_CO2E,Tonnes of CO2-equivalent,2018,,7843.268519002,,A,Normal value,3,Thousands,,,,,2,Two,,
DATAFLOW,OECD.ENV.EPI:DSD_AIR_GHG@DF_AIR_GHG(1.0),Air emissions - Greenhouse gas emissions Inventories,I,LTU,Lithuania,A,Annual,CO2,Carbon dioxide,_T,Total emissions excluding LULUCF,T_CO2E,Tonnes of CO2-equivalent,2018,,13396.166226672,,A,Normal value,3,Thousands,,,,,2,Two,,
DATAFLOW,OECD.ENV.EPI:DSD_AIR_GHG@DF_AIR_GHG(1.0),Air emissions - Greenhouse gas emissions Inventories,I,LUX,Luxembourg,A,Annual,CO2,Carbon dioxide,_T,Total emissions excluding LULUCF,T_CO2E,Tonnes of CO2-equivalent,2018,,9557.4692976594,,A,Normal value,3,Thousands,,,,,2,Two,,
DATAFLOW,OECD.ENV.EPI:DSD_AIR_GHG@DF_AIR_GHG(1.0),Air emissions - Greenhouse gas emissions Inventories,I,MEX,Mexico,A,Annual,CO2,Carbon dioxide,_T,Total emissions excluding LULUCF,T_CO2E,Tonnes of CO2-equivalent,2018,,359191.69,,A,Normal value,3,Thousands,,,,,2,Two,,
DATAFLOW,OECD.ENV.EPI:DSD_AIR_GHG@DF_AIR_GHG(1.0),Air emissions - Greenhouse gas emissions Inventories,I,NLD,Netherlands,A,Annual,CO2,Carbon dioxide,_T,Total emissions excluding LULUCF,T_CO2E,Tonnes of CO2-equivalent,2018,,158205.54664748,,A,Normal value,3,Thousands,,,,,2,Two,,
DATAFLOW,OECD.ENV.EPI:DSD_AIR_GHG@DF_AIR_GHG(1.0),Air emissions - Greenhouse gas emissions Inventories,I,NZL,New Zealand,A,Annual,CO2,Carbon dioxide,_T,Total emissions excluding LULUCF,T_CO2E,Tonnes of CO2-equivalent,2018,,35712.690623509,,A,Normal value,3,Thousands,,,,,2,Two,,
DATAFLOW,OECD.ENV.EPI:DSD_AIR_GHG@DF_AIR_GHG(1.0),Air emissions - Greenhouse gas emissions Inventories,I,NOR,Norway,A,Annual,CO2,Carbon dioxide,_T,Total emissions excluding LULUCF,T_CO2E,Tonnes of CO2-equivalent,2018,,44196.366432366,,A,Normal value,3,Thousands,,,,,2,Two,,
DATAFLOW,OECD.ENV.EPI:DSD_AIR_GHG@DF_AIR_GHG(1.0),Air emissions - Greenhouse gas emissions Inventories,I,POL,Poland,A,Annual,CO2,Carbon dioxide,_T,Total emissions excluding LULUCF,T_CO2E,Tonnes of CO2-equivalent,2018,,335637.27990333,,A,Normal value,3,Thousands,,,,,2,Two,,
DATAFLOW,OECD.ENV.EPI:DSD_AIR_GHG@DF_AIR_GHG(1.0),Air emissions - Greenhouse gas emissions Inventories,I,PRT,Portugal,A,Annual,CO2,Carbon dioxide,_T,Total emissions excluding LULUCF,T_CO2E,Tonnes of CO2-equivalent,2018,,51245.177139274,,A,Normal value,3,Thousands,,,,,2,Two,,
DATAFLOW,OECD.ENV.EPI:DSD_AIR_GHG@DF_AIR_GHG(1.0),Air emissions - Greenhouse gas emissions Inventories,I,SVK,Slovak Republic,A,Annual,CO2,Carbon dioxide,_T,Total emissions excluding LULUCF,T_CO2E,Tonnes of CO2-equivalent,2018,,36153.973978921,,A,Normal value,3,Thousands,,,,,2,Two,,
DATAFLOW,OECD.ENV.EPI:DSD_AIR_GHG@DF_AIR_GHG(1.0),Air emissions - Greenhouse gas emissions Inventories,I,SVN,Slovenia,A,Annual,CO2,Carbon dioxide,_T,Total emissions excluding LULUCF,T_CO2E,Tonnes of CO2-equivalent,2018,,14565.451581065,,A,Normal value,3,Thousands,,,,,2,Two,,
DATAFLOW,OECD.ENV.EPI:DSD_AIR_GHG@DF_AIR_GHG(1.0),Air emissions - Greenhouse gas emissions Inventories,I,ESP,Spain,A,Annual,CO2,Carbon dioxide,_T,Total emissions excluding LULUCF,T_CO2E,Tonnes of CO2-equivalent,2018,,265836.62473326,,A,Normal value,3,Thousands,,,,,2,Two,,
DATAFLOW,OECD.ENV.EPI:DSD_AIR_GHG@DF_AIR_GHG(1.0),Air emissions - Greenhouse gas emissions Inventories,I,SWE,Sweden,A,Annual,CO2,Carbon dioxide,_T,Total emissions excluding LULUCF,T_CO2E,Tonnes of CO2-equivalent,2018,,41836.366505634,,A,Normal value,3,Thousands,,,,,2,Two,,
DATAFLOW,OECD.ENV.EPI:DSD_AIR_GHG@DF_AIR_GHG(1.0),Air emissions - Greenhouse gas emissions Inventories,I,CHE,Switzerland,A,Annual,CO2,Carbon dioxide,_T,Total emissions excluding LULUCF,T_CO2E,Tonnes of CO2-equivalent,2018,,36945.352721586,,A,Normal value,3,Thousands,,,,,2,Two,,
DATAFLOW,OECD.ENV.EPI:DSD_AIR_GHG@DF_AIR_GHG(1.0),Air emissions - Greenhouse gas emissions Inventories,I,TUR,Türkiye,A,Annual,CO2,Carbon dioxide,_T,Total emissions excluding LULUCF,T_CO2E,Tonnes of CO2-equivalent,2018,,427531.44467911,,A,Normal value,3,Thousands,,,,,2,Two,,
DATAFLOW,OECD.ENV.EPI:DSD_AIR_GHG@DF_AIR_GHG(1.0),Air emissions - Greenhouse gas emissions Inventories,I,GBR,United Kingdom,A,Annual,CO2,Carbon dioxide,_T,Total emissions excluding LULUCF,T_CO2E,Tonnes of CO2-equivalent,2018,,377878.92378181,,A,Normal value,3,Thousands,,,,,2,Two,,
DATAFLOW,OECD.ENV.EPI:DSD_AIR_GHG@DF_AIR_GHG(1.0),Air emissions - Greenhouse gas emissions Inventories,I,USA,United States,A,Annual,CO2,Carbon dioxide,_T,Total emissions excluding LULUCF,T_CO2E,Tonnes of CO2-equivalent,2018,,5362191.23,,A,Normal value,3,Thousands,,,,,2,Two,,
DATAFLOW,OECD.ENV.EPI:DSD_AIR_GHG@DF_AIR_GHG(1.0),Air emissions - Greenhouse gas emissions Inventories,I,EU27_2020,European Union (27 countries from 01/02/2020),A,Annual,CO2,Carbon dioxide,_T,Total emissions excluding LULUCF,T_CO2E,Tonnes of CO2-equivalent,2018,,2783722.355258,,A,Normal value,3,Thousands,,,,,2,Two,,
DATAFLOW,OECD.ENV.EPI:DSD_AIR_GHG@DF_AIR_GHG(1.0),Air emissions - Greenhouse gas emissions Inventories,I,DZA,Algeria,A,Annual,CO2,Carbon dioxide,_T,Total emissions excluding LULUCF,T_CO2E,Tonnes of CO2-equivalent,2018,,174605.04575386,,A,Normal value,3,Thousands,,,,,2,Two,,
DATAFLOW,OECD.ENV.EPI:DSD_AIR_GHG@DF_AIR_GHG(1.0),Air emissions - Greenhouse gas emissions Inventories,I,ARG,Argentina,A,Annual,CO2,Carbon dioxide,_T,Total emissions excluding LULUCF,T_CO2E,Tonnes of CO2-equivalent,2018,,189755.68950435,,A,Normal value,3,Thousands,,,,,2,Two,,
DATAFLOW,OECD.ENV.EPI:DSD_AIR_GHG@DF_AIR_GHG(1.0),Air emissions - Greenhouse gas emissions Inventories,I,BRA,Brazil,A,Annual,CO2,Carbon dioxide,_T,Total emissions excluding LULUCF,T_CO2E,Tonnes of CO2-equivalent,2018,,499345.85944137,,A,Normal value,3,Thousands,,,,,2,Two,,
DATAFLOW,OECD.ENV.EPI:DSD_AIR_GHG@DF_AIR_GHG(1.0),Air emissions - Greenhouse gas emissions Inventories,I,BRN,Brunei Darussalam,A,Annual,CO2,Carbon dioxide,_T,Total emissions excluding LULUCF,T_CO2E,Tonnes of CO2-equivalent,2018,,8947.7693879435,,A,Normal value,3,Thousands,,,,,2,Two,,
DATAFLOW,OECD.ENV.EPI:DSD_AIR_GHG@DF_AIR_GHG(1.0),Air emissions - Greenhouse gas emissions Inventories,I,BGR,Bulgaria,A,Annual,CO2,Carbon dioxide,_T,Total emissions excluding LULUCF,T_CO2E,Tonnes of CO2-equivalent,2018,,43503.250350741,,A,Normal value,3,Thousands,,,,,2,Two,,
DATAFLOW,OECD.ENV.EPI:DSD_AIR_GHG@DF_AIR_GHG(1.0),Air emissions - Greenhouse gas emissions Inventories,I,CIV,Côte d’Ivoire,A,Annual,CO2,Carbon dioxide,_T,Total emissions excluding LULUCF,T_CO2E,Tonnes of CO2-equivalent,2018,,6888.6696567673,,A,Normal value,3,Thousands,,,,,2,Two,,
DATAFLOW,OECD.ENV.EPI:DSD_AIR_GHG@DF_AIR_GHG(1.0),Air emissions - Greenhouse gas emissions Inventories,I,HRV,Croatia,A,Annual,CO2,Carbon dioxide,_T,Total emissions excluding LULUCF,T_CO2E,Tonnes of CO2-equivalent,2018,,17694.511824027,,A,Normal value,3,Thousands,,,,,2,Two,,
DATAFLOW,OECD.ENV.EPI:DSD_AIR_GHG@DF_AIR_GHG(1.0),Air emissions - Greenhouse gas emissions Inventories,I,CUB,Cuba,A,Annual,CO2,Carbon dioxide,_T,Total emissions excluding LULUCF,T_CO2E,Tonnes of CO2-equivalent,2018,,29727.498764303,,A,Normal value,3,Thousands,,,,,2,Two,,
DATAFLOW,OECD.ENV.EPI:DSD_AIR_GHG@DF_AIR_GHG(1.0),Air emissions - Greenhouse gas emissions Inventories,I,CYP,Cyprus,A,Annual,CO2,Carbon dioxide,_T,Total emissions excluding LULUCF,T_CO2E,Tonnes of CO2-equivalent,2018,,7326.6879156516,,A,Normal value,3,Thousands,,,,,2,Two,,
DATAFLOW,OECD.ENV.EPI:DSD_AIR_GHG@DF_AIR_GHG(1.0),Air emissions - Greenhouse gas emissions Inventories,I,EGY,Egypt,A,Annual,CO2,Carbon dioxide,_T,Total emissions excluding LULUCF,T_CO2E,Tonnes of CO2-equivalent,2018,,274394.32556588,,A,Normal value,3,Thousands,,,,,2,Two,,
DATAFLOW,OECD.ENV.EPI:DSD_AIR_GHG@DF_AIR_GHG(1.0),Air emissions - Greenhouse gas emissions Inventories,I,GEO,Georgia,A,Annual,CO2,Carbon dioxide,_T,Total emissions excluding LULUCF,T_CO2E,Tonnes of CO2-equivalent,2018,,10455.559706003,,A,Normal value,3,Thousands,,,,,2,Two,,
DATAFLOW,OECD.ENV.EPI:DSD_AIR_GHG@DF_AIR_GHG(1.0),Air emissions - Greenhouse gas emissions Inventories,I,GHA,Ghana,A,Annual,CO2,Carbon dioxide,_T,Total emissions excluding LULUCF,T_CO2E,Tonnes of CO2-equivalent,2018,,18467.70557488,,A,Normal value,3,Thousands,,,,,2,Two,,
DATAFLOW,OECD.ENV.EPI:DSD_AIR_GHG@DF_AIR_GHG(1.0),Air emissions - Greenhouse gas emissions Inventories,I,GTM,Guatemala,A,Annual,CO2,Carbon dioxide,_T,Total emissions excluding LULUCF,T_CO2E,Tonnes of CO2-equivalent,2018,,19618.840667916,,A,Normal value,3,Thousands,,,,,2,Two,,
DATAFLOW,OECD.ENV.EPI:DSD_AIR_GHG@DF_AIR_GHG(1.0),Air emissions - Greenhouse gas emissions Inventories,I,GNB,Guinea-Bissau,A,Annual,CO2,Carbon dioxide,_T,Total emissions excluding LULUCF,T_CO2E,Tonnes of CO2-equivalent,2018,,218.95665295067,,A,Normal value,3,Thousands,,,,,2,Two,,
DATAFLOW,OECD.ENV.EPI:DSD_AIR_GHG@DF_AIR_GHG(1.0),Air emissions - Greenhouse gas emissions Inventories,I,GUY,Guyana,A,Annual,CO2,Carbon dioxide,_T,Total emissions excluding LULUCF,T_CO2E,Tonnes of CO2-equivalent,2018,,2535.6860614526,,A,Normal value,3,Thousands,,,,,2,Two,,
DATAFLOW,OECD.ENV.EPI:DSD_AIR_GHG@DF_AIR_GHG(1.0),Air emissions - Greenhouse gas emissions Inventories,I,VAT,Holy See,A,Annual,CO2,Carbon dioxide,_T,Total emissions excluding LULUCF,T_CO2E,Tonnes of CO2-equivalent,2018,,14.70061671552,,A,Normal value,3,Thousands,,,,,2,Two,,
DATAFLOW,OECD.ENV.EPI:DSD_AIR_GHG@DF_AIR_GHG(1.0),Air emissions - Greenhouse gas emissions Inventories,I,IDN,Indonesia,A,Annual,CO2,Carbon dioxide,_T,Total emissions excluding LULUCF,T_CO2E,Tonnes of CO2-equivalent,2018,,649263.48979576,,A,Normal value,3,Thousands,,,,,2,Two,,
DATAFLOW,OECD.ENV.EPI:DSD_AIR_GHG@DF_AIR_GHG(1.0),Air emissions - Greenhouse gas emissions Inventories,I,KAZ,Kazakhstan,A,Annual,CO2,Carbon dioxide,_T,Total emissions excluding LULUCF,T_CO2E,Tonnes of CO2-equivalent,2018,,352755.18797007,,A,Normal value,3,Thousands,,,,,2,Two,,
DATAFLOW,OECD.ENV.EPI:DSD_AIR_GHG@DF_AIR_GHG(1.0),Air emissions - Greenhouse gas emissions Inventories,I,KEN,Kenya,A,Annual,CO2,Carbon dioxide,_T,Total emissions excluding LULUCF,T_CO2E,Tonnes of CO2-equivalent,2018,,18400.688158435,,A,Normal value,3,Thousands,,,,,2,Two,,
DATAFLOW,OECD.ENV.EPI:DSD_AIR_GHG@DF_AIR_GHG(1.0),Air emissions - Greenhouse gas emissions Inventories,I,LIE,Liechtenstein,A,Annual,CO2,Carbon dioxide,_T,Total emissions excluding LULUCF,T_CO2E,Tonnes of CO2-equivalent,2018,,143.17930366571,,A,Normal value,3,Thousands,,,,,2,Two,,
DATAFLOW,OECD.ENV.EPI:DSD_AIR_GHG@DF_AIR_GHG(1.0),Air emissions - Greenhouse gas emissions Inventories,I,MYS,Malaysia,A,Annual,CO2,Carbon dioxide,_T,Total emissions excluding LULUCF,T_CO2E,Tonnes of CO2-equivalent,2018,,258848.02858597,,A,Normal value,3,Thousands,,,,,2,Two,,
DATAFLOW,OECD.ENV.EPI:DSD_AIR_GHG@DF_AIR_GHG(1.0),Air emissions - Greenhouse gas emissions Inventories,I,MDV,Maldives,A,Annual,CO2,Carbon dioxide,_T,Total emissions excluding LULUCF,T_CO2E,Tonnes of CO2-equivalent,2018,,1903.7923380441,,A,Normal value,3,Thousands,,,,,2,Two,,
DATAFLOW,OECD.ENV.EPI:DSD_AIR_GHG@DF_AIR_GHG(1.0),Air emissions - Greenhouse gas emissions Inventories,I,MLT,Malta,A,Annual,CO2,Carbon dioxide,_T,Total emissions excluding LULUCF,T_CO2E,Tonnes of CO2-equivalent,2018,,1547.7740158131,,A,Normal value,3,Thousands,,,,,2,Two,,
DATAFLOW,OECD.ENV.EPI:DSD_AIR_GHG@DF_AIR_GHG(1.0),Air emissions - Greenhouse gas emissions Inventories,I,MUS,Mauritius,A,Annual,CO2,Carbon dioxide,_T,Total emissions excluding LULUCF,T_CO2E,Tonnes of CO2-equivalent,2018,,4509.0315766287,,A,Normal value,3,Thousands,,,,,2,Two,,
DATAFLOW,OECD.ENV.EPI:DSD_AIR_GHG@DF_AIR_GHG(1.0),Air emissions - Greenhouse gas emissions Inventories,I,MDA,Moldova,A,Annual,CO2,Carbon dioxide,_T,Total emissions excluding LULUCF,T_CO2E,Tonnes of CO2-equivalent,2018,,9293.2111976834,,A,Normal value,3,Thousands,,,,,2,Two,,
DATAFLOW,OECD.ENV.EPI:DSD_AIR_GHG@DF_AIR_GHG(1.0),Air emissions - Greenhouse gas emissions Inventories,I,MCO,Monaco,A,Annual,CO2,Carbon dioxide,_T,Total emissions excluding LULUCF,T_CO2E,Tonnes of CO2-equivalent,2018,,74.7931675178,,A,Normal value,3,Thousands,,,,,2,Two,,
DATAFLOW,OECD.ENV.EPI:DSD_AIR_GHG@DF_AIR_GHG(1.0),Air emissions - Greenhouse gas emissions Inventories,I,MAR,Morocco,A,Annual,CO2,Carbon dioxide,_T,Total emissions excluding LULUCF,T_CO2E,Tonnes of CO2-equivalent,2018,,65482.979650153,,A,Normal value,3,Thousands,,,,,2,Two,,
DATAFLOW,OECD.ENV.EPI:DSD_AIR_GHG@DF_AIR_GHG(1.0),Air emissions - Greenhouse gas emissions Inventories,I,NAM,Namibia,A,Annual,CO2,Carbon dioxide,_T,Total emissions excluding LULUCF,T_CO2E,Tonnes of CO2-equivalent,2018,,3774.9350398151,,A,Normal value,3,Thousands,,,,,2,Two,,
DATAFLOW,OECD.ENV.EPI:DSD_AIR_GHG@DF_AIR_GHG(1.0),Air emissions - Greenhouse gas emissions Inventories,I,NPL,Nepal,A,Annual,CO2,Carbon dioxide,_T,Total emissions excluding LULUCF,T_CO2E,Tonnes of CO2-equivalent,2018,,11702.451070259,,A,Normal value,3,Thousands,,,,,2,Two,,
DATAFLOW,OECD.ENV.EPI:DSD_AIR_GHG@DF_AIR_GHG(1.0),Air emissions - Greenhouse gas emissions Inventories,I,NGA,Nigeria,A,Annual,CO2,Carbon dioxide,_T,Total emissions excluding LULUCF,T_CO2E,Tonnes of CO2-equivalent,2018,,125496.15253903,,A,Normal value,3,Thousands,,,,,2,Two,,
DATAFLOW,OECD.ENV.EPI:DSD_AIR_GHG@DF_AIR_GHG(1.0),Air emissions - Greenhouse gas emissions Inventories,I,PAN,Panama,A,Annual,CO2,Carbon dioxide,_T,Total emissions excluding LULUCF,T_CO2E,Tonnes of CO2-equivalent,2018,,11976.064796739,,A,Normal value,3,Thousands,,,,,2,Two,,
DATAFLOW,OECD.ENV.EPI:DSD_AIR_GHG@DF_AIR_GHG(1.0),Air emissions - Greenhouse gas emissions Inventories,I,PER,Peru,A,Annual,CO2,Carbon dioxide,_T,Total emissions excluding LULUCF,T_CO2E,Tonnes of CO2-equivalent,2018,,158494.97650031,,A,Normal value,3,Thousands,,,,,2,Two,,
DATAFLOW,OECD.ENV.EPI:DSD_AIR_GHG@DF_AIR_GHG(1.0),Air emissions - Greenhouse gas emissions Inventories,I,ROU,Romania,A,Annual,CO2,Carbon dioxide,_T,Total emissions excluding LULUCF,T_CO2E,Tonnes of CO2-equivalent,2018,,75521.937585907,,A,Normal value,3,Thousands,,,,,2,Two,,
DATAFLOW,OECD.ENV.EPI:DSD_AIR_GHG@DF_AIR_GHG(1.0),Air emissions - Greenhouse gas emissions Inventories,I,RWA,Rwanda,A,Annual,CO2,Carbon dioxide,_T,Total emissions excluding LULUCF,T_CO2E,Tonnes of CO2-equivalent,2018,,-2767.1593953973,,A,Normal value,3,Thousands,,,,,2,Two,,
DATAFLOW,OECD.ENV.EPI:DSD_AIR_GHG@DF_AIR_GHG(1.0),Air emissions - Greenhouse gas emissions Inventories,I,SRB,Serbia,A,Annual,CO2,Carbon dioxide,_T,Total emissions excluding LULUCF,T_CO2E,Tonnes of CO2-equivalent,2018,,51369.041542102,,A,Normal value,3,Thousands,,,,,2,Two,,
DATAFLOW,OECD.ENV.EPI:DSD_AIR_GHG@DF_AIR_GHG(1.0),Air emissions - Greenhouse gas emissions Inventories,I,SGP,Singapore,A,Annual,CO2,Carbon dioxide,_T,Total emissions excluding LULUCF,T_CO2E,Tonnes of CO2-equivalent,2018,,51170.669226253,,A,Normal value,3,Thousands,,,,,2,Two,,
DATAFLOW,OECD.ENV.EPI:DSD_AIR_GHG@DF_AIR_GHG(1.0),Air emissions - Greenhouse gas emissions Inventories,I,SLB,Solomon Islands,A,Annual,CO2,Carbon dioxide,_T,Total emissions excluding LULUCF,T_CO2E,Tonnes of CO2-equivalent,2018,,-25907.01356529,,A,Normal value,3,Thousands,,,,,2,Two,,
DATAFLOW,OECD.ENV.EPI:DSD_AIR_GHG@DF_AIR_GHG(1.0),Air emissions - Greenhouse gas emissions Inventories,I,ZAF,South Africa,A,Annual,CO2,Carbon dioxide,_T,Total emissions excluding LULUCF,T_CO2E,Tonnes of CO2-equivalent,2018,,415955.84001552,,A,Normal value,3,Thousands,,,,,2,Two,,
DATAFLOW,OECD.ENV.EPI:DSD_AIR_GHG@DF_AIR_GHG(1.0),Air emissions - Greenhouse gas emissions Inventories,I,UKR,Ukraine,A,Annual,CO2,Carbon dioxide,_T,Total emissions excluding LULUCF,T_CO2E,Tonnes of CO2-equivalent,2018,,231899.98585644,,A,Normal value,3,Thousands,,,,,2,Two,,
DATAFLOW,OECD.ENV.EPI:DSD_AIR_GHG@DF_AIR_GHG(1.0),Air emissions - Greenhouse gas emissions Inventories,I,UZB,Uzbekistan,A,Annual,CO2,Carbon dioxide,_T,Total emissions excluding LULUCF,T_CO2E,Tonnes of CO2-equivalent,2018,,116265.60318483,,A,Normal value,3,Thousands,,,,,2,Two,,
DATAFLOW,OECD.ENV.EPI:DSD_AIR_GHG@DF_AIR_GHG(1.0),Air emissions - Greenhouse gas emissions Inventories,I,VEN,Venezuela,A,Annual,CO2,Carbon dioxide,_T,Total emissions excluding LULUCF,T_CO2E,Tonnes of CO2-equivalent,2018,,120530.96385434,,A,Normal value,3,Thousands,,,,,2,Two,,
DATAFLOW,OECD.ENV.EPI:DSD_AIR_GHG@DF_AIR_GHG(1.0),Air emissions - Greenhouse gas emissions Inventories,I,ZWE,Zimbabwe,A,Annual,CO2,Carbon dioxide,_T,Total emissions excluding LULUCF,T_CO2E,Tonnes of CO2-equivalent,2018,,11965.171689271,,A,Normal value,3,Thousands,,,,,2,Two,,
DATAFLOW,OECD.ENV.EPI:DSD_AIR_GHG@DF_AIR_GHG(1.0),Air emissions - Greenhouse gas emissions Inventories,I,AUS,Australia,A,Annual,CO2,Carbon dioxide,_T,Total emissions excluding LULUCF,T_CO2E,Tonnes of CO2-equivalent,2015,,400650.79760519,,A,Normal value,3,Thousands,,,,,2,Two,,
DATAFLOW,OECD.ENV.EPI:DSD_AIR_GHG@DF_AIR_GHG(1.0),Air emissions - Greenhouse gas emissions Inventories,I,AUT,Austria,A,Annual,CO2,Carbon dioxide,_T,Total emissions excluding LULUCF,T_CO2E,Tonnes of CO2-equivalent,2015,,66163.664479234,,A,Normal value,3,Thousands,,,,,2,Two,,
DATAFLOW,OECD.ENV.EPI:DSD_AIR_GHG@DF_AIR_GHG(1.0),Air emissions - Greenhouse gas emissions Inventories,I,BEL,Belgium,A,Annual,CO2,Carbon dioxide,_T,Total emissions excluding LULUCF,T_CO2E,Tonnes of CO2-equivalent,2015,,101398.15761358,,A,Normal value,3,Thousands,,,,,2,Two,,
DATAFLOW,OECD.ENV.EPI:DSD_AIR_GHG@DF_AIR_GHG(1.0),Air emissions - Greenhouse gas emissions Inventories,I,CAN,Canada,A,Annual,CO2,Carbon dioxide,_T,Total emissions excluding LULUCF,T_CO2E,Tonnes of CO2-equivalent,2015,,563159.17894002,,A,Normal value,3,Thousands,,,,,2,Two,,
DATAFLOW,OECD.ENV.EPI:DSD_AIR_GHG@DF_AIR_GHG(1.0),Air emissions - Greenhouse gas emissions Inventories,I,CHL,Chile,A,Annual,CO2,Carbon dioxide,_T,Total emissions excluding LULUCF,T_CO2E,Tonnes of CO2-equivalent,2015,,78540.67,,A,Normal value,3,Thousands,,,,,2,Two,,
DATAFLOW,OECD.ENV.EPI:DSD_AIR_GHG@DF_AIR_GHG(1.0),Air emissions - Greenhouse gas emissions Inventories,I,COL,Colombia,A,Annual,CO2,Carbon dioxide,_T,Total emissions excluding LULUCF,T_CO2E,Tonnes of CO2-equivalent,2015,,90380.01,,A,Normal value,3,Thousands,,,,,2,Two,,
DATAFLOW,OECD.ENV.EPI:DSD_AIR_GHG@DF_AIR_GHG(1.0),Air emissions - Greenhouse gas emissions Inventories,I,CRI,Costa Rica,A,Annual,CO2,Carbon dioxide,_T,Total emissions excluding LULUCF,T_CO2E,Tonnes of CO2-equivalent,2015,,6434.18,,A,Normal value,3,Thousands,,,,,2,Two,,
DATAFLOW,OECD.ENV.EPI:DSD_AIR_GHG@DF_AIR_GHG(1.0),Air emissions - Greenhouse gas emissions Inventories,I,CZE,Czechia,A,Annual,CO2,Carbon dioxide,_T,Total emissions excluding LULUCF,T_CO2E,Tonnes of CO2-equivalent,2015,,105023.18305977,,A,Normal value,3,Thousands,,,,,2,Two,,
DATAFLOW,OECD.ENV.EPI:DSD_AIR_GHG@DF_AIR_GHG(1.0),Air emissions - Greenhouse gas emissions Inventories,I,DNK,Denmark,A,Annual,CO2,Carbon dioxide,_T,Total emissions excluding LULUCF,T_CO2E,Tonnes of CO2-equivalent,2015,,36364.551737645,,A,Normal value,3,Thousands,,,,,2,Two,,
DATAFLOW,OECD.ENV.EPI:DSD_AIR_GHG@DF_AIR_GHG(1.0),Air emissions - Greenhouse gas emissions Inventories,I,EST,Estonia,A,Annual,CO2,Carbon dioxide,_T,Total emissions excluding LULUCF,T_CO2E,Tonnes of CO2-equivalent,2015,,15779.316165804,,A,Normal value,3,Thousands,,,,,2,Two,,
DATAFLOW,OECD.ENV.EPI:DSD_AIR_GHG@DF_AIR_GHG(1.0),Air emissions - Greenhouse gas emissions Inventories,I,FIN,Finland,A,Annual,CO2,Carbon dioxide,_T,Total emissions excluding LULUCF,T_CO2E,Tonnes of CO2-equivalent,2015,,44192.222963405,,A,Normal value,3,Thousands,,,,,2,Two,,
DATAFLOW,OECD.ENV.EPI:DSD_AIR_GHG@DF_AIR_GHG(1.0),Air emissions - Greenhouse gas emissions Inventories,I,FRA,France,A,Annual,CO2,Carbon dioxide,_T,Total emissions excluding LULUCF,T_CO2E,Tonnes of CO2-equivalent,2015,,347569.62690981,,A,Normal value,3,Thousands,,,,,2,Two,,
DATAFLOW,OECD.ENV.EPI:DSD_AIR_GHG@DF_AIR_GHG(1.0),Air emissions - Greenhouse gas emissions Inventories,I,DEU,Germany,A,Annual,CO2,Carbon dioxide,_T,Total emissions excluding LULUCF,T_CO2E,Tonnes of CO2-equivalent,2015,,798770.58151315,,A,Normal value,3,Thousands,,,,,2,Two,,
DATAFLOW,OECD.ENV.EPI:DSD_AIR_GHG@DF_AIR_GHG(1.0),Air emissions - Greenhouse gas emissions Inventories,I,GRC,Greece,A,Annual,CO2,Carbon dioxide,_T,Total emissions excluding LULUCF,T_CO2E,Tonnes of CO2-equivalent,2015,,74932.223310606,,A,Normal value,3,Thousands,,,,,2,Two,,
DATAFLOW,OECD.ENV.EPI:DSD_AIR_GHG@DF_AIR_GHG(1.0),Air emissions - Greenhouse gas emissions Inventories,I,HUN,Hungary,A,Annual,CO2,Carbon dioxide,_T,Total emissions excluding LULUCF,T_CO2E,Tonnes of CO2-equivalent,2015,,46563.66513051,,A,Normal value,3,Thousands,,,,,2,Two,,
DATAFLOW,OECD.ENV.EPI:DSD_AIR_GHG@DF_AIR_GHG(1.0),Air emissions - Greenhouse gas emissions Inventories,I,ISL,Iceland,A,Annual,CO2,Carbon dioxide,_T,Total emissions excluding LULUCF,T_CO2E,Tonnes of CO2-equivalent,2015,,3546.7830201679,,A,Normal value,3,Thousands,,,,,2,Two,,
DATAFLOW,OECD.ENV.EPI:DSD_AIR_GHG@DF_AIR_GHG(1.0),Air emissions - Greenhouse gas emissions Inventories,I,IRL,Ireland,A,Annual,CO2,Carbon dioxide,_T,Total emissions excluding LULUCF,T_CO2E,Tonnes of CO2-equivalent,2015,,38580.385833063,,A,Normal value,3,Thousands,,,,,2,Two,,
DATAFLOW,OECD.ENV.EPI:DSD_AIR_GHG@DF_AIR_GHG(1.0),Air emissions - Greenhouse gas emissions Inventories,I,ISR,Israel,A,Annual,CO2,Carbon dioxide,_T,Total emissions excluding LULUCF,T_CO2E,Tonnes of CO2-equivalent,2015,,66242.67,,A,Normal value,3,Thousands,,,,,2,Two,,
DATAFLOW,OECD.ENV.EPI:DSD_AIR_GHG@DF_AIR_GHG(1.0),Air emissions - Greenhouse gas emissions Inventories,I,ITA,Italy,A,Annual,CO2,Carbon dioxide,_T,Total emissions excluding LULUCF,T_CO2E,Tonnes of CO2-equivalent,2015,,359658.46298072,,A,Normal value,3,Thousands,,,,,2,Two,,
DATAFLOW,OECD.ENV.EPI:DSD_AIR_GHG@DF_AIR_GHG(1.0),Air emissions - Greenhouse gas emissions Inventories,I,JPN,Japan,A,Annual,CO2,Carbon dioxide,_T,Total emissions excluding LULUCF,T_CO2E,Tonnes of CO2-equivalent,2015,,1218023.9611936,,A,Normal value,3,Thousands,,,,,2,Two,,
DATAFLOW,OECD.ENV.EPI:DSD_AIR_GHG@DF_AIR_GHG(1.0),Air emissions - Greenhouse gas emissions Inventories,I,KOR,Korea,A,Annual,CO2,Carbon dioxide,_T,Total emissions excluding LULUCF,T_CO2E,Tonnes of CO2-equivalent,2015,,650168.57,,A,Normal value,3,Thousands,,,,,2,Two,,
DATAFLOW,OECD.ENV.EPI:DSD_AIR_GHG@DF_AIR_GHG(1.0),Air emissions - Greenhouse gas emissions Inventories,I,LVA,Latvia,A,Annual,CO2,Carbon dioxide,_T,Total emissions excluding LULUCF,T_CO2E,Tonnes of CO2-equivalent,2015,,7262.166485988,,A,Normal value,3,Thousands,,,,,2,Two,,
DATAFLOW,OECD.ENV.EPI:DSD_AIR_GHG@DF_AIR_GHG(1.0),Air emissions - Greenhouse gas emissions Inventories,I,LTU,Lithuania,A,Annual,CO2,Carbon dioxide,_T,Total emissions excluding LULUCF,T_CO2E,Tonnes of CO2-equivalent,2015,,13045.220090264,,A,Normal value,3,Thousands,,,,,2,Two,,
DATAFLOW,OECD.ENV.EPI:DSD_AIR_GHG@DF_AIR_GHG(1.0),Air emissions - Greenhouse gas emissions Inventories,I,LUX,Luxembourg,A,Annual,CO2,Carbon dioxide,_T,Total emissions excluding LULUCF,T_CO2E,Tonnes of CO2-equivalent,2015,,9335.5734152443,,A,Normal value,3,Thousands,,,,,2,Two,,
DATAFLOW,OECD.ENV.EPI:DSD_AIR_GHG@DF_AIR_GHG(1.0),Air emissions - Greenhouse gas emissions Inventories,I,MEX,Mexico,A,Annual,CO2,Carbon dioxide,_T,Total emissions excluding LULUCF,T_CO2E,Tonnes of CO2-equivalent,2015,,338182.93,,A,Normal value,3,Thousands,,,,,2,Two,,
DATAFLOW,OECD.ENV.EPI:DSD_AIR_GHG@DF_AIR_GHG(1.0),Air emissions - Greenhouse gas emissions Inventories,I,NLD,Netherlands,A,Annual,CO2,Carbon dioxide,_T,Total emissions excluding LULUCF,T_CO2E,Tonnes of CO2-equivalent,2015,,163917.31132255,,A,Normal value,3,Thousands,,,,,2,Two,,
DATAFLOW,OECD.ENV.EPI:DSD_AIR_GHG@DF_AIR_GHG(1.0),Air emissions - Greenhouse gas emissions Inventories,I,NZL,New Zealand,A,Annual,CO2,Carbon dioxide,_T,Total emissions excluding LULUCF,T_CO2E,Tonnes of CO2-equivalent,2015,,35826.059559454,,A,Normal value,3,Thousands,,,,,2,Two,,
DATAFLOW,OECD.ENV.EPI:DSD_AIR_GHG@DF_AIR_GHG(1.0),Air emissions - Greenhouse gas emissions Inventories,I,NOR,Norway,A,Annual,CO2,Carbon dioxide,_T,Total emissions excluding LULUCF,T_CO2E,Tonnes of CO2-equivalent,2015,,45248.166584736,,A,Normal value,3,Thousands,,,,,2,Two,,
DATAFLOW,OECD.ENV.EPI:DSD_AIR_GHG@DF_AIR_GHG(1.0),Air emissions - Greenhouse gas emissions Inventories,I,POL,Poland,A,Annual,CO2,Carbon dioxide,_T,Total emissions excluding LULUCF,T_CO2E,Tonnes of CO2-equivalent,2015,,312536.53751997,,A,Normal value,3,Thousands,,,,,2,Two,,
DATAFLOW,OECD.ENV.EPI:DSD_AIR_GHG@DF_AIR_GHG(1.0),Air emissions - Greenhouse gas emissions Inventories,I,PRT,Portugal,A,Annual,CO2,Carbon dioxide,_T,Total emissions excluding LULUCF,T_CO2E,Tonnes of CO2-equivalent,2015,,52130.131722862,,A,Normal value,3,Thousands,,,,,2,Two,,
DATAFLOW,OECD.ENV.EPI:DSD_AIR_GHG@DF_AIR_GHG(1.0),Air emissions - Greenhouse gas emissions Inventories,I,SVK,Slovak Republic,A,Annual,CO2,Carbon dioxide,_T,Total emissions excluding LULUCF,T_CO2E,Tonnes of CO2-equivalent,2015,,34517.990930251,,A,Normal value,3,Thousands,,,,,2,Two,,
DATAFLOW,OECD.ENV.EPI:DSD_AIR_GHG@DF_AIR_GHG(1.0),Air emissions - Greenhouse gas emissions Inventories,I,SVN,Slovenia,A,Annual,CO2,Carbon dioxide,_T,Total emissions excluding LULUCF,T_CO2E,Tonnes of CO2-equivalent,2015,,13659.192566081,,A,Normal value,3,Thousands,,,,,2,Two,,
DATAFLOW,OECD.ENV.EPI:DSD_AIR_GHG@DF_AIR_GHG(1.0),Air emissions - Greenhouse gas emissions Inventories,I,ESP,Spain,A,Annual,CO2,Carbon dioxide,_T,Total emissions excluding LULUCF,T_CO2E,Tonnes of CO2-equivalent,2015,,266809.36334862,,A,Normal value,3,Thousands,,,,,2,Two,,
DATAFLOW,OECD.ENV.EPI:DSD_AIR_GHG@DF_AIR_GHG(1.0),Air emissions - Greenhouse gas emissions Inventories,I,SWE,Sweden,A,Annual,CO2,Carbon dioxide,_T,Total emissions excluding LULUCF,T_CO2E,Tonnes of CO2-equivalent,2015,,43251.128132701,,A,Normal value,3,Thousands,,,,,2,Two,,
DATAFLOW,OECD.ENV.EPI:DSD_AIR_GHG@DF_AIR_GHG(1.0),Air emissions - Greenhouse gas emissions Inventories,I,CHE,Switzerland,A,Annual,CO2,Carbon dioxide,_T,Total emissions excluding LULUCF,T_CO2E,Tonnes of CO2-equivalent,2015,,38756.426751271,,A,Normal value,3,Thousands,,,,,2,Two,,
DATAFLOW,OECD.ENV.EPI:DSD_AIR_GHG@DF_AIR_GHG(1.0),Air emissions - Greenhouse gas emissions Inventories,I,TUR,Türkiye,A,Annual,CO2,Carbon dioxide,_T,Total emissions excluding LULUCF,T_CO2E,Tonnes of CO2-equivalent,2015,,389896.30459501,,A,Normal value,3,Thousands,,,,,2,Two,,
DATAFLOW,OECD.ENV.EPI:DSD_AIR_GHG@DF_AIR_GHG(1.0),Air emissions - Greenhouse gas emissions Inventories,I,GBR,United Kingdom,A,Annual,CO2,Carbon dioxide,_T,Total emissions excluding LULUCF,T_CO2E,Tonnes of CO2-equivalent,2015,,421463.70323894,,A,Normal value,3,Thousands,,,,,2,Two,,
DATAFLOW,OECD.ENV.EPI:DSD_AIR_GHG@DF_AIR_GHG(1.0),Air emissions - Greenhouse gas emissions Inventories,I,USA,United States,A,Annual,CO2,Carbon dioxide,_T,Total emissions excluding LULUCF,T_CO2E,Tonnes of CO2-equivalent,2015,,5368292.86,,A,Normal value,3,Thousands,,,,,2,Two,,
DATAFLOW,OECD.ENV.EPI:DSD_AIR_GHG@DF_AIR_GHG(1.0),Air emissions - Greenhouse gas emissions Inventories,I,EU27_2020,European Union (27 countries from 01/02/2020),A,Annual,CO2,Carbon dioxide,_T,Total emissions excluding LULUCF,T_CO2E,Tonnes of CO2-equivalent,2015,,2728681.9712067,,A,Normal value,3,Thousands,,,,,2,Two,,
DATAFLOW,OECD.ENV.EPI:DSD_AIR_GHG@DF_AIR_GHG(1.0),Air emissions - Greenhouse gas emissions Inventories,I,DZA,Algeria,A,Annual,CO2,Carbon dioxide,_T,Total emissions excluding LULUCF,T_CO2E,Tonnes of CO2-equivalent,2015,,161575.85343846,,A,Normal value,3,Thousands,,,,,2,Two,,
DATAFLOW,OECD.ENV.EPI:DSD_AIR_GHG@DF_AIR_GHG(1.0),Air emissions - Greenhouse gas emissions Inventories,I,ARG,Argentina,A,Annual,CO2,Carbon dioxide,_T,Total emissions excluding LULUCF,T_CO2E,Tonnes of CO2-equivalent,2015,,198015.9769748,,A,Normal value,3,Thousands,,,,,2,Two,,
DATAFLOW,OECD.ENV.EPI:DSD_AIR_GHG@DF_AIR_GHG(1.0),Air emissions - Greenhouse gas emissions Inventories,I,BRA,Brazil,A,Annual,CO2,Carbon dioxide,_T,Total emissions excluding LULUCF,T_CO2E,Tonnes of CO2-equivalent,2015,,538913.73645096,,A,Normal value,3,Thousands,,,,,2,Two,,
DATAFLOW,OECD.ENV.EPI:DSD_AIR_GHG@DF_AIR_GHG(1.0),Air emissions - Greenhouse gas emissions Inventories,I,BRN,Brunei Darussalam,A,Annual,CO2,Carbon dioxide,_T,Total emissions excluding LULUCF,T_CO2E,Tonnes of CO2-equivalent,2015,,9165.8679122543,,A,Normal value,3,Thousands,,,,,2,Two,,
DATAFLOW,OECD.ENV.EPI:DSD_AIR_GHG@DF_AIR_GHG(1.0),Air emissions - Greenhouse gas emissions Inventories,I,BGR,Bulgaria,A,Annual,CO2,Carbon dioxide,_T,Total emissions excluding LULUCF,T_CO2E,Tonnes of CO2-equivalent,2015,,48127.272849982,,A,Normal value,3,Thousands,,,,,2,Two,,
DATAFLOW,OECD.ENV.EPI:DSD_AIR_GHG@DF_AIR_GHG(1.0),Air emissions - Greenhouse gas emissions Inventories,I,CIV,Côte d’Ivoire,A,Annual,CO2,Carbon dioxide,_T,Total emissions excluding LULUCF,T_CO2E,Tonnes of CO2-equivalent,2015,,6888.6696567673,,A,Normal value,3,Thousands,,,,,2,Two,,
DATAFLOW,OECD.ENV.EPI:DSD_AIR_GHG@DF_AIR_GHG(1.0),Air emissions - Greenhouse gas emissions Inventories,I,HRV,Croatia,A,Annual,CO2,Carbon dioxide,_T,Total emissions excluding LULUCF,T_CO2E,Tonnes of CO2-equivalent,2015,,17793.890602628,,A,Normal value,3,Thousands,,,,,2,Two,,
DATAFLOW,OECD.ENV.EPI:DSD_AIR_GHG@DF_AIR_GHG(1.0),Air emissions - Greenhouse gas emissions Inventories,I,CUB,Cuba,A,Annual,CO2,Carbon dioxide,_T,Total emissions excluding LULUCF,T_CO2E,Tonnes of CO2-equivalent,2015,,32873.210672671,,A,Normal value,3,Thousands,,,,,2,Two,,
DATAFLOW,OECD.ENV.EPI:DSD_AIR_GHG@DF_AIR_GHG(1.0),Air emissions - Greenhouse gas emissions Inventories,I,CYP,Cyprus,A,Annual,CO2,Carbon dioxide,_T,Total emissions excluding LULUCF,T_CO2E,Tonnes of CO2-equivalent,2015,,6956.4708528061,,A,Normal value,3,Thousands,,,,,2,Two,,
DATAFLOW,OECD.ENV.EPI:DSD_AIR_GHG@DF_AIR_GHG(1.0),Air emissions - Greenhouse gas emissions Inventories,I,EGY,Egypt,A,Annual,CO2,Carbon dioxide,_T,Total emissions excluding LULUCF,T_CO2E,Tonnes of CO2-equivalent,2015,,248465.42188411,,A,Normal value,3,Thousands,,,,,2,Two,,
DATAFLOW,OECD.ENV.EPI:DSD_AIR_GHG@DF_AIR_GHG(1.0),Air emissions - Greenhouse gas emissions Inventories,I,GEO,Georgia,A,Annual,CO2,Carbon dioxide,_T,Total emissions excluding LULUCF,T_CO2E,Tonnes of CO2-equivalent,2015,,10493.97420134,,A,Normal value,3,Thousands,,,,,2,Two,,
DATAFLOW,OECD.ENV.EPI:DSD_AIR_GHG@DF_AIR_GHG(1.0),Air emissions - Greenhouse gas emissions Inventories,I,GHA,Ghana,A,Annual,CO2,Carbon dioxide,_T,Total emissions excluding LULUCF,T_CO2E,Tonnes of CO2-equivalent,2015,,13492.639065682,,A,Normal value,3,Thousands,,,,,2,Two,,
DATAFLOW,OECD.ENV.EPI:DSD_AIR_GHG@DF_AIR_GHG(1.0),Air emissions - Greenhouse gas emissions Inventories,I,GTM,Guatemala,A,Annual,CO2,Carbon dioxide,_T,Total emissions excluding LULUCF,T_CO2E,Tonnes of CO2-equivalent,2015,,18346.145031717,,A,Normal value,3,Thousands,,,,,2,Two,,
DATAFLOW,OECD.ENV.EPI:DSD_AIR_GHG@DF_AIR_GHG(1.0),Air emissions - Greenhouse gas emissions Inventories,I,GNB,Guinea-Bissau,A,Annual,CO2,Carbon dioxide,_T,Total emissions excluding LULUCF,T_CO2E,Tonnes of CO2-equivalent,2015,,173.320671464,,A,Normal value,3,Thousands,,,,,2,Two,,
DATAFLOW,OECD.ENV.EPI:DSD_AIR_GHG@DF_AIR_GHG(1.0),Air emissions - Greenhouse gas emissions Inventories,I,GUY,Guyana,A,Annual,CO2,Carbon dioxide,_T,Total emissions excluding LULUCF,T_CO2E,Tonnes of CO2-equivalent,2015,,2122.6790972764,,A,Normal value,3,Thousands,,,,,2,Two,,
DATAFLOW,OECD.ENV.EPI:DSD_AIR_GHG@DF_AIR_GHG(1.0),Air emissions - Greenhouse gas emissions Inventories,I,VAT,Holy See,A,Annual,CO2,Carbon dioxide,_T,Total emissions excluding LULUCF,T_CO2E,Tonnes of CO2-equivalent,2015,,16.060653417979,,A,Normal value,3,Thousands,,,,,2,Two,,
DATAFLOW,OECD.ENV.EPI:DSD_AIR_GHG@DF_AIR_GHG(1.0),Air emissions - Greenhouse gas emissions Inventories,I,IDN,Indonesia,A,Annual,CO2,Carbon dioxide,_T,Total emissions excluding LULUCF,T_CO2E,Tonnes of CO2-equivalent,2015,,562928.12273608,,A,Normal value,3,Thousands,,,,,2,Two,,
DATAFLOW,OECD.ENV.EPI:DSD_AIR_GHG@DF_AIR_GHG(1.0),Air emissions - Greenhouse gas emissions Inventories,I,KAZ,Kazakhstan,A,Annual,CO2,Carbon dioxide,_T,Total emissions excluding LULUCF,T_CO2E,Tonnes of CO2-equivalent,2015,,334450.234687,,A,Normal value,3,Thousands,,,,,2,Two,,
DATAFLOW,OECD.ENV.EPI:DSD_AIR_GHG@DF_AIR_GHG(1.0),Air emissions - Greenhouse gas emissions Inventories,I,KEN,Kenya,A,Annual,CO2,Carbon dioxide,_T,Total emissions excluding LULUCF,T_CO2E,Tonnes of CO2-equivalent,2015,,16604.165294565,,A,Normal value,3,Thousands,,,,,2,Two,,
DATAFLOW,OECD.ENV.EPI:DSD_AIR_GHG@DF_AIR_GHG(1.0),Air emissions - Greenhouse gas emissions Inventories,I,LIE,Liechtenstein,A,Annual,CO2,Carbon dioxide,_T,Total emissions excluding LULUCF,T_CO2E,Tonnes of CO2-equivalent,2015,,159.76042002434,,A,Normal value,3,Thousands,,,,,2,Two,,
DATAFLOW,OECD.ENV.EPI:DSD_AIR_GHG@DF_AIR_GHG(1.0),Air emissions - Greenhouse gas emissions Inventories,I,MYS,Malaysia,A,Annual,CO2,Carbon dioxide,_T,Total emissions excluding LULUCF,T_CO2E,Tonnes of CO2-equivalent,2015,,253220.53381106,,A,Normal value,3,Thousands,,,,,2,Two,,
DATAFLOW,OECD.ENV.EPI:DSD_AIR_GHG@DF_AIR_GHG(1.0),Air emissions - Greenhouse gas emissions Inventories,I,MDV,Maldives,A,Annual,CO2,Carbon dioxide,_T,Total emissions excluding LULUCF,T_CO2E,Tonnes of CO2-equivalent,2015,,1476.3301046036,,A,Normal value,3,Thousands,,,,,2,Two,,
DATAFLOW,OECD.ENV.EPI:DSD_AIR_GHG@DF_AIR_GHG(1.0),Air emissions - Greenhouse gas emissions Inventories,I,MLT,Malta,A,Annual,CO2,Carbon dioxide,_T,Total emissions excluding LULUCF,T_CO2E,Tonnes of CO2-equivalent,2015,,1697.517700042,,A,Normal value,3,Thousands,,,,,2,Two,,
DATAFLOW,OECD.ENV.EPI:DSD_AIR_GHG@DF_AIR_GHG(1.0),Air emissions - Greenhouse gas emissions Inventories,I,MUS,Mauritius,A,Annual,CO2,Carbon dioxide,_T,Total emissions excluding LULUCF,T_CO2E,Tonnes of CO2-equivalent,2015,,4036.6900042332,,A,Normal value,3,Thousands,,,,,2,Two,,
DATAFLOW,OECD.ENV.EPI:DSD_AIR_GHG@DF_AIR_GHG(1.0),Air emissions - Greenhouse gas emissions Inventories,I,MDA,Moldova,A,Annual,CO2,Carbon dioxide,_T,Total emissions excluding LULUCF,T_CO2E,Tonnes of CO2-equivalent,2015,,9024.6548585601,,A,Normal value,3,Thousands,,,,,2,Two,,
DATAFLOW,OECD.ENV.EPI:DSD_AIR_GHG@DF_AIR_GHG(1.0),Air emissions - Greenhouse gas emissions Inventories,I,MCO,Monaco,A,Annual,CO2,Carbon dioxide,_T,Total emissions excluding LULUCF,T_CO2E,Tonnes of CO2-equivalent,2015,,76.345591722689,,A,Normal value,3,Thousands,,,,,2,Two,,
DATAFLOW,OECD.ENV.EPI:DSD_AIR_GHG@DF_AIR_GHG(1.0),Air emissions - Greenhouse gas emissions Inventories,I,NAM,Namibia,A,Annual,CO2,Carbon dioxide,_T,Total emissions excluding LULUCF,T_CO2E,Tonnes of CO2-equivalent,2015,,3823.9821024929,,A,Normal value,3,Thousands,,,,,2,Two,,
DATAFLOW,OECD.ENV.EPI:DSD_AIR_GHG@DF_AIR_GHG(1.0),Air emissions - Greenhouse gas emissions Inventories,I,NPL,Nepal,A,Annual,CO2,Carbon dioxide,_T,Total emissions excluding LULUCF,T_CO2E,Tonnes of CO2-equivalent,2015,,6953.5344273446,,A,Normal value,3,Thousands,,,,,2,Two,,
DATAFLOW,OECD.ENV.EPI:DSD_AIR_GHG@DF_AIR_GHG(1.0),Air emissions - Greenhouse gas emissions Inventories,I,NGA,Nigeria,A,Annual,CO2,Carbon dioxide,_T,Total emissions excluding LULUCF,T_CO2E,Tonnes of CO2-equivalent,2015,,118220.70433197,,A,Normal value,3,Thousands,,,,,2,Two,,
DATAFLOW,OECD.ENV.EPI:DSD_AIR_GHG@DF_AIR_GHG(1.0),Air emissions - Greenhouse gas emissions Inventories,I,PAN,Panama,A,Annual,CO2,Carbon dioxide,_T,Total emissions excluding LULUCF,T_CO2E,Tonnes of CO2-equivalent,2015,,12114.048485068,,A,Normal value,3,Thousands,,,,,2,Two,,
DATAFLOW,OECD.ENV.EPI:DSD_AIR_GHG@DF_AIR_GHG(1.0),Air emissions - Greenhouse gas emissions Inventories,I,PER,Peru,A,Annual,CO2,Carbon dioxide,_T,Total emissions excluding LULUCF,T_CO2E,Tonnes of CO2-equivalent,2015,,145968.00789061,,A,Normal value,3,Thousands,,,,,2,Two,,
DATAFLOW,OECD.ENV.EPI:DSD_AIR_GHG@DF_AIR_GHG(1.0),Air emissions - Greenhouse gas emissions Inventories,I,ROU,Romania,A,Annual,CO2,Carbon dioxide,_T,Total emissions excluding LULUCF,T_CO2E,Tonnes of CO2-equivalent,2015,,73425.609656068,,A,Normal value,3,Thousands,,,,,2,Two,,
DATAFLOW,OECD.ENV.EPI:DSD_AIR_GHG@DF_AIR_GHG(1.0),Air emissions - Greenhouse gas emissions Inventories,I,RWA,Rwanda,A,Annual,CO2,Carbon dioxide,_T,Total emissions excluding LULUCF,T_CO2E,Tonnes of CO2-equivalent,2015,,-3190.1339394303,,A,Normal value,3,Thousands,,,,,2,Two,,
DATAFLOW,OECD.ENV.EPI:DSD_AIR_GHG@DF_AIR_GHG(1.0),Air emissions - Greenhouse gas emissions Inventories,I,SRB,Serbia,A,Annual,CO2,Carbon dioxide,_T,Total emissions excluding LULUCF,T_CO2E,Tonnes of CO2-equivalent,2015,,49921.394776565,,A,Normal value,3,Thousands,,,,,2,Two,,
DATAFLOW,OECD.ENV.EPI:DSD_AIR_GHG@DF_AIR_GHG(1.0),Air emissions - Greenhouse gas emissions Inventories,I,SGP,Singapore,A,Annual,CO2,Carbon dioxide,_T,Total emissions excluding LULUCF,T_CO2E,Tonnes of CO2-equivalent,2015,,50228.814968131,,A,Normal value,3,Thousands,,,,,2,Two,,
DATAFLOW,OECD.ENV.EPI:DSD_AIR_GHG@DF_AIR_GHG(1.0),Air emissions - Greenhouse gas emissions Inventories,I,SLB,Solomon Islands,A,Annual,CO2,Carbon dioxide,_T,Total emissions excluding LULUCF,T_CO2E,Tonnes of CO2-equivalent,2015,,-26043.81014759,,A,Normal value,3,Thousands,,,,,2,Two,,
DATAFLOW,OECD.ENV.EPI:DSD_AIR_GHG@DF_AIR_GHG(1.0),Air emissions - Greenhouse gas emissions Inventories,I,ZAF,South Africa,A,Annual,CO2,Carbon dioxide,_T,Total emissions excluding LULUCF,T_CO2E,Tonnes of CO2-equivalent,2015,,427285.40669934,,A,Normal value,3,Thousands,,,,,2,Two,,
DATAFLOW,OECD.ENV.EPI:DSD_AIR_GHG@DF_AIR_GHG(1.0),Air emissions - Greenhouse gas emissions Inventories,I,UKR,Ukraine,A,Annual,CO2,Carbon dioxide,_T,Total emissions excluding LULUCF,T_CO2E,Tonnes of CO2-equivalent,2015,,223849.80651022,,A,Normal value,3,Thousands,,,,,2,Two,,
DATAFLOW,OECD.ENV.EPI:DSD_AIR_GHG@DF_AIR_GHG(1.0),Air emissions - Greenhouse gas emissions Inventories,I,UZB,Uzbekistan,A,Annual,CO2,Carbon dioxide,_T,Total emissions excluding LULUCF,T_CO2E,Tonnes of CO2-equivalent,2015,,102516.98791299,,A,Normal value,3,Thousands,,,,,2,Two,,
DATAFLOW,OECD.ENV.EPI:DSD_AIR_GHG@DF_AIR_GHG(1.0),Air emissions - Greenhouse gas emissions Inventories,I,VEN,Venezuela,A,Annual,CO2,Carbon dioxide,_T,Total emissions excluding LULUCF,T_CO2E,Tonnes of CO2-equivalent,2015,,166701.62671756,,A,Normal value,3,Thousands,,,,,2,Two,,
DATAFLOW,OECD.ENV.EPI:DSD_AIR_GHG@DF_AIR_GHG(1.0),Air emissions - Greenhouse gas emissions Inventories,I,ZWE,Zimbabwe,A,Annual,CO2,Carbon dioxide,_T,Total emissions excluding LULUCF,T_CO2E,Tonnes of CO2-equivalent,2015,,11587.229839134,,A,Normal value,3,Thousands,,,,,2,Two,,
DATAFLOW,OECD.ENV.EPI:DSD_AIR_GHG@DF_AIR_GHG(1.0),Air emissions - Greenhouse gas emissions Inventories,I,AUS,Australia,A,Annual,CO2,Carbon dioxide,_T,Total emissions excluding LULUCF,T_CO2E,Tonnes of CO2-equivalent,2017,,413472.19777193,,A,Normal value,3,Thousands,,,,,2,Two,,
DATAFLOW,OECD.ENV.EPI:DSD_AIR_GHG@DF_AIR_GHG(1.0),Air emissions - Greenhouse gas emissions Inventories,I,AUT,Austria,A,Annual,CO2,Carbon dioxide,_T,Total emissions excluding LULUCF,T_CO2E,Tonnes of CO2-equivalent,2017,,69422.413242346,,A,Normal value,3,Thousands,,,,,2,Two,,
DATAFLOW,OECD.ENV.EPI:DSD_AIR_GHG@DF_AIR_GHG(1.0),Air emissions - Greenhouse gas emissions Inventories,I,BEL,Belgium,A,Annual,CO2,Carbon dioxide,_T,Total emissions excluding LULUCF,T_CO2E,Tonnes of CO2-equivalent,2017,,99358.668942161,,A,Normal value,3,Thousands,,,,,2,Two,,
DATAFLOW,OECD.ENV.EPI:DSD_AIR_GHG@DF_AIR_GHG(1.0),Air emissions - Greenhouse gas emissions Inventories,I,CAN,Canada,A,Annual,CO2,Carbon dioxide,_T,Total emissions excluding LULUCF,T_CO2E,Tonnes of CO2-equivalent,2017,,566619.04218938,,A,Normal value,3,Thousands,,,,,2,Two,,
DATAFLOW,OECD.ENV.EPI:DSD_AIR_GHG@DF_AIR_GHG(1.0),Air emissions - Greenhouse gas emissions Inventories,I,CHL,Chile,A,Annual,CO2,Carbon dioxide,_T,Total emissions excluding LULUCF,T_CO2E,Tonnes of CO2-equivalent,2017,,82259.41,,A,Normal value,3,Thousands,,,,,2,Two,,
DATAFLOW,OECD.ENV.EPI:DSD_AIR_GHG@DF_AIR_GHG(1.0),Air emissions - Greenhouse gas emissions Inventories,I,COL,Colombia,A,Annual,CO2,Carbon dioxide,_T,Total emissions excluding LULUCF,T_CO2E,Tonnes of CO2-equivalent,2017,,83392.54,,A,Normal value,3,Thousands,,,,,2,Two,,
DATAFLOW,OECD.ENV.EPI:DSD_AIR_GHG@DF_AIR_GHG(1.0),Air emissions - Greenhouse gas emissions Inventories,I,CRI,Costa Rica,A,Annual,CO2,Carbon dioxide,_T,Total emissions excluding LULUCF,T_CO2E,Tonnes of CO2-equivalent,2017,,5623.39,,A,Normal value,3,Thousands,,,,,2,Two,,
DATAFLOW,OECD.ENV.EPI:DSD_AIR_GHG@DF_AIR_GHG(1.0),Air emissions - Greenhouse gas emissions Inventories,I,CZE,Czechia,A,Annual,CO2,Carbon dioxide,_T,Total emissions excluding LULUCF,T_CO2E,Tonnes of CO2-equivalent,2017,,107777.5582971,,A,Normal value,3,Thousands,,,,,2,Two,,
DATAFLOW,OECD.ENV.EPI:DSD_AIR_GHG@DF_AIR_GHG(1.0),Air emissions - Greenhouse gas emissions Inventories,I,DNK,Denmark,A,Annual,CO2,Carbon dioxide,_T,Total emissions excluding LULUCF,T_CO2E,Tonnes of CO2-equivalent,2017,,36053.356584515,,A,Normal value,3,Thousands,,,,,2,Two,,
DATAFLOW,OECD.ENV.EPI:DSD_AIR_GHG@DF_AIR_GHG(1.0),Air emissions - Greenhouse gas emissions Inventories,I,EST,Estonia,A,Annual,CO2,Carbon dioxide,_T,Total emissions excluding LULUCF,T_CO2E,Tonnes of CO2-equivalent,2017,,18615.426820376,,A,Normal value,3,Thousands,,,,,2,Two,,
DATAFLOW,OECD.ENV.EPI:DSD_AIR_GHG@DF_AIR_GHG(1.0),Air emissions - Greenhouse gas emissions Inventories,I,FIN,Finland,A,Annual,CO2,Carbon dioxide,_T,Total emissions excluding LULUCF,T_CO2E,Tonnes of CO2-equivalent,2017,,44657.839643778,,A,Normal value,3,Thousands,,,,,2,Two,,
DATAFLOW,OECD.ENV.EPI:DSD_AIR_GHG@DF_AIR_GHG(1.0),Air emissions - Greenhouse gas emissions Inventories,I,FRA,France,A,Annual,CO2,Carbon dioxide,_T,Total emissions excluding LULUCF,T_CO2E,Tonnes of CO2-equivalent,2017,,354792.10795992,,A,Normal value,3,Thousands,,,,,2,Two,,
DATAFLOW,OECD.ENV.EPI:DSD_AIR_GHG@DF_AIR_GHG(1.0),Air emissions - Greenhouse gas emissions Inventories,I,DEU,Germany,A,Annual,CO2,Carbon dioxide,_T,Total emissions excluding LULUCF,T_CO2E,Tonnes of CO2-equivalent,2017,,788560.85234869,,A,Normal value,3,Thousands,,,,,2,Two,,
DATAFLOW,OECD.ENV.EPI:DSD_AIR_GHG@DF_AIR_GHG(1.0),Air emissions - Greenhouse gas emissions Inventories,I,GRC,Greece,A,Annual,CO2,Carbon dioxide,_T,Total emissions excluding LULUCF,T_CO2E,Tonnes of CO2-equivalent,2017,,74847.379665713,,A,Normal value,3,Thousands,,,,,2,Two,,
DATAFLOW,OECD.ENV.EPI:DSD_AIR_GHG@DF_AIR_GHG(1.0),Air emissions - Greenhouse gas emissions Inventories,I,HUN,Hungary,A,Annual,CO2,Carbon dioxide,_T,Total emissions excluding LULUCF,T_CO2E,Tonnes of CO2-equivalent,2017,,49424.547308087,,A,Normal value,3,Thousands,,,,,2,Two,,
DATAFLOW,OECD.ENV.EPI:DSD_AIR_GHG@DF_AIR_GHG(1.0),Air emissions - Greenhouse gas emissions Inventories,I,ISL,Iceland,A,Annual,CO2,Carbon dioxide,_T,Total emissions excluding LULUCF,T_CO2E,Tonnes of CO2-equivalent,2017,,3614.8936981974,,A,Normal value,3,Thousands,,,,,2,Two,,
DATAFLOW,OECD.ENV.EPI:DSD_AIR_GHG@DF_AIR_GHG(1.0),Air emissions - Greenhouse gas emissions Inventories,I,IRL,Ireland,A,Annual,CO2,Carbon dioxide,_T,Total emissions excluding LULUCF,T_CO2E,Tonnes of CO2-equivalent,2017,,38890.988333361,,A,Normal value,3,Thousands,,,,,2,Two,,
DATAFLOW,OECD.ENV.EPI:DSD_AIR_GHG@DF_AIR_GHG(1.0),Air emissions - Greenhouse gas emissions Inventories,I,ISR,Israel,A,Annual,CO2,Carbon dioxide,_T,Total emissions excluding LULUCF,T_CO2E,Tonnes of CO2-equivalent,2017,,64986.37,,A,Normal value,3,Thousands,,,,,2,Two,,
DATAFLOW,OECD.ENV.EPI:DSD_AIR_GHG@DF_AIR_GHG(1.0),Air emissions - Greenhouse gas emissions Inventories,I,ITA,Italy,A,Annual,CO2,Carbon dioxide,_T,Total emissions excluding LULUCF,T_CO2E,Tonnes of CO2-equivalent,2017,,350864.9259936,,A,Normal value,3,Thousands,,,,,2,Two,,
DATAFLOW,OECD.ENV.EPI:DSD_AIR_GHG@DF_AIR_GHG(1.0),Air emissions - Greenhouse gas emissions Inventories,I,JPN,Japan,A,Annual,CO2,Carbon dioxide,_T,Total emissions excluding LULUCF,T_CO2E,Tonnes of CO2-equivalent,2017,,1182265.5165649,,A,Normal value,3,Thousands,,,,,2,Two,,
DATAFLOW,OECD.ENV.EPI:DSD_AIR_GHG@DF_AIR_GHG(1.0),Air emissions - Greenhouse gas emissions Inventories,I,KOR,Korea,A,Annual,CO2,Carbon dioxide,_T,Total emissions excluding LULUCF,T_CO2E,Tonnes of CO2-equivalent,2017,,677013.59,,A,Normal value,3,Thousands,,,,,2,Two,,
DATAFLOW,OECD.ENV.EPI:DSD_AIR_GHG@DF_AIR_GHG(1.0),Air emissions - Greenhouse gas emissions Inventories,I,LVA,Latvia,A,Annual,CO2,Carbon dioxide,_T,Total emissions excluding LULUCF,T_CO2E,Tonnes of CO2-equivalent,2017,,7215.3144918397,,A,Normal value,3,Thousands,,,,,2,Two,,
DATAFLOW,OECD.ENV.EPI:DSD_AIR_GHG@DF_AIR_GHG(1.0),Air emissions - Greenhouse gas emissions Inventories,I,LTU,Lithuania,A,Annual,CO2,Carbon dioxide,_T,Total emissions excluding LULUCF,T_CO2E,Tonnes of CO2-equivalent,2017,,13277.398370257,,A,Normal value,3,Thousands,,,,,2,Two,,
DATAFLOW,OECD.ENV.EPI:DSD_AIR_GHG@DF_AIR_GHG(1.0),Air emissions - Greenhouse gas emissions Inventories,I,LUX,Luxembourg,A,Annual,CO2,Carbon dioxide,_T,Total emissions excluding LULUCF,T_CO2E,Tonnes of CO2-equivalent,2017,,9250.7609761124,,A,Normal value,3,Thousands,,,,,2,Two,,
DATAFLOW,OECD.ENV.EPI:DSD_AIR_GHG@DF_AIR_GHG(1.0),Air emissions - Greenhouse gas emissions Inventories,I,MEX,Mexico,A,Annual,CO2,Carbon dioxide,_T,Total emissions excluding LULUCF,T_CO2E,Tonnes of CO2-equivalent,2017,,363788.38,,A,Normal value,3,Thousands,,,,,2,Two,,
DATAFLOW,OECD.ENV.EPI:DSD_AIR_GHG@DF_AIR_GHG(1.0),Air emissions - Greenhouse gas emissions Inventories,I,NLD,Netherlands,A,Annual,CO2,Carbon dioxide,_T,Total emissions excluding LULUCF,T_CO2E,Tonnes of CO2-equivalent,2017,,162237.07086269,,A,Normal value,3,Thousands,,,,,2,Two,,
DATAFLOW,OECD.ENV.EPI:DSD_AIR_GHG@DF_AIR_GHG(1.0),Air emissions - Greenhouse gas emissions Inventories,I,NZL,New Zealand,A,Annual,CO2,Carbon dioxide,_T,Total emissions excluding LULUCF,T_CO2E,Tonnes of CO2-equivalent,2017,,35655.586833095,,A,Normal value,3,Thousands,,,,,2,Two,,
DATAFLOW,OECD.ENV.EPI:DSD_AIR_GHG@DF_AIR_GHG(1.0),Air emissions - Greenhouse gas emissions Inventories,I,NOR,Norway,A,Annual,CO2,Carbon dioxide,_T,Total emissions excluding LULUCF,T_CO2E,Tonnes of CO2-equivalent,2017,,43912.527566458,,A,Normal value,3,Thousands,,,,,2,Two,,
DATAFLOW,OECD.ENV.EPI:DSD_AIR_GHG@DF_AIR_GHG(1.0),Air emissions - Greenhouse gas emissions Inventories,I,POL,Poland,A,Annual,CO2,Carbon dioxide,_T,Total emissions excluding LULUCF,T_CO2E,Tonnes of CO2-equivalent,2017,,336471.35259933,,A,Normal value,3,Thousands,,,,,2,Two,,
DATAFLOW,OECD.ENV.EPI:DSD_AIR_GHG@DF_AIR_GHG(1.0),Air emissions - Greenhouse gas emissions Inventories,I,PRT,Portugal,A,Annual,CO2,Carbon dioxide,_T,Total emissions excluding LULUCF,T_CO2E,Tonnes of CO2-equivalent,2017,,55071.293993916,,A,Normal value,3,Thousands,,,,,2,Two,,
DATAFLOW,OECD.ENV.EPI:DSD_AIR_GHG@DF_AIR_GHG(1.0),Air emissions - Greenhouse gas emissions Inventories,I,SVK,Slovak Republic,A,Annual,CO2,Carbon dioxide,_T,Total emissions excluding LULUCF,T_CO2E,Tonnes of CO2-equivalent,2017,,36161.858717221,,A,Normal value,3,Thousands,,,,,2,Two,,
DATAFLOW,OECD.ENV.EPI:DSD_AIR_GHG@DF_AIR_GHG(1.0),Air emissions - Greenhouse gas emissions Inventories,I,SVN,Slovenia,A,Annual,CO2,Carbon dioxide,_T,Total emissions excluding LULUCF,T_CO2E,Tonnes of CO2-equivalent,2017,,14639.880145259,,A,Normal value,3,Thousands,,,,,2,Two,,
DATAFLOW,OECD.ENV.EPI:DSD_AIR_GHG@DF_AIR_GHG(1.0),Air emissions - Greenhouse gas emissions Inventories,I,ESP,Spain,A,Annual,CO2,Carbon dioxide,_T,Total emissions excluding LULUCF,T_CO2E,Tonnes of CO2-equivalent,2017,,270522.30818423,,A,Normal value,3,Thousands,,,,,2,Two,,
DATAFLOW,OECD.ENV.EPI:DSD_AIR_GHG@DF_AIR_GHG(1.0),Air emissions - Greenhouse gas emissions Inventories,I,SWE,Sweden,A,Annual,CO2,Carbon dioxide,_T,Total emissions excluding LULUCF,T_CO2E,Tonnes of CO2-equivalent,2017,,42293.287673942,,A,Normal value,3,Thousands,,,,,2,Two,,
DATAFLOW,OECD.ENV.EPI:DSD_AIR_GHG@DF_AIR_GHG(1.0),Air emissions - Greenhouse gas emissions Inventories,I,CHE,Switzerland,A,Annual,CO2,Carbon dioxide,_T,Total emissions excluding LULUCF,T_CO2E,Tonnes of CO2-equivalent,2017,,38234.438642544,,A,Normal value,3,Thousands,,,,,2,Two,,
DATAFLOW,OECD.ENV.EPI:DSD_AIR_GHG@DF_AIR_GHG(1.0),Air emissions - Greenhouse gas emissions Inventories,I,TUR,Türkiye,A,Annual,CO2,Carbon dioxide,_T,Total emissions excluding LULUCF,T_CO2E,Tonnes of CO2-equivalent,2017,,433253.89121015,,A,Normal value,3,Thousands,,,,,2,Two,,
DATAFLOW,OECD.ENV.EPI:DSD_AIR_GHG@DF_AIR_GHG(1.0),Air emissions - Greenhouse gas emissions Inventories,I,GBR,United Kingdom,A,Annual,CO2,Carbon dioxide,_T,Total emissions excluding LULUCF,T_CO2E,Tonnes of CO2-equivalent,2017,,385049.34241287,,A,Normal value,3,Thousands,,,,,2,Two,,
DATAFLOW,OECD.ENV.EPI:DSD_AIR_GHG@DF_AIR_GHG(1.0),Air emissions - Greenhouse gas emissions Inventories,I,USA,United States,A,Annual,CO2,Carbon dioxide,_T,Total emissions excluding LULUCF,T_CO2E,Tonnes of CO2-equivalent,2017,,5196539.83,,A,Normal value,3,Thousands,,,,,2,Two,,
DATAFLOW,OECD.ENV.EPI:DSD_AIR_GHG@DF_AIR_GHG(1.0),Air emissions - Greenhouse gas emissions Inventories,I,EU27_2020,European Union (27 countries from 01/02/2020),A,Annual,CO2,Carbon dioxide,_T,Total emissions excluding LULUCF,T_CO2E,Tonnes of CO2-equivalent,2017,,2816556.2263282,,A,Normal value,3,Thousands,,,,,2,Two,,
DATAFLOW,OECD.ENV.EPI:DSD_AIR_GHG@DF_AIR_GHG(1.0),Air emissions - Greenhouse gas emissions Inventories,I,DZA,Algeria,A,Annual,CO2,Carbon dioxide,_T,Total emissions excluding LULUCF,T_CO2E,Tonnes of CO2-equivalent,2017,,163543.87682703,,A,Normal value,3,Thousands,,,,,2,Two,,
DATAFLOW,OECD.ENV.EPI:DSD_AIR_GHG@DF_AIR_GHG(1.0),Air emissions - Greenhouse gas emissions Inventories,I,ARG,Argentina,A,Annual,CO2,Carbon dioxide,_T,Total emissions excluding LULUCF,T_CO2E,Tonnes of CO2-equivalent,2017,,191850.19376084,,A,Normal value,3,Thousands,,,,,2,Two,,
DATAFLOW,OECD.ENV.EPI:DSD_AIR_GHG@DF_AIR_GHG(1.0),Air emissions - Greenhouse gas emissions Inventories,I,BRA,Brazil,A,Annual,CO2,Carbon dioxide,_T,Total emissions excluding LULUCF,T_CO2E,Tonnes of CO2-equivalent,2017,,518409.7414946,,A,Normal value,3,Thousands,,,,,2,Two,,
DATAFLOW,OECD.ENV.EPI:DSD_AIR_GHG@DF_AIR_GHG(1.0),Air emissions - Greenhouse gas emissions Inventories,I,BRN,Brunei Darussalam,A,Annual,CO2,Carbon dioxide,_T,Total emissions excluding LULUCF,T_CO2E,Tonnes of CO2-equivalent,2017,,9504.8902242939,,A,Normal value,3,Thousands,,,,,2,Two,,
DATAFLOW,OECD.ENV.EPI:DSD_AIR_GHG@DF_AIR_GHG(1.0),Air emissions - Greenhouse gas emissions Inventories,I,BGR,Bulgaria,A,Annual,CO2,Carbon dioxide,_T,Total emissions excluding LULUCF,T_CO2E,Tonnes of CO2-equivalent,2017,,47445.921357277,,A,Normal value,3,Thousands,,,,,2,Two,,
DATAFLOW,OECD.ENV.EPI:DSD_AIR_GHG@DF_AIR_GHG(1.0),Air emissions - Greenhouse gas emissions Inventories,I,CIV,Côte d’Ivoire,A,Annual,CO2,Carbon dioxide,_T,Total emissions excluding LULUCF,T_CO2E,Tonnes of CO2-equivalent,2017,,6888.6696567673,,A,Normal value,3,Thousands,,,,,2,Two,,
DATAFLOW,OECD.ENV.EPI:DSD_AIR_GHG@DF_AIR_GHG(1.0),Air emissions - Greenhouse gas emissions Inventories,I,HRV,Croatia,A,Annual,CO2,Carbon dioxide,_T,Total emissions excluding LULUCF,T_CO2E,Tonnes of CO2-equivalent,2017,,18713.124804131,,A,Normal value,3,Thousands,,,,,2,Two,,
DATAFLOW,OECD.ENV.EPI:DSD_AIR_GHG@DF_AIR_GHG(1.0),Air emissions - Greenhouse gas emissions Inventories,I,CUB,Cuba,A,Annual,CO2,Carbon dioxide,_T,Total emissions excluding LULUCF,T_CO2E,Tonnes of CO2-equivalent,2017,,30083.350278938,,A,Normal value,3,Thousands,,,,,2,Two,,
DATAFLOW,OECD.ENV.EPI:DSD_AIR_GHG@DF_AIR_GHG(1.0),Air emissions - Greenhouse gas emissions Inventories,I,CYP,Cyprus,A,Annual,CO2,Carbon dioxide,_T,Total emissions excluding LULUCF,T_CO2E,Tonnes of CO2-equivalent,2017,,7473.1166117969,,A,Normal value,3,Thousands,,,,,2,Two,,
DATAFLOW,OECD.ENV.EPI:DSD_AIR_GHG@DF_AIR_GHG(1.0),Air emissions - Greenhouse gas emissions Inventories,I,EGY,Egypt,A,Annual,CO2,Carbon dioxide,_T,Total emissions excluding LULUCF,T_CO2E,Tonnes of CO2-equivalent,2017,,264703.57770978,,A,Normal value,3,Thousands,,,,,2,Two,,
DATAFLOW,OECD.ENV.EPI:DSD_AIR_GHG@DF_AIR_GHG(1.0),Air emissions - Greenhouse gas emissions Inventories,I,GEO,Georgia,A,Annual,CO2,Carbon dioxide,_T,Total emissions excluding LULUCF,T_CO2E,Tonnes of CO2-equivalent,2017,,10726.322025452,,A,Normal value,3,Thousands,,,,,2,Two,,
DATAFLOW,OECD.ENV.EPI:DSD_AIR_GHG@DF_AIR_GHG(1.0),Air emissions - Greenhouse gas emissions Inventories,I,GHA,Ghana,A,Annual,CO2,Carbon dioxide,_T,Total emissions excluding LULUCF,T_CO2E,Tonnes of CO2-equivalent,2017,,16948.452066694,,A,Normal value,3,Thousands,,,,,2,Two,,
DATAFLOW,OECD.ENV.EPI:DSD_AIR_GHG@DF_AIR_GHG(1.0),Air emissions - Greenhouse gas emissions Inventories,I,GTM,Guatemala,A,Annual,CO2,Carbon dioxide,_T,Total emissions excluding LULUCF,T_CO2E,Tonnes of CO2-equivalent,2017,,18922.50516348,,A,Normal value,3,Thousands,,,,,2,Two,,
DATAFLOW,OECD.ENV.EPI:DSD_AIR_GHG@DF_AIR_GHG(1.0),Air emissions - Greenhouse gas emissions Inventories,I,GNB,Guinea-Bissau,A,Annual,CO2,Carbon dioxide,_T,Total emissions excluding LULUCF,T_CO2E,Tonnes of CO2-equivalent,2017,,206.521198544,,A,Normal value,3,Thousands,,,,,2,Two,,
DATAFLOW,OECD.ENV.EPI:DSD_AIR_GHG@DF_AIR_GHG(1.0),Air emissions - Greenhouse gas emissions Inventories,I,GUY,Guyana,A,Annual,CO2,Carbon dioxide,_T,Total emissions excluding LULUCF,T_CO2E,Tonnes of CO2-equivalent,2017,,2349.6112244804,,A,Normal value,3,Thousands,,,,,2,Two,,
DATAFLOW,OECD.ENV.EPI:DSD_AIR_GHG@DF_AIR_GHG(1.0),Air emissions - Greenhouse gas emissions Inventories,I,VAT,Holy See,A,Annual,CO2,Carbon dioxide,_T,Total emissions excluding LULUCF,T_CO2E,Tonnes of CO2-equivalent,2017,,15.327704047126,,A,Normal value,3,Thousands,,,,,2,Two,,
DATAFLOW,OECD.ENV.EPI:DSD_AIR_GHG@DF_AIR_GHG(1.0),Air emissions - Greenhouse gas emissions Inventories,I,IDN,Indonesia,A,Annual,CO2,Carbon dioxide,_T,Total emissions excluding LULUCF,T_CO2E,Tonnes of CO2-equivalent,2017,,603078.14872195,,A,Normal value,3,Thousands,,,,,2,Two,,
DATAFLOW,OECD.ENV.EPI:DSD_AIR_GHG@DF_AIR_GHG(1.0),Air emissions - Greenhouse gas emissions Inventories,I,KAZ,Kazakhstan,A,Annual,CO2,Carbon dioxide,_T,Total emissions excluding LULUCF,T_CO2E,Tonnes of CO2-equivalent,2017,,339496.77813359,,A,Normal value,3,Thousands,,,,,2,Two,,
DATAFLOW,OECD.ENV.EPI:DSD_AIR_GHG@DF_AIR_GHG(1.0),Air emissions - Greenhouse gas emissions Inventories,I,KEN,Kenya,A,Annual,CO2,Carbon dioxide,_T,Total emissions excluding LULUCF,T_CO2E,Tonnes of CO2-equivalent,2017,,18049.62043295,,A,Normal value,3,Thousands,,,,,2,Two,,
DATAFLOW,OECD.ENV.EPI:DSD_AIR_GHG@DF_AIR_GHG(1.0),Air emissions - Greenhouse gas emissions Inventories,I,LIE,Liechtenstein,A,Annual,CO2,Carbon dioxide,_T,Total emissions excluding LULUCF,T_CO2E,Tonnes of CO2-equivalent,2017,,155.92679925769,,A,Normal value,3,Thousands,,,,,2,Two,,
DATAFLOW,OECD.ENV.EPI:DSD_AIR_GHG@DF_AIR_GHG(1.0),Air emissions - Greenhouse gas emissions Inventories,I,MYS,Malaysia,A,Annual,CO2,Carbon dioxide,_T,Total emissions excluding LULUCF,T_CO2E,Tonnes of CO2-equivalent,2017,,252575.13690108,,A,Normal value,3,Thousands,,,,,2,Two,,
DATAFLOW,OECD.ENV.EPI:DSD_AIR_GHG@DF_AIR_GHG(1.0),Air emissions - Greenhouse gas emissions Inventories,I,MDV,Maldives,A,Annual,CO2,Carbon dioxide,_T,Total emissions excluding LULUCF,T_CO2E,Tonnes of CO2-equivalent,2017,,1735.1135898784,,A,Normal value,3,Thousands,,,,,2,Two,,
DATAFLOW,OECD.ENV.EPI:DSD_AIR_GHG@DF_AIR_GHG(1.0),Air emissions - Greenhouse gas emissions Inventories,I,MLT,Malta,A,Annual,CO2,Carbon dioxide,_T,Total emissions excluding LULUCF,T_CO2E,Tonnes of CO2-equivalent,2017,,1537.2770024592,,A,Normal value,3,Thousands,,,,,2,Two,,
DATAFLOW,OECD.ENV.EPI:DSD_AIR_GHG@DF_AIR_GHG(1.0),Air emissions - Greenhouse gas emissions Inventories,I,MUS,Mauritius,A,Annual,CO2,Carbon dioxide,_T,Total emissions excluding LULUCF,T_CO2E,Tonnes of CO2-equivalent,2017,,4483.7034345453,,A,Normal value,3,Thousands,,,,,2,Two,,
DATAFLOW,OECD.ENV.EPI:DSD_AIR_GHG@DF_AIR_GHG(1.0),Air emissions - Greenhouse gas emissions Inventories,I,MDA,Moldova,A,Annual,CO2,Carbon dioxide,_T,Total emissions excluding LULUCF,T_CO2E,Tonnes of CO2-equivalent,2017,,8694.8555116114,,A,Normal value,3,Thousands,,,,,2,Two,,
DATAFLOW,OECD.ENV.EPI:DSD_AIR_GHG@DF_AIR_GHG(1.0),Air emissions - Greenhouse gas emissions Inventories,I,MCO,Monaco,A,Annual,CO2,Carbon dioxide,_T,Total emissions excluding LULUCF,T_CO2E,Tonnes of CO2-equivalent,2017,,73.330140273256,,A,Normal value,3,Thousands,,,,,2,Two,,
DATAFLOW,OECD.ENV.EPI:DSD_AIR_GHG@DF_AIR_GHG(1.0),Air emissions - Greenhouse gas emissions Inventories,I,NAM,Namibia,A,Annual,CO2,Carbon dioxide,_T,Total emissions excluding LULUCF,T_CO2E,Tonnes of CO2-equivalent,2017,,3820.0685374575,,A,Normal value,3,Thousands,,,,,2,Two,,
DATAFLOW,OECD.ENV.EPI:DSD_AIR_GHG@DF_AIR_GHG(1.0),Air emissions - Greenhouse gas emissions Inventories,I,NPL,Nepal,A,Annual,CO2,Carbon dioxide,_T,Total emissions excluding LULUCF,T_CO2E,Tonnes of CO2-equivalent,2017,,9737.3185010871,,A,Normal value,3,Thousands,,,,,2,Two,,
DATAFLOW,OECD.ENV.EPI:DSD_AIR_GHG@DF_AIR_GHG(1.0),Air emissions - Greenhouse gas emissions Inventories,I,NGA,Nigeria,A,Annual,CO2,Carbon dioxide,_T,Total emissions excluding LULUCF,T_CO2E,Tonnes of CO2-equivalent,2017,,118908.89340583,,A,Normal value,3,Thousands,,,,,2,Two,,
DATAFLOW,OECD.ENV.EPI:DSD_AIR_GHG@DF_AIR_GHG(1.0),Air emissions - Greenhouse gas emissions Inventories,I,PAN,Panama,A,Annual,CO2,Carbon dioxide,_T,Total emissions excluding LULUCF,T_CO2E,Tonnes of CO2-equivalent,2017,,11904.647467713,,A,Normal value,3,Thousands,,,,,2,Two,,
DATAFLOW,OECD.ENV.EPI:DSD_AIR_GHG@DF_AIR_GHG(1.0),Air emissions - Greenhouse gas emissions Inventories,I,PER,Peru,A,Annual,CO2,Carbon dioxide,_T,Total emissions excluding LULUCF,T_CO2E,Tonnes of CO2-equivalent,2017,,146381.9748243,,A,Normal value,3,Thousands,,,,,2,Two,,
DATAFLOW,OECD.ENV.EPI:DSD_AIR_GHG@DF_AIR_GHG(1.0),Air emissions - Greenhouse gas emissions Inventories,I,ROU,Romania,A,Annual,CO2,Carbon dioxide,_T,Total emissions excluding LULUCF,T_CO2E,Tonnes of CO2-equivalent,2017,,75152.708866748,,A,Normal value,3,Thousands,,,,,2,Two,,
DATAFLOW,OECD.ENV.EPI:DSD_AIR_GHG@DF_AIR_GHG(1.0),Air emissions - Greenhouse gas emissions Inventories,I,RWA,Rwanda,A,Annual,CO2,Carbon dioxide,_T,Total emissions excluding LULUCF,T_CO2E,Tonnes of CO2-equivalent,2017,,-2936.1949289007,,A,Normal value,3,Thousands,,,,,2,Two,,
DATAFLOW,OECD.ENV.EPI:DSD_AIR_GHG@DF_AIR_GHG(1.0),Air emissions - Greenhouse gas emissions Inventories,I,SRB,Serbia,A,Annual,CO2,Carbon dioxide,_T,Total emissions excluding LULUCF,T_CO2E,Tonnes of CO2-equivalent,2017,,52562.986922038,,A,Normal value,3,Thousands,,,,,2,Two,,
DATAFLOW,OECD.ENV.EPI:DSD_AIR_GHG@DF_AIR_GHG(1.0),Air emissions - Greenhouse gas emissions Inventories,I,SGP,Singapore,A,Annual,CO2,Carbon dioxide,_T,Total emissions excluding LULUCF,T_CO2E,Tonnes of CO2-equivalent,2017,,50897.79549477,,A,Normal value,3,Thousands,,,,,2,Two,,
DATAFLOW,OECD.ENV.EPI:DSD_AIR_GHG@DF_AIR_GHG(1.0),Air emissions - Greenhouse gas emissions Inventories,I,SLB,Solomon Islands,A,Annual,CO2,Carbon dioxide,_T,Total emissions excluding LULUCF,T_CO2E,Tonnes of CO2-equivalent,2017,,-23322.463236233,,A,Normal value,3,Thousands,,,,,2,Two,,
DATAFLOW,OECD.ENV.EPI:DSD_AIR_GHG@DF_AIR_GHG(1.0),Air emissions - Greenhouse gas emissions Inventories,I,ZAF,South Africa,A,Annual,CO2,Carbon dioxide,_T,Total emissions excluding LULUCF,T_CO2E,Tonnes of CO2-equivalent,2017,,415015.89835833,,A,Normal value,3,Thousands,,,,,2,Two,,
DATAFLOW,OECD.ENV.EPI:DSD_AIR_GHG@DF_AIR_GHG(1.0),Air emissions - Greenhouse gas emissions Inventories,I,UKR,Ukraine,A,Annual,CO2,Carbon dioxide,_T,Total emissions excluding LULUCF,T_CO2E,Tonnes of CO2-equivalent,2017,,223287.82321988,,A,Normal value,3,Thousands,,,,,2,Two,,
DATAFLOW,OECD.ENV.EPI:DSD_AIR_GHG@DF_AIR_GHG(1.0),Air emissions - Greenhouse gas emissions Inventories,I,UZB,Uzbekistan,A,Annual,CO2,Carbon dioxide,_T,Total emissions excluding LULUCF,T_CO2E,Tonnes of CO2-equivalent,2017,,103598.47950628,,A,Normal value,3,Thousands,,,,,2,Two,,
DATAFLOW,OECD.ENV.EPI:DSD_AIR_GHG@DF_AIR_GHG(1.0),Air emissions - Greenhouse gas emissions Inventories,I,VEN,Venezuela,A,Annual,CO2,Carbon dioxide,_T,Total emissions excluding LULUCF,T_CO2E,Tonnes of CO2-equivalent,2017,,150839.9195811,,A,Normal value,3,Thousands,,,,,2,Two,,
DATAFLOW,OECD.ENV.EPI:DSD_AIR_GHG@DF_AIR_GHG(1.0),Air emissions - Greenhouse gas emissions Inventories,I,ZWE,Zimbabwe,A,Annual,CO2,Carbon dioxide,_T,Total emissions excluding LULUCF,T_CO2E,Tonnes of CO2-equivalent,2017,,10724.321651055,,A,Normal value,3,Thousands,,,,,2,Two,,
DATAFLOW,OECD.ENV.EPI:DSD_AIR_GHG@DF_AIR_GHG(1.0),Air emissions - Greenhouse gas emissions Inventories,I,EST,Estonia,A,Annual,CO2,Carbon dioxide,_T,Total emissions excluding LULUCF,T_CO2E,Tonnes of CO2-equivalent,2023,,8748.1310227114,,A,Normal value,3,Thousands,,,,,2,Two,,
DATAFLOW,OECD.ENV.EPI:DSD_AIR_GHG@DF_AIR_GHG(1.0),Air emissions - Greenhouse gas emissions Inventories,I,FIN,Finland,A,Annual,CO2,Carbon dioxide,_T,Total emissions excluding LULUCF,T_CO2E,Tonnes of CO2-equivalent,2023,,31873.799321706,,A,Normal value,3,Thousands,,,,,2,Two,,
DATAFLOW,OECD.ENV.EPI:DSD_AIR_GHG@DF_AIR_GHG(1.0),Air emissions - Greenhouse gas emissions Inventories,I,DEU,Germany,A,Annual,CO2,Carbon dioxide,_T,Total emissions excluding LULUCF,T_CO2E,Tonnes of CO2-equivalent,2023,,591373.01508468,,A,Normal value,3,Thousands,,,,,2,Two,,
DATAFLOW,OECD.ENV.EPI:DSD_AIR_GHG@DF_AIR_GHG(1.0),Air emissions - Greenhouse gas emissions Inventories,I,GRC,Greece,A,Annual,CO2,Carbon dioxide,_T,Total emissions excluding LULUCF,T_CO2E,Tonnes of CO2-equivalent,2023,,51964.978119078,,A,Normal value,3,Thousands,,,,,2,Two,,
DATAFLOW,OECD.ENV.EPI:DSD_AIR_GHG@DF_AIR_GHG(1.0),Air emissions - Greenhouse gas emissions Inventories,I,ISL,Iceland,A,Annual,CO2,Carbon dioxide,_T,Total emissions excluding LULUCF,T_CO2E,Tonnes of CO2-equivalent,2023,,3508.4490723628,,A,Normal value,3,Thousands,,,,,2,Two,,
DATAFLOW,OECD.ENV.EPI:DSD_AIR_GHG@DF_AIR_GHG(1.0),Air emissions - Greenhouse gas emissions Inventories,I,IRL,Ireland,A,Annual,CO2,Carbon dioxide,_T,Total emissions excluding LULUCF,T_CO2E,Tonnes of CO2-equivalent,2023,,33382.815345493,,A,Normal value,3,Thousands,,,,,2,Two,,
DATAFLOW,OECD.ENV.EPI:DSD_AIR_GHG@DF_AIR_GHG(1.0),Air emissions - Greenhouse gas emissions Inventories,I,ISR,Israel,A,Annual,CO2,Carbon dioxide,_T,Total emissions excluding LULUCF,T_CO2E,Tonnes of CO2-equivalent,2023,,61941.21,,A,Normal value,3,Thousands,,,,,2,Two,,
DATAFLOW,OECD.ENV.EPI:DSD_AIR_GHG@DF_AIR_GHG(1.0),Air emissions - Greenhouse gas emissions Inventories,I,ITA,Italy,A,Annual,CO2,Carbon dioxide,_T,Total emissions excluding LULUCF,T_CO2E,Tonnes of CO2-equivalent,2023,,309321.18637452,,A,Normal value,3,Thousands,,,,,2,Two,,
DATAFLOW,OECD.ENV.EPI:DSD_AIR_GHG@DF_AIR_GHG(1.0),Air emissions - Greenhouse gas emissions Inventories,I,JPN,Japan,A,Annual,CO2,Carbon dioxide,_T,Total emissions excluding LULUCF,T_CO2E,Tonnes of CO2-equivalent,2023,,986305.09679618,,A,Normal value,3,Thousands,,,,,2,Two,,
DATAFLOW,OECD.ENV.EPI:DSD_AIR_GHG@DF_AIR_GHG(1.0),Air emissions - Greenhouse gas emissions Inventories,I,KOR,Korea,A,Annual,CO2,Carbon dioxide,_T,Total emissions excluding LULUCF,T_CO2E,Tonnes of CO2-equivalent,2023,,621683.9,,A,Normal value,3,Thousands,,,,,2,Two,,
DATAFLOW,OECD.ENV.EPI:DSD_AIR_GHG@DF_AIR_GHG(1.0),Air emissions - Greenhouse gas emissions Inventories,I,LVA,Latvia,A,Annual,CO2,Carbon dioxide,_T,Total emissions excluding LULUCF,T_CO2E,Tonnes of CO2-equivalent,2023,,6592.5252463547,,A,Normal value,3,Thousands,,,,,2,Two,,
DATAFLOW,OECD.ENV.EPI:DSD_AIR_GHG@DF_AIR_GHG(1.0),Air emissions - Greenhouse gas emissions Inventories,I,LUX,Luxembourg,A,Annual,CO2,Carbon dioxide,_T,Total emissions excluding LULUCF,T_CO2E,Tonnes of CO2-equivalent,2023,,6823.2018122158,,A,Normal value,3,Thousands,,,,,2,Two,,
DATAFLOW,OECD.ENV.EPI:DSD_AIR_GHG@DF_AIR_GHG(1.0),Air emissions - Greenhouse gas emissions Inventories,I,NZL,New Zealand,A,Annual,CO2,Carbon dioxide,_T,Total emissions excluding LULUCF,T_CO2E,Tonnes of CO2-equivalent,2023,,31326.170058371,,A,Normal value,3,Thousands,,,,,2,Two,,
DATAFLOW,OECD.ENV.EPI:DSD_AIR_GHG@DF_AIR_GHG(1.0),Air emissions - Greenhouse gas emissions Inventories,I,SVN,Slovenia,A,Annual,CO2,Carbon dioxide,_T,Total emissions excluding LULUCF,T_CO2E,Tonnes of CO2-equivalent,2023,,11997.119813475,,A,Normal value,3,Thousands,,,,,2,Two,,
DATAFLOW,OECD.ENV.EPI:DSD_AIR_GHG@DF_AIR_GHG(1.0),Air emissions - Greenhouse gas emissions Inventories,I,SWE,Sweden,A,Annual,CO2,Carbon dioxide,_T,Total emissions excluding LULUCF,T_CO2E,Tonnes of CO2-equivalent,2023,,35418.551767806,,A,Normal value,3,Thousands,,,,,2,Two,,
DATAFLOW,OECD.ENV.EPI:DSD_AIR_GHG@DF_AIR_GHG(1.0),Air emissions - Greenhouse gas emissions Inventories,I,TUR,Türkiye,A,Annual,CO2,Carbon dioxide,_T,Total emissions excluding LULUCF,T_CO2E,Tonnes of CO2-equivalent,2023,,445055.94974553,,A,Normal value,3,Thousands,,,,,2,Two,,
DATAFLOW,OECD.ENV.EPI:DSD_AIR_GHG@DF_AIR_GHG(1.0),Air emissions - Greenhouse gas emissions Inventories,I,HRV,Croatia,A,Annual,CO2,Carbon dioxide,_T,Total emissions excluding LULUCF,T_CO2E,Tonnes of CO2-equivalent,2023,,18467.47751821,,A,Normal value,3,Thousands,,,,,2,Two,,
DATAFLOW,OECD.ENV.EPI:DSD_AIR_GHG@DF_AIR_GHG(1.0),Air emissions - Greenhouse gas emissions Inventories,I,CYP,Cyprus,A,Annual,CO2,Carbon dioxide,_T,Total emissions excluding LULUCF,T_CO2E,Tonnes of CO2-equivalent,2023,,7103.794654542,,A,Normal value,3,Thousands,,,,,2,Two,,
DATAFLOW,OECD.ENV.EPI:DSD_AIR_GHG@DF_AIR_GHG(1.0),Air emissions - Greenhouse gas emissions Inventories,I,KAZ,Kazakhstan,A,Annual,CO2,Carbon dioxide,_T,Total emissions excluding LULUCF,T_CO2E,Tonnes of CO2-equivalent,2023,,287397.47582372,,A,Normal value,3,Thousands,,,,,2,Two,,
DATAFLOW,OECD.ENV.EPI:DSD_AIR_GHG@DF_AIR_GHG(1.0),Air emissions - Greenhouse gas emissions Inventories,I,LIE,Liechtenstein,A,Annual,CO2,Carbon dioxide,_T,Total emissions excluding LULUCF,T_CO2E,Tonnes of CO2-equivalent,2023,,131.25312543892,,A,Normal value,3,Thousands,,,,,2,Two,,
DATAFLOW,OECD.ENV.EPI:DSD_AIR_GHG@DF_AIR_GHG(1.0),Air emissions - Greenhouse gas emissions Inventories,I,MLT,Malta,A,Annual,CO2,Carbon dioxide,_T,Total emissions excluding LULUCF,T_CO2E,Tonnes of CO2-equivalent,2023,,1738.6925319845,,A,Normal value,3,Thousands,,,,,2,Two,,
DATAFLOW,OECD.ENV.EPI:DSD_AIR_GHG@DF_AIR_GHG(1.0),Air emissions - Greenhouse gas emissions Inventories,I,MCO,Monaco,A,Annual,CO2,Carbon dioxide,_T,Total emissions excluding LULUCF,T_CO2E,Tonnes of CO2-equivalent,2023,,51.653798335015,,A,Normal value,3,Thousands,,,,,2,Two,,
DATAFLOW,OECD.ENV.EPI:DSD_AIR_GHG@DF_AIR_GHG(1.0),Air emissions - Greenhouse gas emissions Inventories,I,SRB,Serbia,A,Annual,CO2,Carbon dioxide,_T,Total emissions excluding LULUCF,T_CO2E,Tonnes of CO2-equivalent,2023,,51009.871153321,,A,Normal value,3,Thousands,,,,,2,Two,,
DATAFLOW,OECD.ENV.EPI:DSD_AIR_GHG@DF_AIR_GHG(1.0),Air emissions - Greenhouse gas emissions Inventories,I,UKR,Ukraine,A,Annual,CO2,Carbon dioxide,_T,Total emissions excluding LULUCF,T_CO2E,Tonnes of CO2-equivalent,2023,,139820.67926203,,A,Normal value,3,Thousands,,,,,2,Two,,
DATAFLOW,OECD.ENV.EPI:DSD_AIR_GHG@DF_AIR_GHG(1.0),Air emissions - Greenhouse gas emissions Inventories,I,CZE,Czechia,A,Annual,CO2,Carbon dioxide,_T,Total emissions excluding LULUCF,T_CO2E,Tonnes of CO2-equivalent,2023,,83259.413966602,,A,Normal value,3,Thousands,,,,,2,Two,,
DATAFLOW,OECD.ENV.EPI:DSD_AIR_GHG@DF_AIR_GHG(1.0),Air emissions - Greenhouse gas emissions Inventories,I,DNK,Denmark,A,Annual,CO2,Carbon dioxide,_T,Total emissions excluding LULUCF,T_CO2E,Tonnes of CO2-equivalent,2023,,27221.971122138,,A,Normal value,3,Thousands,,,,,2,Two,,
DATAFLOW,OECD.ENV.EPI:DSD_AIR_GHG@DF_AIR_GHG(1.0),Air emissions - Greenhouse gas emissions Inventories,I,PRT,Portugal,A,Annual,CO2,Carbon dioxide,_T,Total emissions excluding LULUCF,T_CO2E,Tonnes of CO2-equivalent,2023,,37595.012775711,,A,Normal value,3,Thousands,,,,,2,Two,,
DATAFLOW,OECD.ENV.EPI:DSD_AIR_GHG@DF_AIR_GHG(1.0),Air emissions - Greenhouse gas emissions Inventories,I,HUN,Hungary,A,Annual,CO2,Carbon dioxide,_T,Total emissions excluding LULUCF,T_CO2E,Tonnes of CO2-equivalent,2023,,40337.532818701,,A,Normal value,3,Thousands,,,,,2,Two,,
DATAFLOW,OECD.ENV.EPI:DSD_AIR_GHG@DF_AIR_GHG(1.0),Air emissions - Greenhouse gas emissions Inventories,I,CAN,Canada,A,Annual,CO2,Carbon dioxide,_T,Total emissions excluding LULUCF,T_CO2E,Tonnes of CO2-equivalent,2023,,541140.1745412,,A,Normal value,3,Thousands,,,,,2,Two,,
DATAFLOW,OECD.ENV.EPI:DSD_AIR_GHG@DF_AIR_GHG(1.0),Air emissions - Greenhouse gas emissions Inventories,I,BEL,Belgium,A,Annual,CO2,Carbon dioxide,_T,Total emissions excluding LULUCF,T_CO2E,Tonnes of CO2-equivalent,2023,,84606.922577911,,A,Normal value,3,Thousands,,,,,2,Two,,
DATAFLOW,OECD.ENV.EPI:DSD_AIR_GHG@DF_AIR_GHG(1.0),Air emissions - Greenhouse gas emissions Inventories,I,AUT,Austria,A,Annual,CO2,Carbon dioxide,_T,Total emissions excluding LULUCF,T_CO2E,Tonnes of CO2-equivalent,2023,,56647.348161919,,A,Normal value,3,Thousands,,,,,2,Two,,
DATAFLOW,OECD.ENV.EPI:DSD_AIR_GHG@DF_AIR_GHG(1.0),Air emissions - Greenhouse gas emissions Inventories,I,GBR,United Kingdom,A,Annual,CO2,Carbon dioxide,_T,Total emissions excluding LULUCF,T_CO2E,Tonnes of CO2-equivalent,2023,,307441.6537819,,A,Normal value,3,Thousands,,,,,2,Two,,
DATAFLOW,OECD.ENV.EPI:DSD_AIR_GHG@DF_AIR_GHG(1.0),Air emissions - Greenhouse gas emissions Inventories,I,CHE,Switzerland,A,Annual,CO2,Carbon dioxide,_T,Total emissions excluding LULUCF,T_CO2E,Tonnes of CO2-equivalent,2023,,31995.704971612,,A,Normal value,3,Thousands,,,,,2,Two,,
DATAFLOW,OECD.ENV.EPI:DSD_AIR_GHG@DF_AIR_GHG(1.0),Air emissions - Greenhouse gas emissions Inventories,I,ROU,Romania,A,Annual,CO2,Carbon dioxide,_T,Total emissions excluding LULUCF,T_CO2E,Tonnes of CO2-equivalent,2023,,64386.591404665,,A,Normal value,3,Thousands,,,,,2,Two,,
DATAFLOW,OECD.ENV.EPI:DSD_AIR_GHG@DF_AIR_GHG(1.0),Air emissions - Greenhouse gas emissions Inventories,I,POL,Poland,A,Annual,CO2,Carbon dioxide,_T,Total emissions excluding LULUCF,T_CO2E,Tonnes of CO2-equivalent,2023,,283685.73618194,,A,Normal value,3,Thousands,,,,,2,Two,,
DATAFLOW,OECD.ENV.EPI:DSD_AIR_GHG@DF_AIR_GHG(1.0),Air emissions - Greenhouse gas emissions Inventories,I,LTU,Lithuania,A,Annual,CO2,Carbon dioxide,_T,Total emissions excluding LULUCF,T_CO2E,Tonnes of CO2-equivalent,2023,,12507.517161179,,A,Normal value,3,Thousands,,,,,2,Two,,
DATAFLOW,OECD.ENV.EPI:DSD_AIR_GHG@DF_AIR_GHG(1.0),Air emissions - Greenhouse gas emissions Inventories,I,FRA,France,A,Annual,CO2,Carbon dioxide,_T,Total emissions excluding LULUCF,T_CO2E,Tonnes of CO2-equivalent,2023,,284612.08892032,,A,Normal value,3,Thousands,,,,,2,Two,,
DATAFLOW,OECD.ENV.EPI:DSD_AIR_GHG@DF_AIR_GHG(1.0),Air emissions - Greenhouse gas emissions Inventories,I,AUS,Australia,A,Annual,CO2,Carbon dioxide,_T,Total emissions excluding LULUCF,T_CO2E,Tonnes of CO2-equivalent,2023,,385860.98392006,,A,Normal value,3,Thousands,,,,,2,Two,,
DATAFLOW,OECD.ENV.EPI:DSD_AIR_GHG@DF_AIR_GHG(1.0),Air emissions - Greenhouse gas emissions Inventories,I,SVK,Slovak Republic,A,Annual,CO2,Carbon dioxide,_T,Total emissions excluding LULUCF,T_CO2E,Tonnes of CO2-equivalent,2023,,30715.180031815,,A,Normal value,3,Thousands,,,,,2,Two,,
DATAFLOW,OECD.ENV.EPI:DSD_AIR_GHG@DF_AIR_GHG(1.0),Air emissions - Greenhouse gas emissions Inventories,I,ESP,Spain,A,Annual,CO2,Carbon dioxide,_T,Total emissions excluding LULUCF,T_CO2E,Tonnes of CO2-equivalent,2023,,211737.05456661,,A,Normal value,3,Thousands,,,,,2,Two,,
DATAFLOW,OECD.ENV.EPI:DSD_AIR_GHG@DF_AIR_GHG(1.0),Air emissions - Greenhouse gas emissions Inventories,I,BGR,Bulgaria,A,Annual,CO2,Carbon dioxide,_T,Total emissions excluding LULUCF,T_CO2E,Tonnes of CO2-equivalent,2023,,34527.28029609,,A,Normal value,3,Thousands,,,,,2,Two,,
DATAFLOW,OECD.ENV.EPI:DSD_AIR_GHG@DF_AIR_GHG(1.0),Air emissions - Greenhouse gas emissions Inventories,I,NLD,Netherlands,A,Annual,CO2,Carbon dioxide,_T,Total emissions excluding LULUCF,T_CO2E,Tonnes of CO2-equivalent,2023,,116772.90471732,,A,Normal value,3,Thousands,,,,,2,Two,,
DATAFLOW,OECD.ENV.EPI:DSD_AIR_GHG@DF_AIR_GHG(1.0),Air emissions - Greenhouse gas emissions Inventories,I,NOR,Norway,A,Annual,CO2,Carbon dioxide,_T,Total emissions excluding LULUCF,T_CO2E,Tonnes of CO2-equivalent,2023,,38666.401025336,,A,Normal value,3,Thousands,,,,,2,Two,,
DATAFLOW,OECD.ENV.EPI:DSD_AIR_GHG@DF_AIR_GHG(1.0),Air emissions - Greenhouse gas emissions Inventories,I,EU27_2020,European Union (27 countries from 01/02/2020),A,Annual,CO2,Carbon dioxide,_T,Total emissions excluding LULUCF,T_CO2E,Tonnes of CO2-equivalent,2023,,2228963.5235081,,A,Normal value,3,Thousands,,,,,2,Two,,
DATAFLOW,OECD.ENV.EPI:DSD_AIR_GHG@DF_AIR_GHG(1.0),Air emissions - Greenhouse gas emissions Inventories,I,EU27_2020,European Union (27 countries from 01/02/2020),A,Annual,CO2,Carbon dioxide,_T,Total emissions excluding LULUCF,T_CO2E,Tonnes of CO2-equivalent,2024,,2153987.3460363,,A,Normal value,3,Thousands,,,,,2,Two,,
DATAFLOW,OECD.ENV.EPI:DSD_AIR_GHG@DF_AIR_GHG(1.0),Air emissions - Greenhouse gas emissions Inventories,I,NOR,Norway,A,Annual,CO2,Carbon dioxide,_T,Total emissions excluding LULUCF,T_CO2E,Tonnes of CO2-equivalent,2024,,36764.854459752,,A,Normal value,3,Thousands,,,,,2,Two,,
DATAFLOW,OECD.ENV.EPI:DSD_AIR_GHG@DF_AIR_GHG(1.0),Air emissions - Greenhouse gas emissions Inventories,I,NLD,Netherlands,A,Annual,CO2,Carbon dioxide,_T,Total emissions excluding LULUCF,T_CO2E,Tonnes of CO2-equivalent,2024,,115124.88554062,,A,Normal value,3,Thousands,,,,,2,Two,,
DATAFLOW,OECD.ENV.EPI:DSD_AIR_GHG@DF_AIR_GHG(1.0),Air emissions - Greenhouse gas emissions Inventories,I,BGR,Bulgaria,A,Annual,CO2,Carbon dioxide,_T,Total emissions excluding LULUCF,T_CO2E,Tonnes of CO2-equivalent,2024,,32662.164469396,,A,Normal value,3,Thousands,,,,,2,Two,,
DATAFLOW,OECD.ENV.EPI:DSD_AIR_GHG@DF_AIR_GHG(1.0),Air emissions - Greenhouse gas emissions Inventories,I,ESP,Spain,A,Annual,CO2,Carbon dioxide,_T,Total emissions excluding LULUCF,T_CO2E,Tonnes of CO2-equivalent,2024,,208652.17724014,,A,Normal value,3,Thousands,,,,,2,Two,,
DATAFLOW,OECD.ENV.EPI:DSD_AIR_GHG@DF_AIR_GHG(1.0),Air emissions - Greenhouse gas emissions Inventories,I,SVK,Slovak Republic,A,Annual,CO2,Carbon dioxide,_T,Total emissions excluding LULUCF,T_CO2E,Tonnes of CO2-equivalent,2024,,28744.180062322,,A,Normal value,3,Thousands,,,,,2,Two,,
DATAFLOW,OECD.ENV.EPI:DSD_AIR_GHG@DF_AIR_GHG(1.0),Air emissions - Greenhouse gas emissions Inventories,I,AUS,Australia,A,Annual,CO2,Carbon dioxide,_T,Total emissions excluding LULUCF,T_CO2E,Tonnes of CO2-equivalent,2024,,384286.26952125,,A,Normal value,3,Thousands,,,,,2,Two,,
DATAFLOW,OECD.ENV.EPI:DSD_AIR_GHG@DF_AIR_GHG(1.0),Air emissions - Greenhouse gas emissions Inventories,I,FRA,France,A,Annual,CO2,Carbon dioxide,_T,Total emissions excluding LULUCF,T_CO2E,Tonnes of CO2-equivalent,2024,,272968.17407582,,A,Normal value,3,Thousands,,,,,2,Two,,
DATAFLOW,OECD.ENV.EPI:DSD_AIR_GHG@DF_AIR_GHG(1.0),Air emissions - Greenhouse gas emissions Inventories,I,LTU,Lithuania,A,Annual,CO2,Carbon dioxide,_T,Total emissions excluding LULUCF,T_CO2E,Tonnes of CO2-equivalent,2024,,12882.299491973,,A,Normal value,3,Thousands,,,,,2,Two,,
DATAFLOW,OECD.ENV.EPI:DSD_AIR_GHG@DF_AIR_GHG(1.0),Air emissions - Greenhouse gas emissions Inventories,I,POL,Poland,A,Annual,CO2,Carbon dioxide,_T,Total emissions excluding LULUCF,T_CO2E,Tonnes of CO2-equivalent,2024,,278477.88052554,,A,Normal value,3,Thousands,,,,,2,Two,,
DATAFLOW,OECD.ENV.EPI:DSD_AIR_GHG@DF_AIR_GHG(1.0),Air emissions - Greenhouse gas emissions Inventories,I,ROU,Romania,A,Annual,CO2,Carbon dioxide,_T,Total emissions excluding LULUCF,T_CO2E,Tonnes of CO2-equivalent,2024,,64574.261125286,,A,Normal value,3,Thousands,,,,,2,Two,,
DATAFLOW,OECD.ENV.EPI:DSD_AIR_GHG@DF_AIR_GHG(1.0),Air emissions - Greenhouse gas emissions Inventories,I,GBR,United Kingdom,A,Annual,CO2,Carbon dioxide,_T,Total emissions excluding LULUCF,T_CO2E,Tonnes of CO2-equivalent,2024,,299147.67303749,,A,Normal value,3,Thousands,,,,,2,Two,,
DATAFLOW,OECD.ENV.EPI:DSD_AIR_GHG@DF_AIR_GHG(1.0),Air emissions - Greenhouse gas emissions Inventories,I,AUT,Austria,A,Annual,CO2,Carbon dioxide,_T,Total emissions excluding LULUCF,T_CO2E,Tonnes of CO2-equivalent,2024,,54826.409040121,,A,Normal value,3,Thousands,,,,,2,Two,,
DATAFLOW,OECD.ENV.EPI:DSD_AIR_GHG@DF_AIR_GHG(1.0),Air emissions - Greenhouse gas emissions Inventories,I,BEL,Belgium,A,Annual,CO2,Carbon dioxide,_T,Total emissions excluding LULUCF,T_CO2E,Tonnes of CO2-equivalent,2024,,85499.462271038,,A,Normal value,3,Thousands,,,,,2,Two,,
DATAFLOW,OECD.ENV.EPI:DSD_AIR_GHG@DF_AIR_GHG(1.0),Air emissions - Greenhouse gas emissions Inventories,I,CAN,Canada,A,Annual,CO2,Carbon dioxide,_T,Total emissions excluding LULUCF,T_CO2E,Tonnes of CO2-equivalent,2024,,540000.2851138,,A,Normal value,3,Thousands,,,,,2,Two,,
DATAFLOW,OECD.ENV.EPI:DSD_AIR_GHG@DF_AIR_GHG(1.0),Air emissions - Greenhouse gas emissions Inventories,I,PRT,Portugal,A,Annual,CO2,Carbon dioxide,_T,Total emissions excluding LULUCF,T_CO2E,Tonnes of CO2-equivalent,2024,,36096.749817046,,A,Normal value,3,Thousands,,,,,2,Two,,
DATAFLOW,OECD.ENV.EPI:DSD_AIR_GHG@DF_AIR_GHG(1.0),Air emissions - Greenhouse gas emissions Inventories,I,DNK,Denmark,A,Annual,CO2,Carbon dioxide,_T,Total emissions excluding LULUCF,T_CO2E,Tonnes of CO2-equivalent,2024,,24759.434602121,,A,Normal value,3,Thousands,,,,,2,Two,,
DATAFLOW,OECD.ENV.EPI:DSD_AIR_GHG@DF_AIR_GHG(1.0),Air emissions - Greenhouse gas emissions Inventories,I,HUN,Hungary,A,Annual,CO2,Carbon dioxide,_T,Total emissions excluding LULUCF,T_CO2E,Tonnes of CO2-equivalent,2024,,39482.353863957,,A,Normal value,3,Thousands,,,,,2,Two,,
DATAFLOW,OECD.ENV.EPI:DSD_AIR_GHG@DF_AIR_GHG(1.0),Air emissions - Greenhouse gas emissions Inventories,I,CHE,Switzerland,A,Annual,CO2,Carbon dioxide,_T,Total emissions excluding LULUCF,T_CO2E,Tonnes of CO2-equivalent,2024,,31334.815734432,,A,Normal value,3,Thousands,,,,,2,Two,,
DATAFLOW,OECD.ENV.EPI:DSD_AIR_GHG@DF_AIR_GHG(1.0),Air emissions - Greenhouse gas emissions Inventories,I,CZE,Czechia,A,Annual,CO2,Carbon dioxide,_T,Total emissions excluding LULUCF,T_CO2E,Tonnes of CO2-equivalent,2024,,77221.894603785,,A,Normal value,3,Thousands,,,,,2,Two,,
DATAFLOW,OECD.ENV.EPI:DSD_AIR_GHG@DF_AIR_GHG(1.0),Air emissions - Greenhouse gas emissions Inventories,I,EST,Estonia,A,Annual,CO2,Carbon dioxide,_T,Total emissions excluding LULUCF,T_CO2E,Tonnes of CO2-equivalent,2024,,8092.5877568295,,A,Normal value,3,Thousands,,,,,2,Two,,
DATAFLOW,OECD.ENV.EPI:DSD_AIR_GHG@DF_AIR_GHG(1.0),Air emissions - Greenhouse gas emissions Inventories,I,FIN,Finland,A,Annual,CO2,Carbon dioxide,_T,Total emissions excluding LULUCF,T_CO2E,Tonnes of CO2-equivalent,2024,,29902.84949992,,A,Normal value,3,Thousands,,,,,2,Two,,
DATAFLOW,OECD.ENV.EPI:DSD_AIR_GHG@DF_AIR_GHG(1.0),Air emissions - Greenhouse gas emissions Inventories,I,DEU,Germany,A,Annual,CO2,Carbon dioxide,_T,Total emissions excluding LULUCF,T_CO2E,Tonnes of CO2-equivalent,2024,,573924.94487729,,A,Normal value,3,Thousands,,,,,2,Two,,
DATAFLOW,OECD.ENV.EPI:DSD_AIR_GHG@DF_AIR_GHG(1.0),Air emissions - Greenhouse gas emissions Inventories,I,GRC,Greece,A,Annual,CO2,Carbon dioxide,_T,Total emissions excluding LULUCF,T_CO2E,Tonnes of CO2-equivalent,2024,,53712.534638861,,A,Normal value,3,Thousands,,,,,2,Two,,
DATAFLOW,OECD.ENV.EPI:DSD_AIR_GHG@DF_AIR_GHG(1.0),Air emissions - Greenhouse gas emissions Inventories,I,ISL,Iceland,A,Annual,CO2,Carbon dioxide,_T,Total emissions excluding LULUCF,T_CO2E,Tonnes of CO2-equivalent,2024,,3676.9298902244,,A,Normal value,3,Thousands,,,,,2,Two,,
DATAFLOW,OECD.ENV.EPI:DSD_AIR_GHG@DF_AIR_GHG(1.0),Air emissions - Greenhouse gas emissions Inventories,I,IRL,Ireland,A,Annual,CO2,Carbon dioxide,_T,Total emissions excluding LULUCF,T_CO2E,Tonnes of CO2-equivalent,2024,,32639.245080111,,A,Normal value,3,Thousands,,,,,2,Two,,
DATAFLOW,OECD.ENV.EPI:DSD_AIR_GHG@DF_AIR_GHG(1.0),Air emissions - Greenhouse gas emissions Inventories,I,ISR,Israel,A,Annual,CO2,Carbon dioxide,_T,Total emissions excluding LULUCF,T_CO2E,Tonnes of CO2-equivalent,2024,,61999.45,,A,Normal value,3,Thousands,,,,,2,Two,,
DATAFLOW,OECD.ENV.EPI:DSD_AIR_GHG@DF_AIR_GHG(1.0),Air emissions - Greenhouse gas emissions Inventories,I,ITA,Italy,A,Annual,CO2,Carbon dioxide,_T,Total emissions excluding LULUCF,T_CO2E,Tonnes of CO2-equivalent,2024,,298490.11388639,,A,Normal value,3,Thousands,,,,,2,Two,,
DATAFLOW,OECD.ENV.EPI:DSD_AIR_GHG@DF_AIR_GHG(1.0),Air emissions - Greenhouse gas emissions Inventories,I,JPN,Japan,A,Annual,CO2,Carbon dioxide,_T,Total emissions excluding LULUCF,T_CO2E,Tonnes of CO2-equivalent,2024,,969621.47031768,,A,Normal value,3,Thousands,,,,,2,Two,,
DATAFLOW,OECD.ENV.EPI:DSD_AIR_GHG@DF_AIR_GHG(1.0),Air emissions - Greenhouse gas emissions Inventories,I,LVA,Latvia,A,Annual,CO2,Carbon dioxide,_T,Total emissions excluding LULUCF,T_CO2E,Tonnes of CO2-equivalent,2024,,6299.2082232954,,A,Normal value,3,Thousands,,,,,2,Two,,
DATAFLOW,OECD.ENV.EPI:DSD_AIR_GHG@DF_AIR_GHG(1.0),Air emissions - Greenhouse gas emissions Inventories,I,LUX,Luxembourg,A,Annual,CO2,Carbon dioxide,_T,Total emissions excluding LULUCF,T_CO2E,Tonnes of CO2-equivalent,2024,,6525.4029866828,,A,Normal value,3,Thousands,,,,,2,Two,,
DATAFLOW,OECD.ENV.EPI:DSD_AIR_GHG@DF_AIR_GHG(1.0),Air emissions - Greenhouse gas emissions Inventories,I,NZL,New Zealand,A,Annual,CO2,Carbon dioxide,_T,Total emissions excluding LULUCF,T_CO2E,Tonnes of CO2-equivalent,2024,,31436.161525931,,A,Normal value,3,Thousands,,,,,2,Two,,
DATAFLOW,OECD.ENV.EPI:DSD_AIR_GHG@DF_AIR_GHG(1.0),Air emissions - Greenhouse gas emissions Inventories,I,SVN,Slovenia,A,Annual,CO2,Carbon dioxide,_T,Total emissions excluding LULUCF,T_CO2E,Tonnes of CO2-equivalent,2024,,12701.68640185,,A,Normal value,3,Thousands,,,,,2,Two,,
DATAFLOW,OECD.ENV.EPI:DSD_AIR_GHG@DF_AIR_GHG(1.0),Air emissions - Greenhouse gas emissions Inventories,I,SWE,Sweden,A,Annual,CO2,Carbon dioxide,_T,Total emissions excluding LULUCF,T_CO2E,Tonnes of CO2-equivalent,2024,,38832.14221591,,A,Normal value,3,Thousands,,,,,2,Two,,
DATAFLOW,OECD.ENV.EPI:DSD_AIR_GHG@DF_AIR_GHG(1.0),Air emissions - Greenhouse gas emissions Inventories,I,TUR,Türkiye,A,Annual,CO2,Carbon dioxide,_T,Total emissions excluding LULUCF,T_CO2E,Tonnes of CO2-equivalent,2024,,467814.1557734,,A,Normal value,3,Thousands,,,,,2,Two,,
DATAFLOW,OECD.ENV.EPI:DSD_AIR_GHG@DF_AIR_GHG(1.0),Air emissions - Greenhouse gas emissions Inventories,I,HRV,Croatia,A,Annual,CO2,Carbon dioxide,_T,Total emissions excluding LULUCF,T_CO2E,Tonnes of CO2-equivalent,2024,,18253.222450701,,A,Normal value,3,Thousands,,,,,2,Two,,
DATAFLOW,OECD.ENV.EPI:DSD_AIR_GHG@DF_AIR_GHG(1.0),Air emissions - Greenhouse gas emissions Inventories,I,CYP,Cyprus,A,Annual,CO2,Carbon dioxide,_T,Total emissions excluding LULUCF,T_CO2E,Tonnes of CO2-equivalent,2024,,7134.5756108259,,A,Normal value,3,Thousands,,,,,2,Two,,
DATAFLOW,OECD.ENV.EPI:DSD_AIR_GHG@DF_AIR_GHG(1.0),Air emissions - Greenhouse gas emissions Inventories,I,KAZ,Kazakhstan,A,Annual,CO2,Carbon dioxide,_T,Total emissions excluding LULUCF,T_CO2E,Tonnes of CO2-equivalent,2024,,281042.87668995,,A,Normal value,3,Thousands,,,,,2,Two,,
DATAFLOW,OECD.ENV.EPI:DSD_AIR_GHG@DF_AIR_GHG(1.0),Air emissions - Greenhouse gas emissions Inventories,I,LIE,Liechtenstein,A,Annual,CO2,Carbon dioxide,_T,Total emissions excluding LULUCF,T_CO2E,Tonnes of CO2-equivalent,2024,,114.69891383307,,A,Normal value,3,Thousands,,,,,2,Two,,
DATAFLOW,OECD.ENV.EPI:DSD_AIR_GHG@DF_AIR_GHG(1.0),Air emissions - Greenhouse gas emissions Inventories,I,MLT,Malta,A,Annual,CO2,Carbon dioxide,_T,Total emissions excluding LULUCF,T_CO2E,Tonnes of CO2-equivalent,2024,,1701.041828674,,A,Normal value,3,Thousands,,,,,2,Two,,
DATAFLOW,OECD.ENV.EPI:DSD_AIR_GHG@DF_AIR_GHG(1.0),Air emissions - Greenhouse gas emissions Inventories,I,MCO,Monaco,A,Annual,CO2,Carbon dioxide,_T,Total emissions excluding LULUCF,T_CO2E,Tonnes of CO2-equivalent,2024,,52.334646506369,,A,Normal value,3,Thousands,,,,,2,Two,,
DATAFLOW,OECD.ENV.EPI:DSD_AIR_GHG@DF_AIR_GHG(1.0),Air emissions - Greenhouse gas emissions Inventories,I,UKR,Ukraine,A,Annual,CO2,Carbon dioxide,_T,Total emissions excluding LULUCF,T_CO2E,Tonnes of CO2-equivalent,2024,,134084.77833149,,A,Normal value,3,Thousands,,,,,2,Two,,
DATAFLOW,OECD.ENV.EPI:DSD_AIR_GHG@DF_AIR_GHG(1.0),Air emissions - Greenhouse gas emissions Inventories,I,AUS,Australia,A,Annual,CO2,Carbon dioxide,_T,Total emissions excluding LULUCF,T_CO2E,Tonnes of CO2-equivalent,2020,,399701.83324831,,A,Normal value,3,Thousands,,,,,2,Two,,
DATAFLOW,OECD.ENV.EPI:DSD_AIR_GHG@DF_AIR_GHG(1.0),Air emissions - Greenhouse gas emissions Inventories,I,AUT,Austria,A,Annual,CO2,Carbon dioxide,_T,Total emissions excluding LULUCF,T_CO2E,Tonnes of CO2-equivalent,2020,,61995.89413528,,A,Normal value,3,Thousands,,,,,2,Two,,
DATAFLOW,OECD.ENV.EPI:DSD_AIR_GHG@DF_AIR_GHG(1.0),Air emissions - Greenhouse gas emissions Inventories,I,BEL,Belgium,A,Annual,CO2,Carbon dioxide,_T,Total emissions excluding LULUCF,T_CO2E,Tonnes of CO2-equivalent,2020,,91328.773133354,,A,Normal value,3,Thousands,,,,,2,Two,,
DATAFLOW,OECD.ENV.EPI:DSD_AIR_GHG@DF_AIR_GHG(1.0),Air emissions - Greenhouse gas emissions Inventories,I,CAN,Canada,A,Annual,CO2,Carbon dioxide,_T,Total emissions excluding LULUCF,T_CO2E,Tonnes of CO2-equivalent,2020,,523540.43589986,,A,Normal value,3,Thousands,,,,,2,Two,,
DATAFLOW,OECD.ENV.EPI:DSD_AIR_GHG@DF_AIR_GHG(1.0),Air emissions - Greenhouse gas emissions Inventories,I,CHL,Chile,A,Annual,CO2,Carbon dioxide,_T,Total emissions excluding LULUCF,T_CO2E,Tonnes of CO2-equivalent,2020,,78678.52,,A,Normal value,3,Thousands,,,,,2,Two,,
DATAFLOW,OECD.ENV.EPI:DSD_AIR_GHG@DF_AIR_GHG(1.0),Air emissions - Greenhouse gas emissions Inventories,I,COL,Colombia,A,Annual,CO2,Carbon dioxide,_T,Total emissions excluding LULUCF,T_CO2E,Tonnes of CO2-equivalent,2020,,83030.79,,A,Normal value,3,Thousands,,,,,2,Two,,
DATAFLOW,OECD.ENV.EPI:DSD_AIR_GHG@DF_AIR_GHG(1.0),Air emissions - Greenhouse gas emissions Inventories,I,CRI,Costa Rica,A,Annual,CO2,Carbon dioxide,_T,Total emissions excluding LULUCF,T_CO2E,Tonnes of CO2-equivalent,2020,,4108.78,,A,Normal value,3,Thousands,,,,,2,Two,,
DATAFLOW,OECD.ENV.EPI:DSD_AIR_GHG@DF_AIR_GHG(1.0),Air emissions - Greenhouse gas emissions Inventories,I,CZE,Czechia,A,Annual,CO2,Carbon dioxide,_T,Total emissions excluding LULUCF,T_CO2E,Tonnes of CO2-equivalent,2020,,91709.055531737,,A,Normal value,3,Thousands,,,,,2,Two,,
DATAFLOW,OECD.ENV.EPI:DSD_AIR_GHG@DF_AIR_GHG(1.0),Air emissions - Greenhouse gas emissions Inventories,I,DNK,Denmark,A,Annual,CO2,Carbon dioxide,_T,Total emissions excluding LULUCF,T_CO2E,Tonnes of CO2-equivalent,2020,,29885.894334097,,A,Normal value,3,Thousands,,,,,2,Two,,
DATAFLOW,OECD.ENV.EPI:DSD_AIR_GHG@DF_AIR_GHG(1.0),Air emissions - Greenhouse gas emissions Inventories,I,EST,Estonia,A,Annual,CO2,Carbon dioxide,_T,Total emissions excluding LULUCF,T_CO2E,Tonnes of CO2-equivalent,2020,,9199.3186091673,,A,Normal value,3,Thousands,,,,,2,Two,,
DATAFLOW,OECD.ENV.EPI:DSD_AIR_GHG@DF_AIR_GHG(1.0),Air emissions - Greenhouse gas emissions Inventories,I,FIN,Finland,A,Annual,CO2,Carbon dioxide,_T,Total emissions excluding LULUCF,T_CO2E,Tonnes of CO2-equivalent,2020,,37718.091502648,,A,Normal value,3,Thousands,,,,,2,Two,,
DATAFLOW,OECD.ENV.EPI:DSD_AIR_GHG@DF_AIR_GHG(1.0),Air emissions - Greenhouse gas emissions Inventories,I,FRA,France,A,Annual,CO2,Carbon dioxide,_T,Total emissions excluding LULUCF,T_CO2E,Tonnes of CO2-equivalent,2020,,296460.34047046,,A,Normal value,3,Thousands,,,,,2,Two,,
DATAFLOW,OECD.ENV.EPI:DSD_AIR_GHG@DF_AIR_GHG(1.0),Air emissions - Greenhouse gas emissions Inventories,I,DEU,Germany,A,Annual,CO2,Carbon dioxide,_T,Total emissions excluding LULUCF,T_CO2E,Tonnes of CO2-equivalent,2020,,646682.83549289,,A,Normal value,3,Thousands,,,,,2,Two,,
DATAFLOW,OECD.ENV.EPI:DSD_AIR_GHG@DF_AIR_GHG(1.0),Air emissions - Greenhouse gas emissions Inventories,I,GRC,Greece,A,Annual,CO2,Carbon dioxide,_T,Total emissions excluding LULUCF,T_CO2E,Tonnes of CO2-equivalent,2020,,55584.178438435,,A,Normal value,3,Thousands,,,,,2,Two,,
DATAFLOW,OECD.ENV.EPI:DSD_AIR_GHG@DF_AIR_GHG(1.0),Air emissions - Greenhouse gas emissions Inventories,I,HUN,Hungary,A,Annual,CO2,Carbon dioxide,_T,Total emissions excluding LULUCF,T_CO2E,Tonnes of CO2-equivalent,2020,,47106.096075669,,A,Normal value,3,Thousands,,,,,2,Two,,
DATAFLOW,OECD.ENV.EPI:DSD_AIR_GHG@DF_AIR_GHG(1.0),Air emissions - Greenhouse gas emissions Inventories,I,ISL,Iceland,A,Annual,CO2,Carbon dioxide,_T,Total emissions excluding LULUCF,T_CO2E,Tonnes of CO2-equivalent,2020,,3337.3709578749,,A,Normal value,3,Thousands,,,,,2,Two,,
DATAFLOW,OECD.ENV.EPI:DSD_AIR_GHG@DF_AIR_GHG(1.0),Air emissions - Greenhouse gas emissions Inventories,I,IRL,Ireland,A,Annual,CO2,Carbon dioxide,_T,Total emissions excluding LULUCF,T_CO2E,Tonnes of CO2-equivalent,2020,,34911.630671191,,A,Normal value,3,Thousands,,,,,2,Two,,
DATAFLOW,OECD.ENV.EPI:DSD_AIR_GHG@DF_AIR_GHG(1.0),Air emissions - Greenhouse gas emissions Inventories,I,ISR,Israel,A,Annual,CO2,Carbon dioxide,_T,Total emissions excluding LULUCF,T_CO2E,Tonnes of CO2-equivalent,2020,,62782.09,,A,Normal value,3,Thousands,,,,,2,Two,,
DATAFLOW,OECD.ENV.EPI:DSD_AIR_GHG@DF_AIR_GHG(1.0),Air emissions - Greenhouse gas emissions Inventories,I,ITA,Italy,A,Annual,CO2,Carbon dioxide,_T,Total emissions excluding LULUCF,T_CO2E,Tonnes of CO2-equivalent,2020,,300706.13272381,,A,Normal value,3,Thousands,,,,,2,Two,,
DATAFLOW,OECD.ENV.EPI:DSD_AIR_GHG@DF_AIR_GHG(1.0),Air emissions - Greenhouse gas emissions Inventories,I,JPN,Japan,A,Annual,CO2,Carbon dioxide,_T,Total emissions excluding LULUCF,T_CO2E,Tonnes of CO2-equivalent,2020,,1035552.4129386,,A,Normal value,3,Thousands,,,,,2,Two,,
DATAFLOW,OECD.ENV.EPI:DSD_AIR_GHG@DF_AIR_GHG(1.0),Air emissions - Greenhouse gas emissions Inventories,I,KOR,Korea,A,Annual,CO2,Carbon dioxide,_T,Total emissions excluding LULUCF,T_CO2E,Tonnes of CO2-equivalent,2020,,623833.06,,A,Normal value,3,Thousands,,,,,2,Two,,
DATAFLOW,OECD.ENV.EPI:DSD_AIR_GHG@DF_AIR_GHG(1.0),Air emissions - Greenhouse gas emissions Inventories,I,LVA,Latvia,A,Annual,CO2,Carbon dioxide,_T,Total emissions excluding LULUCF,T_CO2E,Tonnes of CO2-equivalent,2020,,6999.6534289724,,A,Normal value,3,Thousands,,,,,2,Two,,
DATAFLOW,OECD.ENV.EPI:DSD_AIR_GHG@DF_AIR_GHG(1.0),Air emissions - Greenhouse gas emissions Inventories,I,LTU,Lithuania,A,Annual,CO2,Carbon dioxide,_T,Total emissions excluding LULUCF,T_CO2E,Tonnes of CO2-equivalent,2020,,13432.340076427,,A,Normal value,3,Thousands,,,,,2,Two,,
DATAFLOW,OECD.ENV.EPI:DSD_AIR_GHG@DF_AIR_GHG(1.0),Air emissions - Greenhouse gas emissions Inventories,I,LUX,Luxembourg,A,Annual,CO2,Carbon dioxide,_T,Total emissions excluding LULUCF,T_CO2E,Tonnes of CO2-equivalent,2020,,8072.7916698757,,A,Normal value,3,Thousands,,,,,2,Two,,
DATAFLOW,OECD.ENV.EPI:DSD_AIR_GHG@DF_AIR_GHG(1.0),Air emissions - Greenhouse gas emissions Inventories,I,MEX,Mexico,A,Annual,CO2,Carbon dioxide,_T,Total emissions excluding LULUCF,T_CO2E,Tonnes of CO2-equivalent,2020,,295786.21,,A,Normal value,3,Thousands,,,,,2,Two,,
DATAFLOW,OECD.ENV.EPI:DSD_AIR_GHG@DF_AIR_GHG(1.0),Air emissions - Greenhouse gas emissions Inventories,I,NLD,Netherlands,A,Annual,CO2,Carbon dioxide,_T,Total emissions excluding LULUCF,T_CO2E,Tonnes of CO2-equivalent,2020,,136917.69822923,,A,Normal value,3,Thousands,,,,,2,Two,,
DATAFLOW,OECD.ENV.EPI:DSD_AIR_GHG@DF_AIR_GHG(1.0),Air emissions - Greenhouse gas emissions Inventories,I,NZL,New Zealand,A,Annual,CO2,Carbon dioxide,_T,Total emissions excluding LULUCF,T_CO2E,Tonnes of CO2-equivalent,2020,,34126.569906356,,A,Normal value,3,Thousands,,,,,2,Two,,
DATAFLOW,OECD.ENV.EPI:DSD_AIR_GHG@DF_AIR_GHG(1.0),Air emissions - Greenhouse gas emissions Inventories,I,NOR,Norway,A,Annual,CO2,Carbon dioxide,_T,Total emissions excluding LULUCF,T_CO2E,Tonnes of CO2-equivalent,2020,,40984.80636486,,A,Normal value,3,Thousands,,,,,2,Two,,
DATAFLOW,OECD.ENV.EPI:DSD_AIR_GHG@DF_AIR_GHG(1.0),Air emissions - Greenhouse gas emissions Inventories,I,POL,Poland,A,Annual,CO2,Carbon dioxide,_T,Total emissions excluding LULUCF,T_CO2E,Tonnes of CO2-equivalent,2020,,301972.86275118,,A,Normal value,3,Thousands,,,,,2,Two,,
DATAFLOW,OECD.ENV.EPI:DSD_AIR_GHG@DF_AIR_GHG(1.0),Air emissions - Greenhouse gas emissions Inventories,I,PRT,Portugal,A,Annual,CO2,Carbon dioxide,_T,Total emissions excluding LULUCF,T_CO2E,Tonnes of CO2-equivalent,2020,,41645.869074296,,A,Normal value,3,Thousands,,,,,2,Two,,
DATAFLOW,OECD.ENV.EPI:DSD_AIR_GHG@DF_AIR_GHG(1.0),Air emissions - Greenhouse gas emissions Inventories,I,SVK,Slovak Republic,A,Annual,CO2,Carbon dioxide,_T,Total emissions excluding LULUCF,T_CO2E,Tonnes of CO2-equivalent,2020,,31144.751164696,,A,Normal value,3,Thousands,,,,,2,Two,,
DATAFLOW,OECD.ENV.EPI:DSD_AIR_GHG@DF_AIR_GHG(1.0),Air emissions - Greenhouse gas emissions Inventories,I,SVN,Slovenia,A,Annual,CO2,Carbon dioxide,_T,Total emissions excluding LULUCF,T_CO2E,Tonnes of CO2-equivalent,2020,,12873.627807364,,A,Normal value,3,Thousands,,,,,2,Two,,
DATAFLOW,OECD.ENV.EPI:DSD_AIR_GHG@DF_AIR_GHG(1.0),Air emissions - Greenhouse gas emissions Inventories,I,ESP,Spain,A,Annual,CO2,Carbon dioxide,_T,Total emissions excluding LULUCF,T_CO2E,Tonnes of CO2-equivalent,2020,,209435.22987296,,A,Normal value,3,Thousands,,,,,2,Two,,
DATAFLOW,OECD.ENV.EPI:DSD_AIR_GHG@DF_AIR_GHG(1.0),Air emissions - Greenhouse gas emissions Inventories,I,SWE,Sweden,A,Annual,CO2,Carbon dioxide,_T,Total emissions excluding LULUCF,T_CO2E,Tonnes of CO2-equivalent,2020,,36595.486949322,,A,Normal value,3,Thousands,,,,,2,Two,,
DATAFLOW,OECD.ENV.EPI:DSD_AIR_GHG@DF_AIR_GHG(1.0),Air emissions - Greenhouse gas emissions Inventories,I,CHE,Switzerland,A,Annual,CO2,Carbon dioxide,_T,Total emissions excluding LULUCF,T_CO2E,Tonnes of CO2-equivalent,2020,,34344.273000637,,A,Normal value,3,Thousands,,,,,2,Two,,
DATAFLOW,OECD.ENV.EPI:DSD_AIR_GHG@DF_AIR_GHG(1.0),Air emissions - Greenhouse gas emissions Inventories,I,TUR,Türkiye,A,Annual,CO2,Carbon dioxide,_T,Total emissions excluding LULUCF,T_CO2E,Tonnes of CO2-equivalent,2020,,418520.48273907,,A,Normal value,3,Thousands,,,,,2,Two,,
DATAFLOW,OECD.ENV.EPI:DSD_AIR_GHG@DF_AIR_GHG(1.0),Air emissions - Greenhouse gas emissions Inventories,I,GBR,United Kingdom,A,Annual,CO2,Carbon dioxide,_T,Total emissions excluding LULUCF,T_CO2E,Tonnes of CO2-equivalent,2020,,326393.8984443,,A,Normal value,3,Thousands,,,,,2,Two,,
DATAFLOW,OECD.ENV.EPI:DSD_AIR_GHG@DF_AIR_GHG(1.0),Air emissions - Greenhouse gas emissions Inventories,I,USA,United States,A,Annual,CO2,Carbon dioxide,_T,Total emissions excluding LULUCF,T_CO2E,Tonnes of CO2-equivalent,2020,,4688969.21,,A,Normal value,3,Thousands,,,,,2,Two,,
DATAFLOW,OECD.ENV.EPI:DSD_AIR_GHG@DF_AIR_GHG(1.0),Air emissions - Greenhouse gas emissions Inventories,I,EU27_2020,European Union (27 countries from 01/02/2020),A,Annual,CO2,Carbon dioxide,_T,Total emissions excluding LULUCF,T_CO2E,Tonnes of CO2-equivalent,2020,,2361019.3441438,,A,Normal value,3,Thousands,,,,,2,Two,,
DATAFLOW,OECD.ENV.EPI:DSD_AIR_GHG@DF_AIR_GHG(1.0),Air emissions - Greenhouse gas emissions Inventories,I,DZA,Algeria,A,Annual,CO2,Carbon dioxide,_T,Total emissions excluding LULUCF,T_CO2E,Tonnes of CO2-equivalent,2020,,174951.85504821,,A,Normal value,3,Thousands,,,,,2,Two,,
DATAFLOW,OECD.ENV.EPI:DSD_AIR_GHG@DF_AIR_GHG(1.0),Air emissions - Greenhouse gas emissions Inventories,I,ARG,Argentina,A,Annual,CO2,Carbon dioxide,_T,Total emissions excluding LULUCF,T_CO2E,Tonnes of CO2-equivalent,2020,,164475.93725471,,A,Normal value,3,Thousands,,,,,2,Two,,
DATAFLOW,OECD.ENV.EPI:DSD_AIR_GHG@DF_AIR_GHG(1.0),Air emissions - Greenhouse gas emissions Inventories,I,AZE,Azerbaijan,A,Annual,CO2,Carbon dioxide,_T,Total emissions excluding LULUCF,T_CO2E,Tonnes of CO2-equivalent,2020,,41926.865557253,,A,Normal value,3,Thousands,,,,,2,Two,,
DATAFLOW,OECD.ENV.EPI:DSD_AIR_GHG@DF_AIR_GHG(1.0),Air emissions - Greenhouse gas emissions Inventories,I,BTN,Bhutan,A,Annual,CO2,Carbon dioxide,_T,Total emissions excluding LULUCF,T_CO2E,Tonnes of CO2-equivalent,2020,,1283.1543911786,,A,Normal value,3,Thousands,,,,,2,Two,,
DATAFLOW,OECD.ENV.EPI:DSD_AIR_GHG@DF_AIR_GHG(1.0),Air emissions - Greenhouse gas emissions Inventories,I,BRA,Brazil,A,Annual,CO2,Carbon dioxide,_T,Total emissions excluding LULUCF,T_CO2E,Tonnes of CO2-equivalent,2020,,477997.69939691,,A,Normal value,3,Thousands,,,,,2,Two,,
DATAFLOW,OECD.ENV.EPI:DSD_AIR_GHG@DF_AIR_GHG(1.0),Air emissions - Greenhouse gas emissions Inventories,I,BRN,Brunei Darussalam,A,Annual,CO2,Carbon dioxide,_T,Total emissions excluding LULUCF,T_CO2E,Tonnes of CO2-equivalent,2020,,12964.094479257,,A,Normal value,3,Thousands,,,,,2,Two,,
DATAFLOW,OECD.ENV.EPI:DSD_AIR_GHG@DF_AIR_GHG(1.0),Air emissions - Greenhouse gas emissions Inventories,I,BGR,Bulgaria,A,Annual,CO2,Carbon dioxide,_T,Total emissions excluding LULUCF,T_CO2E,Tonnes of CO2-equivalent,2020,,36570.931935878,,A,Normal value,3,Thousands,,,,,2,Two,,
DATAFLOW,OECD.ENV.EPI:DSD_AIR_GHG@DF_AIR_GHG(1.0),Air emissions - Greenhouse gas emissions Inventories,I,CHN,China (People’s Republic of),A,Annual,CO2,Carbon dioxide,_T,Total emissions excluding LULUCF,T_CO2E,Tonnes of CO2-equivalent,2020,,11201668.401008,,A,Normal value,3,Thousands,,,,,2,Two,,
DATAFLOW,OECD.ENV.EPI:DSD_AIR_GHG@DF_AIR_GHG(1.0),Air emissions - Greenhouse gas emissions Inventories,I,CIV,Côte d’Ivoire,A,Annual,CO2,Carbon dioxide,_T,Total emissions excluding LULUCF,T_CO2E,Tonnes of CO2-equivalent,2020,,6888.6696567673,,A,Normal value,3,Thousands,,,,,2,Two,,
DATAFLOW,OECD.ENV.EPI:DSD_AIR_GHG@DF_AIR_GHG(1.0),Air emissions - Greenhouse gas emissions Inventories,I,HRV,Croatia,A,Annual,CO2,Carbon dioxide,_T,Total emissions excluding LULUCF,T_CO2E,Tonnes of CO2-equivalent,2020,,16870.104531705,,A,Normal value,3,Thousands,,,,,2,Two,,
DATAFLOW,OECD.ENV.EPI:DSD_AIR_GHG@DF_AIR_GHG(1.0),Air emissions - Greenhouse gas emissions Inventories,I,CUB,Cuba,A,Annual,CO2,Carbon dioxide,_T,Total emissions excluding LULUCF,T_CO2E,Tonnes of CO2-equivalent,2020,,26455.460271704,,A,Normal value,3,Thousands,,,,,2,Two,,
DATAFLOW,OECD.ENV.EPI:DSD_AIR_GHG@DF_AIR_GHG(1.0),Air emissions - Greenhouse gas emissions Inventories,I,CYP,Cyprus,A,Annual,CO2,Carbon dioxide,_T,Total emissions excluding LULUCF,T_CO2E,Tonnes of CO2-equivalent,2020,,6903.0670990837,,A,Normal value,3,Thousands,,,,,2,Two,,
DATAFLOW,OECD.ENV.EPI:DSD_AIR_GHG@DF_AIR_GHG(1.0),Air emissions - Greenhouse gas emissions Inventories,I,EGY,Egypt,A,Annual,CO2,Carbon dioxide,_T,Total emissions excluding LULUCF,T_CO2E,Tonnes of CO2-equivalent,2020,,251445.93331117,,A,Normal value,3,Thousands,,,,,2,Two,,
DATAFLOW,OECD.ENV.EPI:DSD_AIR_GHG@DF_AIR_GHG(1.0),Air emissions - Greenhouse gas emissions Inventories,I,GEO,Georgia,A,Annual,CO2,Carbon dioxide,_T,Total emissions excluding LULUCF,T_CO2E,Tonnes of CO2-equivalent,2020,,11048.326887642,,A,Normal value,3,Thousands,,,,,2,Two,,
DATAFLOW,OECD.ENV.EPI:DSD_AIR_GHG@DF_AIR_GHG(1.0),Air emissions - Greenhouse gas emissions Inventories,I,GHA,Ghana,A,Annual,CO2,Carbon dioxide,_T,Total emissions excluding LULUCF,T_CO2E,Tonnes of CO2-equivalent,2020,,22157.003244619,,A,Normal value,3,Thousands,,,,,2,Two,,
DATAFLOW,OECD.ENV.EPI:DSD_AIR_GHG@DF_AIR_GHG(1.0),Air emissions - Greenhouse gas emissions Inventories,I,GTM,Guatemala,A,Annual,CO2,Carbon dioxide,_T,Total emissions excluding LULUCF,T_CO2E,Tonnes of CO2-equivalent,2020,,18724.259103987,,A,Normal value,3,Thousands,,,,,2,Two,,
DATAFLOW,OECD.ENV.EPI:DSD_AIR_GHG@DF_AIR_GHG(1.0),Air emissions - Greenhouse gas emissions Inventories,I,GNB,Guinea-Bissau,A,Annual,CO2,Carbon dioxide,_T,Total emissions excluding LULUCF,T_CO2E,Tonnes of CO2-equivalent,2020,,280.618111756,,A,Normal value,3,Thousands,,,,,2,Two,,
DATAFLOW,OECD.ENV.EPI:DSD_AIR_GHG@DF_AIR_GHG(1.0),Air emissions - Greenhouse gas emissions Inventories,I,GUY,Guyana,A,Annual,CO2,Carbon dioxide,_T,Total emissions excluding LULUCF,T_CO2E,Tonnes of CO2-equivalent,2020,,4028.286261666,,A,Normal value,3,Thousands,,,,,2,Two,,
DATAFLOW,OECD.ENV.EPI:DSD_AIR_GHG@DF_AIR_GHG(1.0),Air emissions - Greenhouse gas emissions Inventories,I,VAT,Holy See,A,Annual,CO2,Carbon dioxide,_T,Total emissions excluding LULUCF,T_CO2E,Tonnes of CO2-equivalent,2020,,12.645836230941,,A,Normal value,3,Thousands,,,,,2,Two,,
DATAFLOW,OECD.ENV.EPI:DSD_AIR_GHG@DF_AIR_GHG(1.0),Air emissions - Greenhouse gas emissions Inventories,I,IND,India,A,Annual,CO2,Carbon dioxide,_T,Total emissions excluding LULUCF,T_CO2E,Tonnes of CO2-equivalent,2020,,2298059.5,,A,Normal value,3,Thousands,,,,,2,Two,,
DATAFLOW,OECD.ENV.EPI:DSD_AIR_GHG@DF_AIR_GHG(1.0),Air emissions - Greenhouse gas emissions Inventories,I,IDN,Indonesia,A,Annual,CO2,Carbon dioxide,_T,Total emissions excluding LULUCF,T_CO2E,Tonnes of CO2-equivalent,2020,,641958.59445549,,A,Normal value,3,Thousands,,,,,2,Two,,
DATAFLOW,OECD.ENV.EPI:DSD_AIR_GHG@DF_AIR_GHG(1.0),Air emissions - Greenhouse gas emissions Inventories,I,IRQ,Iraq,A,Annual,CO2,Carbon dioxide,_T,Total emissions excluding LULUCF,T_CO2E,Tonnes of CO2-equivalent,2020,,158784.50914964,,A,Normal value,3,Thousands,,,,,2,Two,,
DATAFLOW,OECD.ENV.EPI:DSD_AIR_GHG@DF_AIR_GHG(1.0),Air emissions - Greenhouse gas emissions Inventories,I,KAZ,Kazakhstan,A,Annual,CO2,Carbon dioxide,_T,Total emissions excluding LULUCF,T_CO2E,Tonnes of CO2-equivalent,2020,,289447.54139942,,A,Normal value,3,Thousands,,,,,2,Two,,
DATAFLOW,OECD.ENV.EPI:DSD_AIR_GHG@DF_AIR_GHG(1.0),Air emissions - Greenhouse gas emissions Inventories,I,KEN,Kenya,A,Annual,CO2,Carbon dioxide,_T,Total emissions excluding LULUCF,T_CO2E,Tonnes of CO2-equivalent,2020,,18217.88025305,,A,Normal value,3,Thousands,,,,,2,Two,,
DATAFLOW,OECD.ENV.EPI:DSD_AIR_GHG@DF_AIR_GHG(1.0),Air emissions - Greenhouse gas emissions Inventories,I,LBN,Lebanon,A,Annual,CO2,Carbon dioxide,_T,Total emissions excluding LULUCF,T_CO2E,Tonnes of CO2-equivalent,2020,,21043.445677267,,A,Normal value,3,Thousands,,,,,2,Two,,
DATAFLOW,OECD.ENV.EPI:DSD_AIR_GHG@DF_AIR_GHG(1.0),Air emissions - Greenhouse gas emissions Inventories,I,LIE,Liechtenstein,A,Annual,CO2,Carbon dioxide,_T,Total emissions excluding LULUCF,T_CO2E,Tonnes of CO2-equivalent,2020,,142.13646497532,,A,Normal value,3,Thousands,,,,,2,Two,,
DATAFLOW,OECD.ENV.EPI:DSD_AIR_GHG@DF_AIR_GHG(1.0),Air emissions - Greenhouse gas emissions Inventories,I,MYS,Malaysia,A,Annual,CO2,Carbon dioxide,_T,Total emissions excluding LULUCF,T_CO2E,Tonnes of CO2-equivalent,2020,,272818.28645016,,A,Normal value,3,Thousands,,,,,2,Two,,
DATAFLOW,OECD.ENV.EPI:DSD_AIR_GHG@DF_AIR_GHG(1.0),Air emissions - Greenhouse gas emissions Inventories,I,MDV,Maldives,A,Annual,CO2,Carbon dioxide,_T,Total emissions excluding LULUCF,T_CO2E,Tonnes of CO2-equivalent,2020,,1436.8106890754,,A,Normal value,3,Thousands,,,,,2,Two,,
DATAFLOW,OECD.ENV.EPI:DSD_AIR_GHG@DF_AIR_GHG(1.0),Air emissions - Greenhouse gas emissions Inventories,I,MLT,Malta,A,Annual,CO2,Carbon dioxide,_T,Total emissions excluding LULUCF,T_CO2E,Tonnes of CO2-equivalent,2020,,1600.9799248854,,A,Normal value,3,Thousands,,,,,2,Two,,
DATAFLOW,OECD.ENV.EPI:DSD_AIR_GHG@DF_AIR_GHG(1.0),Air emissions - Greenhouse gas emissions Inventories,I,MUS,Mauritius,A,Annual,CO2,Carbon dioxide,_T,Total emissions excluding LULUCF,T_CO2E,Tonnes of CO2-equivalent,2020,,4237.0111034991,,A,Normal value,3,Thousands,,,,,2,Two,,
DATAFLOW,OECD.ENV.EPI:DSD_AIR_GHG@DF_AIR_GHG(1.0),Air emissions - Greenhouse gas emissions Inventories,I,MDA,Moldova,A,Annual,CO2,Carbon dioxide,_T,Total emissions excluding LULUCF,T_CO2E,Tonnes of CO2-equivalent,2020,,9657.3753805856,,A,Normal value,3,Thousands,,,,,2,Two,,
DATAFLOW,OECD.ENV.EPI:DSD_AIR_GHG@DF_AIR_GHG(1.0),Air emissions - Greenhouse gas emissions Inventories,I,MCO,Monaco,A,Annual,CO2,Carbon dioxide,_T,Total emissions excluding LULUCF,T_CO2E,Tonnes of CO2-equivalent,2020,,60.05698025275,,A,Normal value,3,Thousands,,,,,2,Two,,
DATAFLOW,OECD.ENV.EPI:DSD_AIR_GHG@DF_AIR_GHG(1.0),Air emissions - Greenhouse gas emissions Inventories,I,MAR,Morocco,A,Annual,CO2,Carbon dioxide,_T,Total emissions excluding LULUCF,T_CO2E,Tonnes of CO2-equivalent,2020,,67110.706285818,,A,Normal value,3,Thousands,,,,,2,Two,,
DATAFLOW,OECD.ENV.EPI:DSD_AIR_GHG@DF_AIR_GHG(1.0),Air emissions - Greenhouse gas emissions Inventories,I,NAM,Namibia,A,Annual,CO2,Carbon dioxide,_T,Total emissions excluding LULUCF,T_CO2E,Tonnes of CO2-equivalent,2020,,3553.869126931,,A,Normal value,3,Thousands,,,,,2,Two,,
DATAFLOW,OECD.ENV.EPI:DSD_AIR_GHG@DF_AIR_GHG(1.0),Air emissions - Greenhouse gas emissions Inventories,I,NPL,Nepal,A,Annual,CO2,Carbon dioxide,_T,Total emissions excluding LULUCF,T_CO2E,Tonnes of CO2-equivalent,2020,,13098.707517239,,A,Normal value,3,Thousands,,,,,2,Two,,
DATAFLOW,OECD.ENV.EPI:DSD_AIR_GHG@DF_AIR_GHG(1.0),Air emissions - Greenhouse gas emissions Inventories,I,NGA,Nigeria,A,Annual,CO2,Carbon dioxide,_T,Total emissions excluding LULUCF,T_CO2E,Tonnes of CO2-equivalent,2020,,120730.83297546,,A,Normal value,3,Thousands,,,,,2,Two,,
DATAFLOW,OECD.ENV.EPI:DSD_AIR_GHG@DF_AIR_GHG(1.0),Air emissions - Greenhouse gas emissions Inventories,I,PAN,Panama,A,Annual,CO2,Carbon dioxide,_T,Total emissions excluding LULUCF,T_CO2E,Tonnes of CO2-equivalent,2020,,11675.822628499,,A,Normal value,3,Thousands,,,,,2,Two,,
DATAFLOW,OECD.ENV.EPI:DSD_AIR_GHG@DF_AIR_GHG(1.0),Air emissions - Greenhouse gas emissions Inventories,I,PER,Peru,A,Annual,CO2,Carbon dioxide,_T,Total emissions excluding LULUCF,T_CO2E,Tonnes of CO2-equivalent,2020,,164652.99742331,,A,Normal value,3,Thousands,,,,,2,Two,,
DATAFLOW,OECD.ENV.EPI:DSD_AIR_GHG@DF_AIR_GHG(1.0),Air emissions - Greenhouse gas emissions Inventories,I,ROU,Romania,A,Annual,CO2,Carbon dioxide,_T,Total emissions excluding LULUCF,T_CO2E,Tonnes of CO2-equivalent,2020,,68289.857471644,,A,Normal value,3,Thousands,,,,,2,Two,,
DATAFLOW,OECD.ENV.EPI:DSD_AIR_GHG@DF_AIR_GHG(1.0),Air emissions - Greenhouse gas emissions Inventories,I,RWA,Rwanda,A,Annual,CO2,Carbon dioxide,_T,Total emissions excluding LULUCF,T_CO2E,Tonnes of CO2-equivalent,2020,,-2557.1304667309,,A,Normal value,3,Thousands,,,,,2,Two,,
DATAFLOW,OECD.ENV.EPI:DSD_AIR_GHG@DF_AIR_GHG(1.0),Air emissions - Greenhouse gas emissions Inventories,I,SAU,Saudi Arabia,A,Annual,CO2,Carbon dioxide,_T,Total emissions excluding LULUCF,T_CO2E,Tonnes of CO2-equivalent,2020,,624542.26559432,,A,Normal value,3,Thousands,,,,,2,Two,,
DATAFLOW,OECD.ENV.EPI:DSD_AIR_GHG@DF_AIR_GHG(1.0),Air emissions - Greenhouse gas emissions Inventories,I,SRB,Serbia,A,Annual,CO2,Carbon dioxide,_T,Total emissions excluding LULUCF,T_CO2E,Tonnes of CO2-equivalent,2020,,51390.124990564,,A,Normal value,3,Thousands,,,,,2,Two,,
DATAFLOW,OECD.ENV.EPI:DSD_AIR_GHG@DF_AIR_GHG(1.0),Air emissions - Greenhouse gas emissions Inventories,I,SGP,Singapore,A,Annual,CO2,Carbon dioxide,_T,Total emissions excluding LULUCF,T_CO2E,Tonnes of CO2-equivalent,2020,,47731.957488605,,A,Normal value,3,Thousands,,,,,2,Two,,
DATAFLOW,OECD.ENV.EPI:DSD_AIR_GHG@DF_AIR_GHG(1.0),Air emissions - Greenhouse gas emissions Inventories,I,SLB,Solomon Islands,A,Annual,CO2,Carbon dioxide,_T,Total emissions excluding LULUCF,T_CO2E,Tonnes of CO2-equivalent,2020,,-27666.067797554,,A,Normal value,3,Thousands,,,,,2,Two,,
DATAFLOW,OECD.ENV.EPI:DSD_AIR_GHG@DF_AIR_GHG(1.0),Air emissions - Greenhouse gas emissions Inventories,I,ZAF,South Africa,A,Annual,CO2,Carbon dioxide,_T,Total emissions excluding LULUCF,T_CO2E,Tonnes of CO2-equivalent,2020,,386728.19197556,,A,Normal value,3,Thousands,,,,,2,Two,,
DATAFLOW,OECD.ENV.EPI:DSD_AIR_GHG@DF_AIR_GHG(1.0),Air emissions - Greenhouse gas emissions Inventories,I,THA,Thailand,A,Annual,CO2,Carbon dioxide,_T,Total emissions excluding LULUCF,T_CO2E,Tonnes of CO2-equivalent,2020,,272538.85032223,,A,Normal value,3,Thousands,,,,,2,Two,,
DATAFLOW,OECD.ENV.EPI:DSD_AIR_GHG@DF_AIR_GHG(1.0),Air emissions - Greenhouse gas emissions Inventories,I,UKR,Ukraine,A,Annual,CO2,Carbon dioxide,_T,Total emissions excluding LULUCF,T_CO2E,Tonnes of CO2-equivalent,2020,,207100.65191148,,A,Normal value,3,Thousands,,,,,2,Two,,
DATAFLOW,OECD.ENV.EPI:DSD_AIR_GHG@DF_AIR_GHG(1.0),Air emissions - Greenhouse gas emissions Inventories,I,URY,Uruguay,A,Annual,CO2,Carbon dioxide,_T,Total emissions excluding LULUCF,T_CO2E,Tonnes of CO2-equivalent,2020,,6875.8325608093,,A,Normal value,3,Thousands,,,,,2,Two,,
DATAFLOW,OECD.ENV.EPI:DSD_AIR_GHG@DF_AIR_GHG(1.0),Air emissions - Greenhouse gas emissions Inventories,I,UZB,Uzbekistan,A,Annual,CO2,Carbon dioxide,_T,Total emissions excluding LULUCF,T_CO2E,Tonnes of CO2-equivalent,2020,,118377.69609869,,A,Normal value,3,Thousands,,,,,2,Two,,
DATAFLOW,OECD.ENV.EPI:DSD_AIR_GHG@DF_AIR_GHG(1.0),Air emissions - Greenhouse gas emissions Inventories,I,VEN,Venezuela,A,Annual,CO2,Carbon dioxide,_T,Total emissions excluding LULUCF,T_CO2E,Tonnes of CO2-equivalent,2020,,88418.809286184,,A,Normal value,3,Thousands,,,,,2,Two,,
DATAFLOW,OECD.ENV.EPI:DSD_AIR_GHG@DF_AIR_GHG(1.0),Air emissions - Greenhouse gas emissions Inventories,I,ZWE,Zimbabwe,A,Annual,CO2,Carbon dioxide,_T,Total emissions excluding LULUCF,T_CO2E,Tonnes of CO2-equivalent,2020,,9320.5332437063,,A,Normal value,3,Thousands,,,,,2,Two,,
DATAFLOW,OECD.ENV.EPI:DSD_AIR_GHG@DF_AIR_GHG(1.0),Air emissions - Greenhouse gas emissions Inventories,I,AUS,Australia,A,Annual,CO2,Carbon dioxide,_T,Total emissions excluding LULUCF,T_CO2E,Tonnes of CO2-equivalent,2021,,390001.27888973,,A,Normal value,3,Thousands,,,,,2,Two,,
DATAFLOW,OECD.ENV.EPI:DSD_AIR_GHG@DF_AIR_GHG(1.0),Air emissions - Greenhouse gas emissions Inventories,I,AUT,Austria,A,Annual,CO2,Carbon dioxide,_T,Total emissions excluding LULUCF,T_CO2E,Tonnes of CO2-equivalent,2021,,65530.523795646,,A,Normal value,3,Thousands,,,,,2,Two,,
DATAFLOW,OECD.ENV.EPI:DSD_AIR_GHG@DF_AIR_GHG(1.0),Air emissions - Greenhouse gas emissions Inventories,I,BEL,Belgium,A,Annual,CO2,Carbon dioxide,_T,Total emissions excluding LULUCF,T_CO2E,Tonnes of CO2-equivalent,2021,,94904.032150692,,A,Normal value,3,Thousands,,,,,2,Two,,
DATAFLOW,OECD.ENV.EPI:DSD_AIR_GHG@DF_AIR_GHG(1.0),Air emissions - Greenhouse gas emissions Inventories,I,CAN,Canada,A,Annual,CO2,Carbon dioxide,_T,Total emissions excluding LULUCF,T_CO2E,Tonnes of CO2-equivalent,2021,,535827.18959712,,A,Normal value,3,Thousands,,,,,2,Two,,
DATAFLOW,OECD.ENV.EPI:DSD_AIR_GHG@DF_AIR_GHG(1.0),Air emissions - Greenhouse gas emissions Inventories,I,CHL,Chile,A,Annual,CO2,Carbon dioxide,_T,Total emissions excluding LULUCF,T_CO2E,Tonnes of CO2-equivalent,2021,,84738.63,,A,Normal value,3,Thousands,,,,,2,Two,,
DATAFLOW,OECD.ENV.EPI:DSD_AIR_GHG@DF_AIR_GHG(1.0),Air emissions - Greenhouse gas emissions Inventories,I,COL,Colombia,A,Annual,CO2,Carbon dioxide,_T,Total emissions excluding LULUCF,T_CO2E,Tonnes of CO2-equivalent,2021,,90488.85,,A,Normal value,3,Thousands,,,,,2,Two,,
DATAFLOW,OECD.ENV.EPI:DSD_AIR_GHG@DF_AIR_GHG(1.0),Air emissions - Greenhouse gas emissions Inventories,I,CRI,Costa Rica,A,Annual,CO2,Carbon dioxide,_T,Total emissions excluding LULUCF,T_CO2E,Tonnes of CO2-equivalent,2021,,5115.3,,A,Normal value,3,Thousands,,,,,2,Two,,
DATAFLOW,OECD.ENV.EPI:DSD_AIR_GHG@DF_AIR_GHG(1.0),Air emissions - Greenhouse gas emissions Inventories,I,CZE,Czechia,A,Annual,CO2,Carbon dioxide,_T,Total emissions excluding LULUCF,T_CO2E,Tonnes of CO2-equivalent,2021,,96657.288554882,,A,Normal value,3,Thousands,,,,,2,Two,,
DATAFLOW,OECD.ENV.EPI:DSD_AIR_GHG@DF_AIR_GHG(1.0),Air emissions - Greenhouse gas emissions Inventories,I,DNK,Denmark,A,Annual,CO2,Carbon dioxide,_T,Total emissions excluding LULUCF,T_CO2E,Tonnes of CO2-equivalent,2021,,31141.68008298,,A,Normal value,3,Thousands,,,,,2,Two,,
DATAFLOW,OECD.ENV.EPI:DSD_AIR_GHG@DF_AIR_GHG(1.0),Air emissions - Greenhouse gas emissions Inventories,I,EST,Estonia,A,Annual,CO2,Carbon dioxide,_T,Total emissions excluding LULUCF,T_CO2E,Tonnes of CO2-equivalent,2021,,10391.934082322,,A,Normal value,3,Thousands,,,,,2,Two,,
DATAFLOW,OECD.ENV.EPI:DSD_AIR_GHG@DF_AIR_GHG(1.0),Air emissions - Greenhouse gas emissions Inventories,I,FIN,Finland,A,Annual,CO2,Carbon dioxide,_T,Total emissions excluding LULUCF,T_CO2E,Tonnes of CO2-equivalent,2021,,37822.70339744,,A,Normal value,3,Thousands,,,,,2,Two,,
DATAFLOW,OECD.ENV.EPI:DSD_AIR_GHG@DF_AIR_GHG(1.0),Air emissions - Greenhouse gas emissions Inventories,I,FRA,France,A,Annual,CO2,Carbon dioxide,_T,Total emissions excluding LULUCF,T_CO2E,Tonnes of CO2-equivalent,2021,,322142.78353264,,A,Normal value,3,Thousands,,,,,2,Two,,
DATAFLOW,OECD.ENV.EPI:DSD_AIR_GHG@DF_AIR_GHG(1.0),Air emissions - Greenhouse gas emissions Inventories,I,DEU,Germany,A,Annual,CO2,Carbon dioxide,_T,Total emissions excluding LULUCF,T_CO2E,Tonnes of CO2-equivalent,2021,,679946.26393261,,A,Normal value,3,Thousands,,,,,2,Two,,
DATAFLOW,OECD.ENV.EPI:DSD_AIR_GHG@DF_AIR_GHG(1.0),Air emissions - Greenhouse gas emissions Inventories,I,GRC,Greece,A,Annual,CO2,Carbon dioxide,_T,Total emissions excluding LULUCF,T_CO2E,Tonnes of CO2-equivalent,2021,,57532.731270603,,A,Normal value,3,Thousands,,,,,2,Two,,
DATAFLOW,OECD.ENV.EPI:DSD_AIR_GHG@DF_AIR_GHG(1.0),Air emissions - Greenhouse gas emissions Inventories,I,HUN,Hungary,A,Annual,CO2,Carbon dioxide,_T,Total emissions excluding LULUCF,T_CO2E,Tonnes of CO2-equivalent,2021,,48327.082427059,,A,Normal value,3,Thousands,,,,,2,Two,,
DATAFLOW,OECD.ENV.EPI:DSD_AIR_GHG@DF_AIR_GHG(1.0),Air emissions - Greenhouse gas emissions Inventories,I,ISL,Iceland,A,Annual,CO2,Carbon dioxide,_T,Total emissions excluding LULUCF,T_CO2E,Tonnes of CO2-equivalent,2021,,3490.8447905675,,A,Normal value,3,Thousands,,,,,2,Two,,
DATAFLOW,OECD.ENV.EPI:DSD_AIR_GHG@DF_AIR_GHG(1.0),Air emissions - Greenhouse gas emissions Inventories,I,IRL,Ireland,A,Annual,CO2,Carbon dioxide,_T,Total emissions excluding LULUCF,T_CO2E,Tonnes of CO2-equivalent,2021,,37324.053596853,,A,Normal value,3,Thousands,,,,,2,Two,,
DATAFLOW,OECD.ENV.EPI:DSD_AIR_GHG@DF_AIR_GHG(1.0),Air emissions - Greenhouse gas emissions Inventories,I,ISR,Israel,A,Annual,CO2,Carbon dioxide,_T,Total emissions excluding LULUCF,T_CO2E,Tonnes of CO2-equivalent,2021,,62328.76,,A,Normal value,3,Thousands,,,,,2,Two,,
DATAFLOW,OECD.ENV.EPI:DSD_AIR_GHG@DF_AIR_GHG(1.0),Air emissions - Greenhouse gas emissions Inventories,I,ITA,Italy,A,Annual,CO2,Carbon dioxide,_T,Total emissions excluding LULUCF,T_CO2E,Tonnes of CO2-equivalent,2021,,334094.67940085,,A,Normal value,3,Thousands,,,,,2,Two,,
DATAFLOW,OECD.ENV.EPI:DSD_AIR_GHG@DF_AIR_GHG(1.0),Air emissions - Greenhouse gas emissions Inventories,I,JPN,Japan,A,Annual,CO2,Carbon dioxide,_T,Total emissions excluding LULUCF,T_CO2E,Tonnes of CO2-equivalent,2021,,1056645.8423765,,A,Normal value,3,Thousands,,,,,2,Two,,
DATAFLOW,OECD.ENV.EPI:DSD_AIR_GHG@DF_AIR_GHG(1.0),Air emissions - Greenhouse gas emissions Inventories,I,KOR,Korea,A,Annual,CO2,Carbon dioxide,_T,Total emissions excluding LULUCF,T_CO2E,Tonnes of CO2-equivalent,2021,,650976.15,,A,Normal value,3,Thousands,,,,,2,Two,,
DATAFLOW,OECD.ENV.EPI:DSD_AIR_GHG@DF_AIR_GHG(1.0),Air emissions - Greenhouse gas emissions Inventories,I,LVA,Latvia,A,Annual,CO2,Carbon dioxide,_T,Total emissions excluding LULUCF,T_CO2E,Tonnes of CO2-equivalent,2021,,7218.6628600781,,A,Normal value,3,Thousands,,,,,2,Two,,
DATAFLOW,OECD.ENV.EPI:DSD_AIR_GHG@DF_AIR_GHG(1.0),Air emissions - Greenhouse gas emissions Inventories,I,LTU,Lithuania,A,Annual,CO2,Carbon dioxide,_T,Total emissions excluding LULUCF,T_CO2E,Tonnes of CO2-equivalent,2021,,13719.231656426,,A,Normal value,3,Thousands,,,,,2,Two,,
DATAFLOW,OECD.ENV.EPI:DSD_AIR_GHG@DF_AIR_GHG(1.0),Air emissions - Greenhouse gas emissions Inventories,I,LUX,Luxembourg,A,Annual,CO2,Carbon dioxide,_T,Total emissions excluding LULUCF,T_CO2E,Tonnes of CO2-equivalent,2021,,8414.1650166941,,A,Normal value,3,Thousands,,,,,2,Two,,
DATAFLOW,OECD.ENV.EPI:DSD_AIR_GHG@DF_AIR_GHG(1.0),Air emissions - Greenhouse gas emissions Inventories,I,MEX,Mexico,A,Annual,CO2,Carbon dioxide,_T,Total emissions excluding LULUCF,T_CO2E,Tonnes of CO2-equivalent,2021,,291004.58,,A,Normal value,3,Thousands,,,,,2,Two,,
DATAFLOW,OECD.ENV.EPI:DSD_AIR_GHG@DF_AIR_GHG(1.0),Air emissions - Greenhouse gas emissions Inventories,I,NLD,Netherlands,A,Annual,CO2,Carbon dioxide,_T,Total emissions excluding LULUCF,T_CO2E,Tonnes of CO2-equivalent,2021,,139862.32231673,,A,Normal value,3,Thousands,,,,,2,Two,,
DATAFLOW,OECD.ENV.EPI:DSD_AIR_GHG@DF_AIR_GHG(1.0),Air emissions - Greenhouse gas emissions Inventories,I,NZL,New Zealand,A,Annual,CO2,Carbon dioxide,_T,Total emissions excluding LULUCF,T_CO2E,Tonnes of CO2-equivalent,2021,,34558.426417611,,A,Normal value,3,Thousands,,,,,2,Two,,
DATAFLOW,OECD.ENV.EPI:DSD_AIR_GHG@DF_AIR_GHG(1.0),Air emissions - Greenhouse gas emissions Inventories,I,NOR,Norway,A,Annual,CO2,Carbon dioxide,_T,Total emissions excluding LULUCF,T_CO2E,Tonnes of CO2-equivalent,2021,,40745.49636157,,A,Normal value,3,Thousands,,,,,2,Two,,
DATAFLOW,OECD.ENV.EPI:DSD_AIR_GHG@DF_AIR_GHG(1.0),Air emissions - Greenhouse gas emissions Inventories,I,POL,Poland,A,Annual,CO2,Carbon dioxide,_T,Total emissions excluding LULUCF,T_CO2E,Tonnes of CO2-equivalent,2021,,330626.67984387,,A,Normal value,3,Thousands,,,,,2,Two,,
DATAFLOW,OECD.ENV.EPI:DSD_AIR_GHG@DF_AIR_GHG(1.0),Air emissions - Greenhouse gas emissions Inventories,I,PRT,Portugal,A,Annual,CO2,Carbon dioxide,_T,Total emissions excluding LULUCF,T_CO2E,Tonnes of CO2-equivalent,2021,,40173.342403084,,A,Normal value,3,Thousands,,,,,2,Two,,
DATAFLOW,OECD.ENV.EPI:DSD_AIR_GHG@DF_AIR_GHG(1.0),Air emissions - Greenhouse gas emissions Inventories,I,SVK,Slovak Republic,A,Annual,CO2,Carbon dioxide,_T,Total emissions excluding LULUCF,T_CO2E,Tonnes of CO2-equivalent,2021,,35212.939663776,,A,Normal value,3,Thousands,,,,,2,Two,,
DATAFLOW,OECD.ENV.EPI:DSD_AIR_GHG@DF_AIR_GHG(1.0),Air emissions - Greenhouse gas emissions Inventories,I,SVN,Slovenia,A,Annual,CO2,Carbon dioxide,_T,Total emissions excluding LULUCF,T_CO2E,Tonnes of CO2-equivalent,2021,,13076.835375924,,A,Normal value,3,Thousands,,,,,2,Two,,
DATAFLOW,OECD.ENV.EPI:DSD_AIR_GHG@DF_AIR_GHG(1.0),Air emissions - Greenhouse gas emissions Inventories,I,ESP,Spain,A,Annual,CO2,Carbon dioxide,_T,Total emissions excluding LULUCF,T_CO2E,Tonnes of CO2-equivalent,2021,,226324.21992321,,A,Normal value,3,Thousands,,,,,2,Two,,
DATAFLOW,OECD.ENV.EPI:DSD_AIR_GHG@DF_AIR_GHG(1.0),Air emissions - Greenhouse gas emissions Inventories,I,SWE,Sweden,A,Annual,CO2,Carbon dioxide,_T,Total emissions excluding LULUCF,T_CO2E,Tonnes of CO2-equivalent,2021,,38546.793142438,,A,Normal value,3,Thousands,,,,,2,Two,,
DATAFLOW,OECD.ENV.EPI:DSD_AIR_GHG@DF_AIR_GHG(1.0),Air emissions - Greenhouse gas emissions Inventories,I,CHE,Switzerland,A,Annual,CO2,Carbon dioxide,_T,Total emissions excluding LULUCF,T_CO2E,Tonnes of CO2-equivalent,2021,,35915.709884666,,A,Normal value,3,Thousands,,,,,2,Two,,
DATAFLOW,OECD.ENV.EPI:DSD_AIR_GHG@DF_AIR_GHG(1.0),Air emissions - Greenhouse gas emissions Inventories,I,TUR,Türkiye,A,Annual,CO2,Carbon dioxide,_T,Total emissions excluding LULUCF,T_CO2E,Tonnes of CO2-equivalent,2021,,458924.41178134,,A,Normal value,3,Thousands,,,,,2,Two,,
DATAFLOW,OECD.ENV.EPI:DSD_AIR_GHG@DF_AIR_GHG(1.0),Air emissions - Greenhouse gas emissions Inventories,I,GBR,United Kingdom,A,Annual,CO2,Carbon dioxide,_T,Total emissions excluding LULUCF,T_CO2E,Tonnes of CO2-equivalent,2021,,342988.10040351,,A,Normal value,3,Thousands,,,,,2,Two,,
DATAFLOW,OECD.ENV.EPI:DSD_AIR_GHG@DF_AIR_GHG(1.0),Air emissions - Greenhouse gas emissions Inventories,I,USA,United States,A,Annual,CO2,Carbon dioxide,_T,Total emissions excluding LULUCF,T_CO2E,Tonnes of CO2-equivalent,2021,,5017202.08,,A,Normal value,3,Thousands,,,,,2,Two,,
DATAFLOW,OECD.ENV.EPI:DSD_AIR_GHG@DF_AIR_GHG(1.0),Air emissions - Greenhouse gas emissions Inventories,I,EU27_2020,European Union (27 countries from 01/02/2020),A,Annual,CO2,Carbon dioxide,_T,Total emissions excluding LULUCF,T_CO2E,Tonnes of CO2-equivalent,2021,,2548081.5303046,,A,Normal value,3,Thousands,,,,,2,Two,,
DATAFLOW,OECD.ENV.EPI:DSD_AIR_GHG@DF_AIR_GHG(1.0),Air emissions - Greenhouse gas emissions Inventories,I,DZA,Algeria,A,Annual,CO2,Carbon dioxide,_T,Total emissions excluding LULUCF,T_CO2E,Tonnes of CO2-equivalent,2021,,189196.14823148,,A,Normal value,3,Thousands,,,,,2,Two,,
DATAFLOW,OECD.ENV.EPI:DSD_AIR_GHG@DF_AIR_GHG(1.0),Air emissions - Greenhouse gas emissions Inventories,I,ARG,Argentina,A,Annual,CO2,Carbon dioxide,_T,Total emissions excluding LULUCF,T_CO2E,Tonnes of CO2-equivalent,2021,,185563.25858127,,A,Normal value,3,Thousands,,,,,2,Two,,
DATAFLOW,OECD.ENV.EPI:DSD_AIR_GHG@DF_AIR_GHG(1.0),Air emissions - Greenhouse gas emissions Inventories,I,AZE,Azerbaijan,A,Annual,CO2,Carbon dioxide,_T,Total emissions excluding LULUCF,T_CO2E,Tonnes of CO2-equivalent,2021,,44346.400181731,,A,Normal value,3,Thousands,,,,,2,Two,,
DATAFLOW,OECD.ENV.EPI:DSD_AIR_GHG@DF_AIR_GHG(1.0),Air emissions - Greenhouse gas emissions Inventories,I,BTN,Bhutan,A,Annual,CO2,Carbon dioxide,_T,Total emissions excluding LULUCF,T_CO2E,Tonnes of CO2-equivalent,2021,,1301.6246211182,,A,Normal value,3,Thousands,,,,,2,Two,,
DATAFLOW,OECD.ENV.EPI:DSD_AIR_GHG@DF_AIR_GHG(1.0),Air emissions - Greenhouse gas emissions Inventories,I,BRA,Brazil,A,Annual,CO2,Carbon dioxide,_T,Total emissions excluding LULUCF,T_CO2E,Tonnes of CO2-equivalent,2021,,535810.61344141,,A,Normal value,3,Thousands,,,,,2,Two,,
DATAFLOW,OECD.ENV.EPI:DSD_AIR_GHG@DF_AIR_GHG(1.0),Air emissions - Greenhouse gas emissions Inventories,I,BRN,Brunei Darussalam,A,Annual,CO2,Carbon dioxide,_T,Total emissions excluding LULUCF,T_CO2E,Tonnes of CO2-equivalent,2021,,13305.45070441,,A,Normal value,3,Thousands,,,,,2,Two,,
DATAFLOW,OECD.ENV.EPI:DSD_AIR_GHG@DF_AIR_GHG(1.0),Air emissions - Greenhouse gas emissions Inventories,I,BGR,Bulgaria,A,Annual,CO2,Carbon dioxide,_T,Total emissions excluding LULUCF,T_CO2E,Tonnes of CO2-equivalent,2021,,42364.944612206,,A,Normal value,3,Thousands,,,,,2,Two,,
DATAFLOW,OECD.ENV.EPI:DSD_AIR_GHG@DF_AIR_GHG(1.0),Air emissions - Greenhouse gas emissions Inventories,I,CHN,China (People’s Republic of),A,Annual,CO2,Carbon dioxide,_T,Total emissions excluding LULUCF,T_CO2E,Tonnes of CO2-equivalent,2021,,11628009.261138,,A,Normal value,3,Thousands,,,,,2,Two,,
DATAFLOW,OECD.ENV.EPI:DSD_AIR_GHG@DF_AIR_GHG(1.0),Air emissions - Greenhouse gas emissions Inventories,I,CIV,Côte d’Ivoire,A,Annual,CO2,Carbon dioxide,_T,Total emissions excluding LULUCF,T_CO2E,Tonnes of CO2-equivalent,2021,,37378.24251704,,A,Normal value,3,Thousands,,,,,2,Two,,
DATAFLOW,OECD.ENV.EPI:DSD_AIR_GHG@DF_AIR_GHG(1.0),Air emissions - Greenhouse gas emissions Inventories,I,HRV,Croatia,A,Annual,CO2,Carbon dioxide,_T,Total emissions excluding LULUCF,T_CO2E,Tonnes of CO2-equivalent,2021,,17402.971465063,,A,Normal value,3,Thousands,,,,,2,Two,,
DATAFLOW,OECD.ENV.EPI:DSD_AIR_GHG@DF_AIR_GHG(1.0),Air emissions - Greenhouse gas emissions Inventories,I,CUB,Cuba,A,Annual,CO2,Carbon dioxide,_T,Total emissions excluding LULUCF,T_CO2E,Tonnes of CO2-equivalent,2021,,26212.883424387,,A,Normal value,3,Thousands,,,,,2,Two,,
DATAFLOW,OECD.ENV.EPI:DSD_AIR_GHG@DF_AIR_GHG(1.0),Air emissions - Greenhouse gas emissions Inventories,I,CYP,Cyprus,A,Annual,CO2,Carbon dioxide,_T,Total emissions excluding LULUCF,T_CO2E,Tonnes of CO2-equivalent,2021,,7057.8008925217,,A,Normal value,3,Thousands,,,,,2,Two,,
DATAFLOW,OECD.ENV.EPI:DSD_AIR_GHG@DF_AIR_GHG(1.0),Air emissions - Greenhouse gas emissions Inventories,I,EGY,Egypt,A,Annual,CO2,Carbon dioxide,_T,Total emissions excluding LULUCF,T_CO2E,Tonnes of CO2-equivalent,2021,,274175.68658426,,A,Normal value,3,Thousands,,,,,2,Two,,
DATAFLOW,OECD.ENV.EPI:DSD_AIR_GHG@DF_AIR_GHG(1.0),Air emissions - Greenhouse gas emissions Inventories,I,GEO,Georgia,A,Annual,CO2,Carbon dioxide,_T,Total emissions excluding LULUCF,T_CO2E,Tonnes of CO2-equivalent,2021,,11542.470539964,,A,Normal value,3,Thousands,,,,,2,Two,,
DATAFLOW,OECD.ENV.EPI:DSD_AIR_GHG@DF_AIR_GHG(1.0),Air emissions - Greenhouse gas emissions Inventories,I,GHA,Ghana,A,Annual,CO2,Carbon dioxide,_T,Total emissions excluding LULUCF,T_CO2E,Tonnes of CO2-equivalent,2021,,22243.740223876,,A,Normal value,3,Thousands,,,,,2,Two,,
DATAFLOW,OECD.ENV.EPI:DSD_AIR_GHG@DF_AIR_GHG(1.0),Air emissions - Greenhouse gas emissions Inventories,I,GTM,Guatemala,A,Annual,CO2,Carbon dioxide,_T,Total emissions excluding LULUCF,T_CO2E,Tonnes of CO2-equivalent,2021,,21919.764699647,,A,Normal value,3,Thousands,,,,,2,Two,,
DATAFLOW,OECD.ENV.EPI:DSD_AIR_GHG@DF_AIR_GHG(1.0),Air emissions - Greenhouse gas emissions Inventories,I,GNB,Guinea-Bissau,A,Annual,CO2,Carbon dioxide,_T,Total emissions excluding LULUCF,T_CO2E,Tonnes of CO2-equivalent,2021,,309.45595343533,,A,Normal value,3,Thousands,,,,,2,Two,,
DATAFLOW,OECD.ENV.EPI:DSD_AIR_GHG@DF_AIR_GHG(1.0),Air emissions - Greenhouse gas emissions Inventories,I,GUY,Guyana,A,Annual,CO2,Carbon dioxide,_T,Total emissions excluding LULUCF,T_CO2E,Tonnes of CO2-equivalent,2021,,3303.9763401702,,A,Normal value,3,Thousands,,,,,2,Two,,
DATAFLOW,OECD.ENV.EPI:DSD_AIR_GHG@DF_AIR_GHG(1.0),Air emissions - Greenhouse gas emissions Inventories,I,VAT,Holy See,A,Annual,CO2,Carbon dioxide,_T,Total emissions excluding LULUCF,T_CO2E,Tonnes of CO2-equivalent,2021,,14.471645621507,,A,Normal value,3,Thousands,,,,,2,Two,,
DATAFLOW,OECD.ENV.EPI:DSD_AIR_GHG@DF_AIR_GHG(1.0),Air emissions - Greenhouse gas emissions Inventories,I,IND,India,A,Annual,CO2,Carbon dioxide,_T,Total emissions excluding LULUCF,T_CO2E,Tonnes of CO2-equivalent,2021,,2471411.24,,A,Normal value,3,Thousands,,,,,2,Two,,
DATAFLOW,OECD.ENV.EPI:DSD_AIR_GHG@DF_AIR_GHG(1.0),Air emissions - Greenhouse gas emissions Inventories,I,IDN,Indonesia,A,Annual,CO2,Carbon dioxide,_T,Total emissions excluding LULUCF,T_CO2E,Tonnes of CO2-equivalent,2021,,663613.63740899,,A,Normal value,3,Thousands,,,,,2,Two,,
DATAFLOW,OECD.ENV.EPI:DSD_AIR_GHG@DF_AIR_GHG(1.0),Air emissions - Greenhouse gas emissions Inventories,I,IRQ,Iraq,A,Annual,CO2,Carbon dioxide,_T,Total emissions excluding LULUCF,T_CO2E,Tonnes of CO2-equivalent,2021,,163027.39121761,,A,Normal value,3,Thousands,,,,,2,Two,,
DATAFLOW,OECD.ENV.EPI:DSD_AIR_GHG@DF_AIR_GHG(1.0),Air emissions - Greenhouse gas emissions Inventories,I,KAZ,Kazakhstan,A,Annual,CO2,Carbon dioxide,_T,Total emissions excluding LULUCF,T_CO2E,Tonnes of CO2-equivalent,2021,,248853.95070817,,A,Normal value,3,Thousands,,,,,2,Two,,
DATAFLOW,OECD.ENV.EPI:DSD_AIR_GHG@DF_AIR_GHG(1.0),Air emissions - Greenhouse gas emissions Inventories,I,KEN,Kenya,A,Annual,CO2,Carbon dioxide,_T,Total emissions excluding LULUCF,T_CO2E,Tonnes of CO2-equivalent,2021,,20735.113879742,,A,Normal value,3,Thousands,,,,,2,Two,,
DATAFLOW,OECD.ENV.EPI:DSD_AIR_GHG@DF_AIR_GHG(1.0),Air emissions - Greenhouse gas emissions Inventories,I,LBN,Lebanon,A,Annual,CO2,Carbon dioxide,_T,Total emissions excluding LULUCF,T_CO2E,Tonnes of CO2-equivalent,2021,,17211.867938996,,A,Normal value,3,Thousands,,,,,2,Two,,
DATAFLOW,OECD.ENV.EPI:DSD_AIR_GHG@DF_AIR_GHG(1.0),Air emissions - Greenhouse gas emissions Inventories,I,LIE,Liechtenstein,A,Annual,CO2,Carbon dioxide,_T,Total emissions excluding LULUCF,T_CO2E,Tonnes of CO2-equivalent,2021,,145.94654891379,,A,Normal value,3,Thousands,,,,,2,Two,,
DATAFLOW,OECD.ENV.EPI:DSD_AIR_GHG@DF_AIR_GHG(1.0),Air emissions - Greenhouse gas emissions Inventories,I,MYS,Malaysia,A,Annual,CO2,Carbon dioxide,_T,Total emissions excluding LULUCF,T_CO2E,Tonnes of CO2-equivalent,2021,,272861.74991837,,A,Normal value,3,Thousands,,,,,2,Two,,
DATAFLOW,OECD.ENV.EPI:DSD_AIR_GHG@DF_AIR_GHG(1.0),Air emissions - Greenhouse gas emissions Inventories,I,MDV,Maldives,A,Annual,CO2,Carbon dioxide,_T,Total emissions excluding LULUCF,T_CO2E,Tonnes of CO2-equivalent,2021,,2176.9885097118,,A,Normal value,3,Thousands,,,,,2,Two,,
DATAFLOW,OECD.ENV.EPI:DSD_AIR_GHG@DF_AIR_GHG(1.0),Air emissions - Greenhouse gas emissions Inventories,I,MLT,Malta,A,Annual,CO2,Carbon dioxide,_T,Total emissions excluding LULUCF,T_CO2E,Tonnes of CO2-equivalent,2021,,1611.4961890091,,A,Normal value,3,Thousands,,,,,2,Two,,
DATAFLOW,OECD.ENV.EPI:DSD_AIR_GHG@DF_AIR_GHG(1.0),Air emissions - Greenhouse gas emissions Inventories,I,MUS,Mauritius,A,Annual,CO2,Carbon dioxide,_T,Total emissions excluding LULUCF,T_CO2E,Tonnes of CO2-equivalent,2021,,4394.4515492852,,A,Normal value,3,Thousands,,,,,2,Two,,
DATAFLOW,OECD.ENV.EPI:DSD_AIR_GHG@DF_AIR_GHG(1.0),Air emissions - Greenhouse gas emissions Inventories,I,MDA,Moldova,A,Annual,CO2,Carbon dioxide,_T,Total emissions excluding LULUCF,T_CO2E,Tonnes of CO2-equivalent,2021,,10627.514136205,,A,Normal value,3,Thousands,,,,,2,Two,,
DATAFLOW,OECD.ENV.EPI:DSD_AIR_GHG@DF_AIR_GHG(1.0),Air emissions - Greenhouse gas emissions Inventories,I,MCO,Monaco,A,Annual,CO2,Carbon dioxide,_T,Total emissions excluding LULUCF,T_CO2E,Tonnes of CO2-equivalent,2021,,64.336647280435,,A,Normal value,3,Thousands,,,,,2,Two,,
DATAFLOW,OECD.ENV.EPI:DSD_AIR_GHG@DF_AIR_GHG(1.0),Air emissions - Greenhouse gas emissions Inventories,I,MAR,Morocco,A,Annual,CO2,Carbon dioxide,_T,Total emissions excluding LULUCF,T_CO2E,Tonnes of CO2-equivalent,2021,,73420.928781086,,A,Normal value,3,Thousands,,,,,2,Two,,
DATAFLOW,OECD.ENV.EPI:DSD_AIR_GHG@DF_AIR_GHG(1.0),Air emissions - Greenhouse gas emissions Inventories,I,NAM,Namibia,A,Annual,CO2,Carbon dioxide,_T,Total emissions excluding LULUCF,T_CO2E,Tonnes of CO2-equivalent,2021,,3732.0193286973,,A,Normal value,3,Thousands,,,,,2,Two,,
DATAFLOW,OECD.ENV.EPI:DSD_AIR_GHG@DF_AIR_GHG(1.0),Air emissions - Greenhouse gas emissions Inventories,I,NPL,Nepal,A,Annual,CO2,Carbon dioxide,_T,Total emissions excluding LULUCF,T_CO2E,Tonnes of CO2-equivalent,2021,,17334.669972873,,A,Normal value,3,Thousands,,,,,2,Two,,
DATAFLOW,OECD.ENV.EPI:DSD_AIR_GHG@DF_AIR_GHG(1.0),Air emissions - Greenhouse gas emissions Inventories,I,NGA,Nigeria,A,Annual,CO2,Carbon dioxide,_T,Total emissions excluding LULUCF,T_CO2E,Tonnes of CO2-equivalent,2021,,131533.71390148,,A,Normal value,3,Thousands,,,,,2,Two,,
DATAFLOW,OECD.ENV.EPI:DSD_AIR_GHG@DF_AIR_GHG(1.0),Air emissions - Greenhouse gas emissions Inventories,I,PAN,Panama,A,Annual,CO2,Carbon dioxide,_T,Total emissions excluding LULUCF,T_CO2E,Tonnes of CO2-equivalent,2021,,13765.893337413,,A,Normal value,3,Thousands,,,,,2,Two,,
DATAFLOW,OECD.ENV.EPI:DSD_AIR_GHG@DF_AIR_GHG(1.0),Air emissions - Greenhouse gas emissions Inventories,I,PER,Peru,A,Annual,CO2,Carbon dioxide,_T,Total emissions excluding LULUCF,T_CO2E,Tonnes of CO2-equivalent,2021,,143768.94137046,,A,Normal value,3,Thousands,,,,,2,Two,,
DATAFLOW,OECD.ENV.EPI:DSD_AIR_GHG@DF_AIR_GHG(1.0),Air emissions - Greenhouse gas emissions Inventories,I,ROU,Romania,A,Annual,CO2,Carbon dioxide,_T,Total emissions excluding LULUCF,T_CO2E,Tonnes of CO2-equivalent,2021,,72501.609336654,,A,Normal value,3,Thousands,,,,,2,Two,,
DATAFLOW,OECD.ENV.EPI:DSD_AIR_GHG@DF_AIR_GHG(1.0),Air emissions - Greenhouse gas emissions Inventories,I,RWA,Rwanda,A,Annual,CO2,Carbon dioxide,_T,Total emissions excluding LULUCF,T_CO2E,Tonnes of CO2-equivalent,2021,,-2399.9734534738,,A,Normal value,3,Thousands,,,,,2,Two,,
DATAFLOW,OECD.ENV.EPI:DSD_AIR_GHG@DF_AIR_GHG(1.0),Air emissions - Greenhouse gas emissions Inventories,I,SAU,Saudi Arabia,A,Annual,CO2,Carbon dioxide,_T,Total emissions excluding LULUCF,T_CO2E,Tonnes of CO2-equivalent,2021,,650222.3595012,,A,Normal value,3,Thousands,,,,,2,Two,,
DATAFLOW,OECD.ENV.EPI:DSD_AIR_GHG@DF_AIR_GHG(1.0),Air emissions - Greenhouse gas emissions Inventories,I,SRB,Serbia,A,Annual,CO2,Carbon dioxide,_T,Total emissions excluding LULUCF,T_CO2E,Tonnes of CO2-equivalent,2021,,50388.578788469,,A,Normal value,3,Thousands,,,,,2,Two,,
DATAFLOW,OECD.ENV.EPI:DSD_AIR_GHG@DF_AIR_GHG(1.0),Air emissions - Greenhouse gas emissions Inventories,I,SGP,Singapore,A,Annual,CO2,Carbon dioxide,_T,Total emissions excluding LULUCF,T_CO2E,Tonnes of CO2-equivalent,2021,,51199.1637891,,A,Normal value,3,Thousands,,,,,2,Two,,
DATAFLOW,OECD.ENV.EPI:DSD_AIR_GHG@DF_AIR_GHG(1.0),Air emissions - Greenhouse gas emissions Inventories,I,SLB,Solomon Islands,A,Annual,CO2,Carbon dioxide,_T,Total emissions excluding LULUCF,T_CO2E,Tonnes of CO2-equivalent,2021,,-29235.02362679,,A,Normal value,3,Thousands,,,,,2,Two,,
DATAFLOW,OECD.ENV.EPI:DSD_AIR_GHG@DF_AIR_GHG(1.0),Air emissions - Greenhouse gas emissions Inventories,I,ZAF,South Africa,A,Annual,CO2,Carbon dioxide,_T,Total emissions excluding LULUCF,T_CO2E,Tonnes of CO2-equivalent,2021,,402212.38778626,,A,Normal value,3,Thousands,,,,,2,Two,,
DATAFLOW,OECD.ENV.EPI:DSD_AIR_GHG@DF_AIR_GHG(1.0),Air emissions - Greenhouse gas emissions Inventories,I,THA,Thailand,A,Annual,CO2,Carbon dioxide,_T,Total emissions excluding LULUCF,T_CO2E,Tonnes of CO2-equivalent,2021,,259209.68221822,,A,Normal value,3,Thousands,,,,,2,Two,,
DATAFLOW,OECD.ENV.EPI:DSD_AIR_GHG@DF_AIR_GHG(1.0),Air emissions - Greenhouse gas emissions Inventories,I,UKR,Ukraine,A,Annual,CO2,Carbon dioxide,_T,Total emissions excluding LULUCF,T_CO2E,Tonnes of CO2-equivalent,2021,,210636.07048045,,A,Normal value,3,Thousands,,,,,2,Two,,
DATAFLOW,OECD.ENV.EPI:DSD_AIR_GHG@DF_AIR_GHG(1.0),Air emissions - Greenhouse gas emissions Inventories,I,URY,Uruguay,A,Annual,CO2,Carbon dioxide,_T,Total emissions excluding LULUCF,T_CO2E,Tonnes of CO2-equivalent,2021,,8422.131776584,,A,Normal value,3,Thousands,,,,,2,Two,,
DATAFLOW,OECD.ENV.EPI:DSD_AIR_GHG@DF_AIR_GHG(1.0),Air emissions - Greenhouse gas emissions Inventories,I,UZB,Uzbekistan,A,Annual,CO2,Carbon dioxide,_T,Total emissions excluding LULUCF,T_CO2E,Tonnes of CO2-equivalent,2021,,139234.86636186,,A,Normal value,3,Thousands,,,,,2,Two,,
DATAFLOW,OECD.ENV.EPI:DSD_AIR_GHG@DF_AIR_GHG(1.0),Air emissions - Greenhouse gas emissions Inventories,I,VEN,Venezuela,A,Annual,CO2,Carbon dioxide,_T,Total emissions excluding LULUCF,T_CO2E,Tonnes of CO2-equivalent,2021,,82176.135704379,,A,Normal value,3,Thousands,,,,,2,Two,,
DATAFLOW,OECD.ENV.EPI:DSD_AIR_GHG@DF_AIR_GHG(1.0),Air emissions - Greenhouse gas emissions Inventories,I,ZWE,Zimbabwe,A,Annual,CO2,Carbon dioxide,_T,Total emissions excluding LULUCF,T_CO2E,Tonnes of CO2-equivalent,2021,,10521.859071429,,A,Normal value,3,Thousands,,,,,2,Two,,
DATAFLOW,OECD.ENV.EPI:DSD_AIR_GHG@DF_AIR_GHG(1.0),Air emissions - Greenhouse gas emissions Inventories,I,AUS,Australia,A,Annual,N2O,Nitrous oxide,_T,Total emissions excluding LULUCF,T_CO2E,Tonnes of CO2-equivalent,2019,,13891.620991389,,A,Normal value,3,Thousands,,,,,2,Two,,
DATAFLOW,OECD.ENV.EPI:DSD_AIR_GHG@DF_AIR_GHG(1.0),Air emissions - Greenhouse gas emissions Inventories,I,AUT,Austria,A,Annual,N2O,Nitrous oxide,_T,Total emissions excluding LULUCF,T_CO2E,Tonnes of CO2-equivalent,2019,,3582.4842961618,,A,Normal value,3,Thousands,,,,,2,Two,,
DATAFLOW,OECD.ENV.EPI:DSD_AIR_GHG@DF_AIR_GHG(1.0),Air emissions - Greenhouse gas emissions Inventories,I,BEL,Belgium,A,Annual,N2O,Nitrous oxide,_T,Total emissions excluding LULUCF,T_CO2E,Tonnes of CO2-equivalent,2019,,4524.8158708319,,A,Normal value,3,Thousands,,,,,2,Two,,
DATAFLOW,OECD.ENV.EPI:DSD_AIR_GHG@DF_AIR_GHG(1.0),Air emissions - Greenhouse gas emissions Inventories,I,CAN,Canada,A,Annual,N2O,Nitrous oxide,_T,Total emissions excluding LULUCF,T_CO2E,Tonnes of CO2-equivalent,2019,,27224.155667383,,A,Normal value,3,Thousands,,,,,2,Two,,
DATAFLOW,OECD.ENV.EPI:DSD_AIR_GHG@DF_AIR_GHG(1.0),Air emissions - Greenhouse gas emissions Inventories,I,CHL,Chile,A,Annual,N2O,Nitrous oxide,_T,Total emissions excluding LULUCF,T_CO2E,Tonnes of CO2-equivalent,2019,,5890.24,,A,Normal value,3,Thousands,,,,,2,Two,,
DATAFLOW,OECD.ENV.EPI:DSD_AIR_GHG@DF_AIR_GHG(1.0),Air emissions - Greenhouse gas emissions Inventories,I,COL,Colombia,A,Annual,N2O,Nitrous oxide,_T,Total emissions excluding LULUCF,T_CO2E,Tonnes of CO2-equivalent,2019,,13368.84,,A,Normal value,3,Thousands,,,,,2,Two,,
DATAFLOW,OECD.ENV.EPI:DSD_AIR_GHG@DF_AIR_GHG(1.0),Air emissions - Greenhouse gas emissions Inventories,I,CRI,Costa Rica,A,Annual,N2O,Nitrous oxide,_T,Total emissions excluding LULUCF,T_CO2E,Tonnes of CO2-equivalent,2019,,837.07,,A,Normal value,3,Thousands,,,,,2,Two,,
DATAFLOW,OECD.ENV.EPI:DSD_AIR_GHG@DF_AIR_GHG(1.0),Air emissions - Greenhouse gas emissions Inventories,I,CZE,Czechia,A,Annual,N2O,Nitrous oxide,_T,Total emissions excluding LULUCF,T_CO2E,Tonnes of CO2-equivalent,2019,,3660.9784293699,,A,Normal value,3,Thousands,,,,,2,Two,,
DATAFLOW,OECD.ENV.EPI:DSD_AIR_GHG@DF_AIR_GHG(1.0),Air emissions - Greenhouse gas emissions Inventories,I,DNK,Denmark,A,Annual,N2O,Nitrous oxide,_T,Total emissions excluding LULUCF,T_CO2E,Tonnes of CO2-equivalent,2019,,5478.1291508759,,A,Normal value,3,Thousands,,,,,2,Two,,
DATAFLOW,OECD.ENV.EPI:DSD_AIR_GHG@DF_AIR_GHG(1.0),Air emissions - Greenhouse gas emissions Inventories,I,EST,Estonia,A,Annual,N2O,Nitrous oxide,_T,Total emissions excluding LULUCF,T_CO2E,Tonnes of CO2-equivalent,2019,,833.4957686317,,A,Normal value,3,Thousands,,,,,2,Two,,
DATAFLOW,OECD.ENV.EPI:DSD_AIR_GHG@DF_AIR_GHG(1.0),Air emissions - Greenhouse gas emissions Inventories,I,FIN,Finland,A,Annual,N2O,Nitrous oxide,_T,Total emissions excluding LULUCF,T_CO2E,Tonnes of CO2-equivalent,2019,,4312.8167423373,,A,Normal value,3,Thousands,,,,,2,Two,,
DATAFLOW,OECD.ENV.EPI:DSD_AIR_GHG@DF_AIR_GHG(1.0),Air emissions - Greenhouse gas emissions Inventories,I,FRA,France,A,Annual,N2O,Nitrous oxide,_T,Total emissions excluding LULUCF,T_CO2E,Tonnes of CO2-equivalent,2019,,30453.919487919,,A,Normal value,3,Thousands,,,,,2,Two,,
DATAFLOW,OECD.ENV.EPI:DSD_AIR_GHG@DF_AIR_GHG(1.0),Air emissions - Greenhouse gas emissions Inventories,I,DEU,Germany,A,Annual,N2O,Nitrous oxide,_T,Total emissions excluding LULUCF,T_CO2E,Tonnes of CO2-equivalent,2019,,26512.8538197,,A,Normal value,3,Thousands,,,,,2,Two,,
DATAFLOW,OECD.ENV.EPI:DSD_AIR_GHG@DF_AIR_GHG(1.0),Air emissions - Greenhouse gas emissions Inventories,I,GRC,Greece,A,Annual,N2O,Nitrous oxide,_T,Total emissions excluding LULUCF,T_CO2E,Tonnes of CO2-equivalent,2019,,3914.5263940935,,A,Normal value,3,Thousands,,,,,2,Two,,
DATAFLOW,OECD.ENV.EPI:DSD_AIR_GHG@DF_AIR_GHG(1.0),Air emissions - Greenhouse gas emissions Inventories,I,HUN,Hungary,A,Annual,N2O,Nitrous oxide,_T,Total emissions excluding LULUCF,T_CO2E,Tonnes of CO2-equivalent,2019,,4643.5972329416,,A,Normal value,3,Thousands,,,,,2,Two,,
DATAFLOW,OECD.ENV.EPI:DSD_AIR_GHG@DF_AIR_GHG(1.0),Air emissions - Greenhouse gas emissions Inventories,I,ISL,Iceland,A,Annual,N2O,Nitrous oxide,_T,Total emissions excluding LULUCF,T_CO2E,Tonnes of CO2-equivalent,2019,,365.27105743835,,A,Normal value,3,Thousands,,,,,2,Two,,
DATAFLOW,OECD.ENV.EPI:DSD_AIR_GHG@DF_AIR_GHG(1.0),Air emissions - Greenhouse gas emissions Inventories,I,IRL,Ireland,A,Annual,N2O,Nitrous oxide,_T,Total emissions excluding LULUCF,T_CO2E,Tonnes of CO2-equivalent,2019,,5685.3110647288,,A,Normal value,3,Thousands,,,,,2,Two,,
DATAFLOW,OECD.ENV.EPI:DSD_AIR_GHG@DF_AIR_GHG(1.0),Air emissions - Greenhouse gas emissions Inventories,I,ISR,Israel,A,Annual,N2O,Nitrous oxide,_T,Total emissions excluding LULUCF,T_CO2E,Tonnes of CO2-equivalent,2019,,1484.8,,A,Normal value,3,Thousands,,,,,2,Two,,
DATAFLOW,OECD.ENV.EPI:DSD_AIR_GHG@DF_AIR_GHG(1.0),Air emissions - Greenhouse gas emissions Inventories,I,ITA,Italy,A,Annual,N2O,Nitrous oxide,_T,Total emissions excluding LULUCF,T_CO2E,Tonnes of CO2-equivalent,2019,,14827.607430543,,A,Normal value,3,Thousands,,,,,2,Two,,
DATAFLOW,OECD.ENV.EPI:DSD_AIR_GHG@DF_AIR_GHG(1.0),Air emissions - Greenhouse gas emissions Inventories,I,JPN,Japan,A,Annual,N2O,Nitrous oxide,_T,Total emissions excluding LULUCF,T_CO2E,Tonnes of CO2-equivalent,2019,,17293.53823187,,A,Normal value,3,Thousands,,,,,2,Two,,
DATAFLOW,OECD.ENV.EPI:DSD_AIR_GHG@DF_AIR_GHG(1.0),Air emissions - Greenhouse gas emissions Inventories,I,KOR,Korea,A,Annual,N2O,Nitrous oxide,_T,Total emissions excluding LULUCF,T_CO2E,Tonnes of CO2-equivalent,2019,,10844.56,,A,Normal value,3,Thousands,,,,,2,Two,,
DATAFLOW,OECD.ENV.EPI:DSD_AIR_GHG@DF_AIR_GHG(1.0),Air emissions - Greenhouse gas emissions Inventories,I,LVA,Latvia,A,Annual,N2O,Nitrous oxide,_T,Total emissions excluding LULUCF,T_CO2E,Tonnes of CO2-equivalent,2019,,1160.7078157889,,A,Normal value,3,Thousands,,,,,2,Two,,
DATAFLOW,OECD.ENV.EPI:DSD_AIR_GHG@DF_AIR_GHG(1.0),Air emissions - Greenhouse gas emissions Inventories,I,LTU,Lithuania,A,Annual,N2O,Nitrous oxide,_T,Total emissions excluding LULUCF,T_CO2E,Tonnes of CO2-equivalent,2019,,2218.2863932053,,A,Normal value,3,Thousands,,,,,2,Two,,
DATAFLOW,OECD.ENV.EPI:DSD_AIR_GHG@DF_AIR_GHG(1.0),Air emissions - Greenhouse gas emissions Inventories,I,LUX,Luxembourg,A,Annual,N2O,Nitrous oxide,_T,Total emissions excluding LULUCF,T_CO2E,Tonnes of CO2-equivalent,2019,,420.77726421961,,A,Normal value,3,Thousands,,,,,2,Two,,
DATAFLOW,OECD.ENV.EPI:DSD_AIR_GHG@DF_AIR_GHG(1.0),Air emissions - Greenhouse gas emissions Inventories,I,MEX,Mexico,A,Annual,N2O,Nitrous oxide,_T,Total emissions excluding LULUCF,T_CO2E,Tonnes of CO2-equivalent,2019,,37350.35,,A,Normal value,3,Thousands,,,,,2,Two,,
DATAFLOW,OECD.ENV.EPI:DSD_AIR_GHG@DF_AIR_GHG(1.0),Air emissions - Greenhouse gas emissions Inventories,I,NLD,Netherlands,A,Annual,N2O,Nitrous oxide,_T,Total emissions excluding LULUCF,T_CO2E,Tonnes of CO2-equivalent,2019,,7584.6381717464,,A,Normal value,3,Thousands,,,,,2,Two,,
DATAFLOW,OECD.ENV.EPI:DSD_AIR_GHG@DF_AIR_GHG(1.0),Air emissions - Greenhouse gas emissions Inventories,I,NZL,New Zealand,A,Annual,N2O,Nitrous oxide,_T,Total emissions excluding LULUCF,T_CO2E,Tonnes of CO2-equivalent,2019,,7063.4823204262,,A,Normal value,3,Thousands,,,,,2,Two,,
DATAFLOW,OECD.ENV.EPI:DSD_AIR_GHG@DF_AIR_GHG(1.0),Air emissions - Greenhouse gas emissions Inventories,I,NOR,Norway,A,Annual,N2O,Nitrous oxide,_T,Total emissions excluding LULUCF,T_CO2E,Tonnes of CO2-equivalent,2019,,2290.6744093636,,A,Normal value,3,Thousands,,,,,2,Two,,
DATAFLOW,OECD.ENV.EPI:DSD_AIR_GHG@DF_AIR_GHG(1.0),Air emissions - Greenhouse gas emissions Inventories,I,POL,Poland,A,Annual,N2O,Nitrous oxide,_T,Total emissions excluding LULUCF,T_CO2E,Tonnes of CO2-equivalent,2019,,20126.19794153,,A,Normal value,3,Thousands,,,,,2,Two,,
DATAFLOW,OECD.ENV.EPI:DSD_AIR_GHG@DF_AIR_GHG(1.0),Air emissions - Greenhouse gas emissions Inventories,I,PRT,Portugal,A,Annual,N2O,Nitrous oxide,_T,Total emissions excluding LULUCF,T_CO2E,Tonnes of CO2-equivalent,2019,,3540.9535848555,,A,Normal value,3,Thousands,,,,,2,Two,,
DATAFLOW,OECD.ENV.EPI:DSD_AIR_GHG@DF_AIR_GHG(1.0),Air emissions - Greenhouse gas emissions Inventories,I,SVK,Slovak Republic,A,Annual,N2O,Nitrous oxide,_T,Total emissions excluding LULUCF,T_CO2E,Tonnes of CO2-equivalent,2019,,1743.4020604624,,A,Normal value,3,Thousands,,,,,2,Two,,
DATAFLOW,OECD.ENV.EPI:DSD_AIR_GHG@DF_AIR_GHG(1.0),Air emissions - Greenhouse gas emissions Inventories,I,SVN,Slovenia,A,Annual,N2O,Nitrous oxide,_T,Total emissions excluding LULUCF,T_CO2E,Tonnes of CO2-equivalent,2019,,770.72974352224,,A,Normal value,3,Thousands,,,,,2,Two,,
DATAFLOW,OECD.ENV.EPI:DSD_AIR_GHG@DF_AIR_GHG(1.0),Air emissions - Greenhouse gas emissions Inventories,I,ESP,Spain,A,Annual,N2O,Nitrous oxide,_T,Total emissions excluding LULUCF,T_CO2E,Tonnes of CO2-equivalent,2019,,13867.315689637,,A,Normal value,3,Thousands,,,,,2,Two,,
DATAFLOW,OECD.ENV.EPI:DSD_AIR_GHG@DF_AIR_GHG(1.0),Air emissions - Greenhouse gas emissions Inventories,I,SWE,Sweden,A,Annual,N2O,Nitrous oxide,_T,Total emissions excluding LULUCF,T_CO2E,Tonnes of CO2-equivalent,2019,,3523.1594086055,,A,Normal value,3,Thousands,,,,,2,Two,,
DATAFLOW,OECD.ENV.EPI:DSD_AIR_GHG@DF_AIR_GHG(1.0),Air emissions - Greenhouse gas emissions Inventories,I,CHE,Switzerland,A,Annual,N2O,Nitrous oxide,_T,Total emissions excluding LULUCF,T_CO2E,Tonnes of CO2-equivalent,2019,,3237.888481571,,A,Normal value,3,Thousands,,,,,2,Two,,
DATAFLOW,OECD.ENV.EPI:DSD_AIR_GHG@DF_AIR_GHG(1.0),Air emissions - Greenhouse gas emissions Inventories,I,TUR,Türkiye,A,Annual,N2O,Nitrous oxide,_T,Total emissions excluding LULUCF,T_CO2E,Tonnes of CO2-equivalent,2019,,32829.870297744,,A,Normal value,3,Thousands,,,,,2,Two,,
DATAFLOW,OECD.ENV.EPI:DSD_AIR_GHG@DF_AIR_GHG(1.0),Air emissions - Greenhouse gas emissions Inventories,I,GBR,United Kingdom,A,Annual,N2O,Nitrous oxide,_T,Total emissions excluding LULUCF,T_CO2E,Tonnes of CO2-equivalent,2019,,21558.466354893,,A,Normal value,3,Thousands,,,,,2,Two,,
DATAFLOW,OECD.ENV.EPI:DSD_AIR_GHG@DF_AIR_GHG(1.0),Air emissions - Greenhouse gas emissions Inventories,I,USA,United States,A,Annual,N2O,Nitrous oxide,_T,Total emissions excluding LULUCF,T_CO2E,Tonnes of CO2-equivalent,2019,,416377.48,,A,Normal value,3,Thousands,,,,,2,Two,,
DATAFLOW,OECD.ENV.EPI:DSD_AIR_GHG@DF_AIR_GHG(1.0),Air emissions - Greenhouse gas emissions Inventories,I,EU27_2020,European Union (27 countries from 01/02/2020),A,Annual,N2O,Nitrous oxide,_T,Total emissions excluding LULUCF,T_CO2E,Tonnes of CO2-equivalent,2019,,190624.22063188,,A,Normal value,3,Thousands,,,,,2,Two,,
DATAFLOW,OECD.ENV.EPI:DSD_AIR_GHG@DF_AIR_GHG(1.0),Air emissions - Greenhouse gas emissions Inventories,I,DZA,Algeria,A,Annual,N2O,Nitrous oxide,_T,Total emissions excluding LULUCF,T_CO2E,Tonnes of CO2-equivalent,2019,,5338.6782810024,,A,Normal value,3,Thousands,,,,,2,Two,,
DATAFLOW,OECD.ENV.EPI:DSD_AIR_GHG@DF_AIR_GHG(1.0),Air emissions - Greenhouse gas emissions Inventories,I,ARG,Argentina,A,Annual,N2O,Nitrous oxide,_T,Total emissions excluding LULUCF,T_CO2E,Tonnes of CO2-equivalent,2019,,23947.478528366,,A,Normal value,3,Thousands,,,,,2,Two,,
DATAFLOW,OECD.ENV.EPI:DSD_AIR_GHG@DF_AIR_GHG(1.0),Air emissions - Greenhouse gas emissions Inventories,I,BTN,Bhutan,A,Annual,N2O,Nitrous oxide,_T,Total emissions excluding LULUCF,T_CO2E,Tonnes of CO2-equivalent,2019,,29.365336957452,,A,Normal value,3,Thousands,,,,,2,Two,,
DATAFLOW,OECD.ENV.EPI:DSD_AIR_GHG@DF_AIR_GHG(1.0),Air emissions - Greenhouse gas emissions Inventories,I,BRA,Brazil,A,Annual,N2O,Nitrous oxide,_T,Total emissions excluding LULUCF,T_CO2E,Tonnes of CO2-equivalent,2019,,149724.21055819,,A,Normal value,3,Thousands,,,,,2,Two,,
DATAFLOW,OECD.ENV.EPI:DSD_AIR_GHG@DF_AIR_GHG(1.0),Air emissions - Greenhouse gas emissions Inventories,I,BRN,Brunei Darussalam,A,Annual,N2O,Nitrous oxide,_T,Total emissions excluding LULUCF,T_CO2E,Tonnes of CO2-equivalent,2019,,52.131841900301,,A,Normal value,3,Thousands,,,,,2,Two,,
DATAFLOW,OECD.ENV.EPI:DSD_AIR_GHG@DF_AIR_GHG(1.0),Air emissions - Greenhouse gas emissions Inventories,I,BGR,Bulgaria,A,Annual,N2O,Nitrous oxide,_T,Total emissions excluding LULUCF,T_CO2E,Tonnes of CO2-equivalent,2019,,4449.1155456281,,A,Normal value,3,Thousands,,,,,2,Two,,
DATAFLOW,OECD.ENV.EPI:DSD_AIR_GHG@DF_AIR_GHG(1.0),Air emissions - Greenhouse gas emissions Inventories,I,CIV,Côte d’Ivoire,A,Annual,N2O,Nitrous oxide,_T,Total emissions excluding LULUCF,T_CO2E,Tonnes of CO2-equivalent,2019,,1296.171542592,,A,Normal value,3,Thousands,,,,,2,Two,,
DATAFLOW,OECD.ENV.EPI:DSD_AIR_GHG@DF_AIR_GHG(1.0),Air emissions - Greenhouse gas emissions Inventories,I,HRV,Croatia,A,Annual,N2O,Nitrous oxide,_T,Total emissions excluding LULUCF,T_CO2E,Tonnes of CO2-equivalent,2019,,1411.6054417007,,A,Normal value,3,Thousands,,,,,2,Two,,
DATAFLOW,OECD.ENV.EPI:DSD_AIR_GHG@DF_AIR_GHG(1.0),Air emissions - Greenhouse gas emissions Inventories,I,CUB,Cuba,A,Annual,N2O,Nitrous oxide,_T,Total emissions excluding LULUCF,T_CO2E,Tonnes of CO2-equivalent,2019,,5572.7281431845,,A,Normal value,3,Thousands,,,,,2,Two,,
DATAFLOW,OECD.ENV.EPI:DSD_AIR_GHG@DF_AIR_GHG(1.0),Air emissions - Greenhouse gas emissions Inventories,I,CYP,Cyprus,A,Annual,N2O,Nitrous oxide,_T,Total emissions excluding LULUCF,T_CO2E,Tonnes of CO2-equivalent,2019,,170.74603245221,,A,Normal value,3,Thousands,,,,,2,Two,,
DATAFLOW,OECD.ENV.EPI:DSD_AIR_GHG@DF_AIR_GHG(1.0),Air emissions - Greenhouse gas emissions Inventories,I,EGY,Egypt,A,Annual,N2O,Nitrous oxide,_T,Total emissions excluding LULUCF,T_CO2E,Tonnes of CO2-equivalent,2019,,23544.963741379,,A,Normal value,3,Thousands,,,,,2,Two,,
DATAFLOW,OECD.ENV.EPI:DSD_AIR_GHG@DF_AIR_GHG(1.0),Air emissions - Greenhouse gas emissions Inventories,I,GEO,Georgia,A,Annual,N2O,Nitrous oxide,_T,Total emissions excluding LULUCF,T_CO2E,Tonnes of CO2-equivalent,2019,,892.81237079445,,A,Normal value,3,Thousands,,,,,2,Two,,
DATAFLOW,OECD.ENV.EPI:DSD_AIR_GHG@DF_AIR_GHG(1.0),Air emissions - Greenhouse gas emissions Inventories,I,GHA,Ghana,A,Annual,N2O,Nitrous oxide,_T,Total emissions excluding LULUCF,T_CO2E,Tonnes of CO2-equivalent,2019,,7249.399840543,,A,Normal value,3,Thousands,,,,,2,Two,,
DATAFLOW,OECD.ENV.EPI:DSD_AIR_GHG@DF_AIR_GHG(1.0),Air emissions - Greenhouse gas emissions Inventories,I,GTM,Guatemala,A,Annual,N2O,Nitrous oxide,_T,Total emissions excluding LULUCF,T_CO2E,Tonnes of CO2-equivalent,2019,,2509.6705846287,,A,Normal value,3,Thousands,,,,,2,Two,,
DATAFLOW,OECD.ENV.EPI:DSD_AIR_GHG@DF_AIR_GHG(1.0),Air emissions - Greenhouse gas emissions Inventories,I,GNB,Guinea-Bissau,A,Annual,N2O,Nitrous oxide,_T,Total emissions excluding LULUCF,T_CO2E,Tonnes of CO2-equivalent,2019,,76.891979953643,,A,Normal value,3,Thousands,,,,,2,Two,,
DATAFLOW,OECD.ENV.EPI:DSD_AIR_GHG@DF_AIR_GHG(1.0),Air emissions - Greenhouse gas emissions Inventories,I,GUY,Guyana,A,Annual,N2O,Nitrous oxide,_T,Total emissions excluding LULUCF,T_CO2E,Tonnes of CO2-equivalent,2019,,528.92140748028,,A,Normal value,3,Thousands,,,,,2,Two,,
DATAFLOW,OECD.ENV.EPI:DSD_AIR_GHG@DF_AIR_GHG(1.0),Air emissions - Greenhouse gas emissions Inventories,I,VAT,Holy See,A,Annual,N2O,Nitrous oxide,_T,Total emissions excluding LULUCF,T_CO2E,Tonnes of CO2-equivalent,2019,,0.07832959520807,,A,Normal value,3,Thousands,,,,,2,Two,,
DATAFLOW,OECD.ENV.EPI:DSD_AIR_GHG@DF_AIR_GHG(1.0),Air emissions - Greenhouse gas emissions Inventories,I,IDN,Indonesia,A,Annual,N2O,Nitrous oxide,_T,Total emissions excluding LULUCF,T_CO2E,Tonnes of CO2-equivalent,2019,,50423.64876929,,A,Normal value,3,Thousands,,,,,2,Two,,
DATAFLOW,OECD.ENV.EPI:DSD_AIR_GHG@DF_AIR_GHG(1.0),Air emissions - Greenhouse gas emissions Inventories,I,KAZ,Kazakhstan,A,Annual,N2O,Nitrous oxide,_T,Total emissions excluding LULUCF,T_CO2E,Tonnes of CO2-equivalent,2019,,13322.596289682,,A,Normal value,3,Thousands,,,,,2,Two,,
DATAFLOW,OECD.ENV.EPI:DSD_AIR_GHG@DF_AIR_GHG(1.0),Air emissions - Greenhouse gas emissions Inventories,I,KEN,Kenya,A,Annual,N2O,Nitrous oxide,_T,Total emissions excluding LULUCF,T_CO2E,Tonnes of CO2-equivalent,2019,,3879.8604815361,,A,Normal value,3,Thousands,,,,,2,Two,,
DATAFLOW,OECD.ENV.EPI:DSD_AIR_GHG@DF_AIR_GHG(1.0),Air emissions - Greenhouse gas emissions Inventories,I,LIE,Liechtenstein,A,Annual,N2O,Nitrous oxide,_T,Total emissions excluding LULUCF,T_CO2E,Tonnes of CO2-equivalent,2019,,7.3162799212312,,A,Normal value,3,Thousands,,,,,2,Two,,
DATAFLOW,OECD.ENV.EPI:DSD_AIR_GHG@DF_AIR_GHG(1.0),Air emissions - Greenhouse gas emissions Inventories,I,MYS,Malaysia,A,Annual,N2O,Nitrous oxide,_T,Total emissions excluding LULUCF,T_CO2E,Tonnes of CO2-equivalent,2019,,6341.5443884626,,A,Normal value,3,Thousands,,,,,2,Two,,
DATAFLOW,OECD.ENV.EPI:DSD_AIR_GHG@DF_AIR_GHG(1.0),Air emissions - Greenhouse gas emissions Inventories,I,MDV,Maldives,A,Annual,N2O,Nitrous oxide,_T,Total emissions excluding LULUCF,T_CO2E,Tonnes of CO2-equivalent,2019,,19.747674861956,,A,Normal value,3,Thousands,,,,,2,Two,,
DATAFLOW,OECD.ENV.EPI:DSD_AIR_GHG@DF_AIR_GHG(1.0),Air emissions - Greenhouse gas emissions Inventories,I,MLT,Malta,A,Annual,N2O,Nitrous oxide,_T,Total emissions excluding LULUCF,T_CO2E,Tonnes of CO2-equivalent,2019,,42.003902909358,,A,Normal value,3,Thousands,,,,,2,Two,,
DATAFLOW,OECD.ENV.EPI:DSD_AIR_GHG@DF_AIR_GHG(1.0),Air emissions - Greenhouse gas emissions Inventories,I,MUS,Mauritius,A,Annual,N2O,Nitrous oxide,_T,Total emissions excluding LULUCF,T_CO2E,Tonnes of CO2-equivalent,2019,,100.85328311471,,A,Normal value,3,Thousands,,,,,2,Two,,
DATAFLOW,OECD.ENV.EPI:DSD_AIR_GHG@DF_AIR_GHG(1.0),Air emissions - Greenhouse gas emissions Inventories,I,MDA,Moldova,A,Annual,N2O,Nitrous oxide,_T,Total emissions excluding LULUCF,T_CO2E,Tonnes of CO2-equivalent,2019,,1274.3560066056,,A,Normal value,3,Thousands,,,,,2,Two,,
DATAFLOW,OECD.ENV.EPI:DSD_AIR_GHG@DF_AIR_GHG(1.0),Air emissions - Greenhouse gas emissions Inventories,I,MCO,Monaco,A,Annual,N2O,Nitrous oxide,_T,Total emissions excluding LULUCF,T_CO2E,Tonnes of CO2-equivalent,2019,,2.5824768790569,,A,Normal value,3,Thousands,,,,,2,Two,,
DATAFLOW,OECD.ENV.EPI:DSD_AIR_GHG@DF_AIR_GHG(1.0),Air emissions - Greenhouse gas emissions Inventories,I,NAM,Namibia,A,Annual,N2O,Nitrous oxide,_T,Total emissions excluding LULUCF,T_CO2E,Tonnes of CO2-equivalent,2019,,1737.6159030236,,A,Normal value,3,Thousands,,,,,2,Two,,
DATAFLOW,OECD.ENV.EPI:DSD_AIR_GHG@DF_AIR_GHG(1.0),Air emissions - Greenhouse gas emissions Inventories,I,NPL,Nepal,A,Annual,N2O,Nitrous oxide,_T,Total emissions excluding LULUCF,T_CO2E,Tonnes of CO2-equivalent,2019,,4612.1050652166,,A,Normal value,3,Thousands,,,,,2,Two,,
DATAFLOW,OECD.ENV.EPI:DSD_AIR_GHG@DF_AIR_GHG(1.0),Air emissions - Greenhouse gas emissions Inventories,I,NGA,Nigeria,A,Annual,N2O,Nitrous oxide,_T,Total emissions excluding LULUCF,T_CO2E,Tonnes of CO2-equivalent,2019,,29757.028085286,,A,Normal value,3,Thousands,,,,,2,Two,,
DATAFLOW,OECD.ENV.EPI:DSD_AIR_GHG@DF_AIR_GHG(1.0),Air emissions - Greenhouse gas emissions Inventories,I,PAN,Panama,A,Annual,N2O,Nitrous oxide,_T,Total emissions excluding LULUCF,T_CO2E,Tonnes of CO2-equivalent,2019,,787.33802303641,,A,Normal value,3,Thousands,,,,,2,Two,,
DATAFLOW,OECD.ENV.EPI:DSD_AIR_GHG@DF_AIR_GHG(1.0),Air emissions - Greenhouse gas emissions Inventories,I,PER,Peru,A,Annual,N2O,Nitrous oxide,_T,Total emissions excluding LULUCF,T_CO2E,Tonnes of CO2-equivalent,2019,,12062.594714269,,A,Normal value,3,Thousands,,,,,2,Two,,
DATAFLOW,OECD.ENV.EPI:DSD_AIR_GHG@DF_AIR_GHG(1.0),Air emissions - Greenhouse gas emissions Inventories,I,ROU,Romania,A,Annual,N2O,Nitrous oxide,_T,Total emissions excluding LULUCF,T_CO2E,Tonnes of CO2-equivalent,2019,,9752.5138010751,,A,Normal value,3,Thousands,,,,,2,Two,,
DATAFLOW,OECD.ENV.EPI:DSD_AIR_GHG@DF_AIR_GHG(1.0),Air emissions - Greenhouse gas emissions Inventories,I,RWA,Rwanda,A,Annual,N2O,Nitrous oxide,_T,Total emissions excluding LULUCF,T_CO2E,Tonnes of CO2-equivalent,2019,,1371.1315107997,,A,Normal value,3,Thousands,,,,,2,Two,,
DATAFLOW,OECD.ENV.EPI:DSD_AIR_GHG@DF_AIR_GHG(1.0),Air emissions - Greenhouse gas emissions Inventories,I,SAU,Saudi Arabia,A,Annual,N2O,Nitrous oxide,_T,Total emissions excluding LULUCF,T_CO2E,Tonnes of CO2-equivalent,2019,,7567.0060626913,,A,Normal value,3,Thousands,,,,,2,Two,,
DATAFLOW,OECD.ENV.EPI:DSD_AIR_GHG@DF_AIR_GHG(1.0),Air emissions - Greenhouse gas emissions Inventories,I,SRB,Serbia,A,Annual,N2O,Nitrous oxide,_T,Total emissions excluding LULUCF,T_CO2E,Tonnes of CO2-equivalent,2019,,2804.8205418849,,A,Normal value,3,Thousands,,,,,2,Two,,
DATAFLOW,OECD.ENV.EPI:DSD_AIR_GHG@DF_AIR_GHG(1.0),Air emissions - Greenhouse gas emissions Inventories,I,SGP,Singapore,A,Annual,N2O,Nitrous oxide,_T,Total emissions excluding LULUCF,T_CO2E,Tonnes of CO2-equivalent,2019,,556.19575407054,,A,Normal value,3,Thousands,,,,,2,Two,,
DATAFLOW,OECD.ENV.EPI:DSD_AIR_GHG@DF_AIR_GHG(1.0),Air emissions - Greenhouse gas emissions Inventories,I,SLB,Solomon Islands,A,Annual,N2O,Nitrous oxide,_T,Total emissions excluding LULUCF,T_CO2E,Tonnes of CO2-equivalent,2019,,44.085208113496,,A,Normal value,3,Thousands,,,,,2,Two,,
DATAFLOW,OECD.ENV.EPI:DSD_AIR_GHG@DF_AIR_GHG(1.0),Air emissions - Greenhouse gas emissions Inventories,I,ZAF,South Africa,A,Annual,N2O,Nitrous oxide,_T,Total emissions excluding LULUCF,T_CO2E,Tonnes of CO2-equivalent,2019,,17699.829991307,,A,Normal value,3,Thousands,,,,,2,Two,,
DATAFLOW,OECD.ENV.EPI:DSD_AIR_GHG@DF_AIR_GHG(1.0),Air emissions - Greenhouse gas emissions Inventories,I,UKR,Ukraine,A,Annual,N2O,Nitrous oxide,_T,Total emissions excluding LULUCF,T_CO2E,Tonnes of CO2-equivalent,2019,,34626.353788705,,A,Normal value,3,Thousands,,,,,2,Two,,
DATAFLOW,OECD.ENV.EPI:DSD_AIR_GHG@DF_AIR_GHG(1.0),Air emissions - Greenhouse gas emissions Inventories,I,UZB,Uzbekistan,A,Annual,N2O,Nitrous oxide,_T,Total emissions excluding LULUCF,T_CO2E,Tonnes of CO2-equivalent,2019,,11779.878856726,,A,Normal value,3,Thousands,,,,,2,Two,,
DATAFLOW,OECD.ENV.EPI:DSD_AIR_GHG@DF_AIR_GHG(1.0),Air emissions - Greenhouse gas emissions Inventories,I,VEN,Venezuela,A,Annual,N2O,Nitrous oxide,_T,Total emissions excluding LULUCF,T_CO2E,Tonnes of CO2-equivalent,2019,,2786.7338868913,,A,Normal value,3,Thousands,,,,,2,Two,,
DATAFLOW,OECD.ENV.EPI:DSD_AIR_GHG@DF_AIR_GHG(1.0),Air emissions - Greenhouse gas emissions Inventories,I,ZWE,Zimbabwe,A,Annual,N2O,Nitrous oxide,_T,Total emissions excluding LULUCF,T_CO2E,Tonnes of CO2-equivalent,2019,,2529.3906150409,,A,Normal value,3,Thousands,,,,,2,Two,,
DATAFLOW,OECD.ENV.EPI:DSD_AIR_GHG@DF_AIR_GHG(1.0),Air emissions - Greenhouse gas emissions Inventories,I,AUS,Australia,A,Annual,N2O,Nitrous oxide,_T,Total emissions excluding LULUCF,T_CO2E,Tonnes of CO2-equivalent,2018,,14369.039300587,,A,Normal value,3,Thousands,,,,,2,Two,,
DATAFLOW,OECD.ENV.EPI:DSD_AIR_GHG@DF_AIR_GHG(1.0),Air emissions - Greenhouse gas emissions Inventories,I,AUT,Austria,A,Annual,N2O,Nitrous oxide,_T,Total emissions excluding LULUCF,T_CO2E,Tonnes of CO2-equivalent,2018,,3557.0691419854,,A,Normal value,3,Thousands,,,,,2,Two,,
DATAFLOW,OECD.ENV.EPI:DSD_AIR_GHG@DF_AIR_GHG(1.0),Air emissions - Greenhouse gas emissions Inventories,I,BEL,Belgium,A,Annual,N2O,Nitrous oxide,_T,Total emissions excluding LULUCF,T_CO2E,Tonnes of CO2-equivalent,2018,,4576.0664616229,,A,Normal value,3,Thousands,,,,,2,Two,,
DATAFLOW,OECD.ENV.EPI:DSD_AIR_GHG@DF_AIR_GHG(1.0),Air emissions - Greenhouse gas emissions Inventories,I,CAN,Canada,A,Annual,N2O,Nitrous oxide,_T,Total emissions excluding LULUCF,T_CO2E,Tonnes of CO2-equivalent,2018,,27261.748345221,,A,Normal value,3,Thousands,,,,,2,Two,,
DATAFLOW,OECD.ENV.EPI:DSD_AIR_GHG@DF_AIR_GHG(1.0),Air emissions - Greenhouse gas emissions Inventories,I,CHL,Chile,A,Annual,N2O,Nitrous oxide,_T,Total emissions excluding LULUCF,T_CO2E,Tonnes of CO2-equivalent,2018,,5237.31,,A,Normal value,3,Thousands,,,,,2,Two,,
DATAFLOW,OECD.ENV.EPI:DSD_AIR_GHG@DF_AIR_GHG(1.0),Air emissions - Greenhouse gas emissions Inventories,I,COL,Colombia,A,Annual,N2O,Nitrous oxide,_T,Total emissions excluding LULUCF,T_CO2E,Tonnes of CO2-equivalent,2018,,13015.66,,A,Normal value,3,Thousands,,,,,2,Two,,
DATAFLOW,OECD.ENV.EPI:DSD_AIR_GHG@DF_AIR_GHG(1.0),Air emissions - Greenhouse gas emissions Inventories,I,CRI,Costa Rica,A,Annual,N2O,Nitrous oxide,_T,Total emissions excluding LULUCF,T_CO2E,Tonnes of CO2-equivalent,2018,,839.97,,A,Normal value,3,Thousands,,,,,2,Two,,
DATAFLOW,OECD.ENV.EPI:DSD_AIR_GHG@DF_AIR_GHG(1.0),Air emissions - Greenhouse gas emissions Inventories,I,CZE,Czechia,A,Annual,N2O,Nitrous oxide,_T,Total emissions excluding LULUCF,T_CO2E,Tonnes of CO2-equivalent,2018,,3326.402152249,,A,Normal value,3,Thousands,,,,,2,Two,,
DATAFLOW,OECD.ENV.EPI:DSD_AIR_GHG@DF_AIR_GHG(1.0),Air emissions - Greenhouse gas emissions Inventories,I,DNK,Denmark,A,Annual,N2O,Nitrous oxide,_T,Total emissions excluding LULUCF,T_CO2E,Tonnes of CO2-equivalent,2018,,5388.8255118056,,A,Normal value,3,Thousands,,,,,2,Two,,
DATAFLOW,OECD.ENV.EPI:DSD_AIR_GHG@DF_AIR_GHG(1.0),Air emissions - Greenhouse gas emissions Inventories,I,EST,Estonia,A,Annual,N2O,Nitrous oxide,_T,Total emissions excluding LULUCF,T_CO2E,Tonnes of CO2-equivalent,2018,,773.90088182049,,A,Normal value,3,Thousands,,,,,2,Two,,
DATAFLOW,OECD.ENV.EPI:DSD_AIR_GHG@DF_AIR_GHG(1.0),Air emissions - Greenhouse gas emissions Inventories,I,FIN,Finland,A,Annual,N2O,Nitrous oxide,_T,Total emissions excluding LULUCF,T_CO2E,Tonnes of CO2-equivalent,2018,,4241.8475446158,,A,Normal value,3,Thousands,,,,,2,Two,,
DATAFLOW,OECD.ENV.EPI:DSD_AIR_GHG@DF_AIR_GHG(1.0),Air emissions - Greenhouse gas emissions Inventories,I,FRA,France,A,Annual,N2O,Nitrous oxide,_T,Total emissions excluding LULUCF,T_CO2E,Tonnes of CO2-equivalent,2018,,30866.938997266,,A,Normal value,3,Thousands,,,,,2,Two,,
DATAFLOW,OECD.ENV.EPI:DSD_AIR_GHG@DF_AIR_GHG(1.0),Air emissions - Greenhouse gas emissions Inventories,I,DEU,Germany,A,Annual,N2O,Nitrous oxide,_T,Total emissions excluding LULUCF,T_CO2E,Tonnes of CO2-equivalent,2018,,26572.6749038,,A,Normal value,3,Thousands,,,,,2,Two,,
DATAFLOW,OECD.ENV.EPI:DSD_AIR_GHG@DF_AIR_GHG(1.0),Air emissions - Greenhouse gas emissions Inventories,I,GRC,Greece,A,Annual,N2O,Nitrous oxide,_T,Total emissions excluding LULUCF,T_CO2E,Tonnes of CO2-equivalent,2018,,3924.4080751927,,A,Normal value,3,Thousands,,,,,2,Two,,
DATAFLOW,OECD.ENV.EPI:DSD_AIR_GHG@DF_AIR_GHG(1.0),Air emissions - Greenhouse gas emissions Inventories,I,HUN,Hungary,A,Annual,N2O,Nitrous oxide,_T,Total emissions excluding LULUCF,T_CO2E,Tonnes of CO2-equivalent,2018,,4633.5333596709,,A,Normal value,3,Thousands,,,,,2,Two,,
DATAFLOW,OECD.ENV.EPI:DSD_AIR_GHG@DF_AIR_GHG(1.0),Air emissions - Greenhouse gas emissions Inventories,I,ISL,Iceland,A,Annual,N2O,Nitrous oxide,_T,Total emissions excluding LULUCF,T_CO2E,Tonnes of CO2-equivalent,2018,,375.49013211104,,A,Normal value,3,Thousands,,,,,2,Two,,
DATAFLOW,OECD.ENV.EPI:DSD_AIR_GHG@DF_AIR_GHG(1.0),Air emissions - Greenhouse gas emissions Inventories,I,IRL,Ireland,A,Annual,N2O,Nitrous oxide,_T,Total emissions excluding LULUCF,T_CO2E,Tonnes of CO2-equivalent,2018,,5883.4241924617,,A,Normal value,3,Thousands,,,,,2,Two,,
DATAFLOW,OECD.ENV.EPI:DSD_AIR_GHG@DF_AIR_GHG(1.0),Air emissions - Greenhouse gas emissions Inventories,I,ISR,Israel,A,Annual,N2O,Nitrous oxide,_T,Total emissions excluding LULUCF,T_CO2E,Tonnes of CO2-equivalent,2018,,1508.73,,A,Normal value,3,Thousands,,,,,2,Two,,
DATAFLOW,OECD.ENV.EPI:DSD_AIR_GHG@DF_AIR_GHG(1.0),Air emissions - Greenhouse gas emissions Inventories,I,ITA,Italy,A,Annual,N2O,Nitrous oxide,_T,Total emissions excluding LULUCF,T_CO2E,Tonnes of CO2-equivalent,2018,,15070.050482714,,A,Normal value,3,Thousands,,,,,2,Two,,
DATAFLOW,OECD.ENV.EPI:DSD_AIR_GHG@DF_AIR_GHG(1.0),Air emissions - Greenhouse gas emissions Inventories,I,JPN,Japan,A,Annual,N2O,Nitrous oxide,_T,Total emissions excluding LULUCF,T_CO2E,Tonnes of CO2-equivalent,2018,,17698.798516156,,A,Normal value,3,Thousands,,,,,2,Two,,
DATAFLOW,OECD.ENV.EPI:DSD_AIR_GHG@DF_AIR_GHG(1.0),Air emissions - Greenhouse gas emissions Inventories,I,KOR,Korea,A,Annual,N2O,Nitrous oxide,_T,Total emissions excluding LULUCF,T_CO2E,Tonnes of CO2-equivalent,2018,,10724.15,,A,Normal value,3,Thousands,,,,,2,Two,,
DATAFLOW,OECD.ENV.EPI:DSD_AIR_GHG@DF_AIR_GHG(1.0),Air emissions - Greenhouse gas emissions Inventories,I,LVA,Latvia,A,Annual,N2O,Nitrous oxide,_T,Total emissions excluding LULUCF,T_CO2E,Tonnes of CO2-equivalent,2018,,1074.8632874686,,A,Normal value,3,Thousands,,,,,2,Two,,
DATAFLOW,OECD.ENV.EPI:DSD_AIR_GHG@DF_AIR_GHG(1.0),Air emissions - Greenhouse gas emissions Inventories,I,LTU,Lithuania,A,Annual,N2O,Nitrous oxide,_T,Total emissions excluding LULUCF,T_CO2E,Tonnes of CO2-equivalent,2018,,2183.3258964477,,A,Normal value,3,Thousands,,,,,2,Two,,
DATAFLOW,OECD.ENV.EPI:DSD_AIR_GHG@DF_AIR_GHG(1.0),Air emissions - Greenhouse gas emissions Inventories,I,LUX,Luxembourg,A,Annual,N2O,Nitrous oxide,_T,Total emissions excluding LULUCF,T_CO2E,Tonnes of CO2-equivalent,2018,,399.38263864135,,A,Normal value,3,Thousands,,,,,2,Two,,
DATAFLOW,OECD.ENV.EPI:DSD_AIR_GHG@DF_AIR_GHG(1.0),Air emissions - Greenhouse gas emissions Inventories,I,MEX,Mexico,A,Annual,N2O,Nitrous oxide,_T,Total emissions excluding LULUCF,T_CO2E,Tonnes of CO2-equivalent,2018,,38466.32,,A,Normal value,3,Thousands,,,,,2,Two,,
DATAFLOW,OECD.ENV.EPI:DSD_AIR_GHG@DF_AIR_GHG(1.0),Air emissions - Greenhouse gas emissions Inventories,I,NLD,Netherlands,A,Annual,N2O,Nitrous oxide,_T,Total emissions excluding LULUCF,T_CO2E,Tonnes of CO2-equivalent,2018,,7726.1812315978,,A,Normal value,3,Thousands,,,,,2,Two,,
DATAFLOW,OECD.ENV.EPI:DSD_AIR_GHG@DF_AIR_GHG(1.0),Air emissions - Greenhouse gas emissions Inventories,I,NZL,New Zealand,A,Annual,N2O,Nitrous oxide,_T,Total emissions excluding LULUCF,T_CO2E,Tonnes of CO2-equivalent,2018,,7052.5087287746,,A,Normal value,3,Thousands,,,,,2,Two,,
DATAFLOW,OECD.ENV.EPI:DSD_AIR_GHG@DF_AIR_GHG(1.0),Air emissions - Greenhouse gas emissions Inventories,I,NOR,Norway,A,Annual,N2O,Nitrous oxide,_T,Total emissions excluding LULUCF,T_CO2E,Tonnes of CO2-equivalent,2018,,2255.3037865845,,A,Normal value,3,Thousands,,,,,2,Two,,
DATAFLOW,OECD.ENV.EPI:DSD_AIR_GHG@DF_AIR_GHG(1.0),Air emissions - Greenhouse gas emissions Inventories,I,POL,Poland,A,Annual,N2O,Nitrous oxide,_T,Total emissions excluding LULUCF,T_CO2E,Tonnes of CO2-equivalent,2018,,21077.55383872,,A,Normal value,3,Thousands,,,,,2,Two,,
DATAFLOW,OECD.ENV.EPI:DSD_AIR_GHG@DF_AIR_GHG(1.0),Air emissions - Greenhouse gas emissions Inventories,I,PRT,Portugal,A,Annual,N2O,Nitrous oxide,_T,Total emissions excluding LULUCF,T_CO2E,Tonnes of CO2-equivalent,2018,,3470.6543402731,,A,Normal value,3,Thousands,,,,,2,Two,,
DATAFLOW,OECD.ENV.EPI:DSD_AIR_GHG@DF_AIR_GHG(1.0),Air emissions - Greenhouse gas emissions Inventories,I,SVK,Slovak Republic,A,Annual,N2O,Nitrous oxide,_T,Total emissions excluding LULUCF,T_CO2E,Tonnes of CO2-equivalent,2018,,1554.2158110263,,A,Normal value,3,Thousands,,,,,2,Two,,
DATAFLOW,OECD.ENV.EPI:DSD_AIR_GHG@DF_AIR_GHG(1.0),Air emissions - Greenhouse gas emissions Inventories,I,SVN,Slovenia,A,Annual,N2O,Nitrous oxide,_T,Total emissions excluding LULUCF,T_CO2E,Tonnes of CO2-equivalent,2018,,728.01448025909,,A,Normal value,3,Thousands,,,,,2,Two,,
DATAFLOW,OECD.ENV.EPI:DSD_AIR_GHG@DF_AIR_GHG(1.0),Air emissions - Greenhouse gas emissions Inventories,I,ESP,Spain,A,Annual,N2O,Nitrous oxide,_T,Total emissions excluding LULUCF,T_CO2E,Tonnes of CO2-equivalent,2018,,13952.797849987,,A,Normal value,3,Thousands,,,,,2,Two,,
DATAFLOW,OECD.ENV.EPI:DSD_AIR_GHG@DF_AIR_GHG(1.0),Air emissions - Greenhouse gas emissions Inventories,I,SWE,Sweden,A,Annual,N2O,Nitrous oxide,_T,Total emissions excluding LULUCF,T_CO2E,Tonnes of CO2-equivalent,2018,,3462.8033269497,,A,Normal value,3,Thousands,,,,,2,Two,,
DATAFLOW,OECD.ENV.EPI:DSD_AIR_GHG@DF_AIR_GHG(1.0),Air emissions - Greenhouse gas emissions Inventories,I,CHE,Switzerland,A,Annual,N2O,Nitrous oxide,_T,Total emissions excluding LULUCF,T_CO2E,Tonnes of CO2-equivalent,2018,,3172.8857710844,,A,Normal value,3,Thousands,,,,,2,Two,,
DATAFLOW,OECD.ENV.EPI:DSD_AIR_GHG@DF_AIR_GHG(1.0),Air emissions - Greenhouse gas emissions Inventories,I,TUR,Türkiye,A,Annual,N2O,Nitrous oxide,_T,Total emissions excluding LULUCF,T_CO2E,Tonnes of CO2-equivalent,2018,,31501.103027937,,A,Normal value,3,Thousands,,,,,2,Two,,
DATAFLOW,OECD.ENV.EPI:DSD_AIR_GHG@DF_AIR_GHG(1.0),Air emissions - Greenhouse gas emissions Inventories,I,GBR,United Kingdom,A,Annual,N2O,Nitrous oxide,_T,Total emissions excluding LULUCF,T_CO2E,Tonnes of CO2-equivalent,2018,,21478.08848969,,A,Normal value,3,Thousands,,,,,2,Two,,
DATAFLOW,OECD.ENV.EPI:DSD_AIR_GHG@DF_AIR_GHG(1.0),Air emissions - Greenhouse gas emissions Inventories,I,USA,United States,A,Annual,N2O,Nitrous oxide,_T,Total emissions excluding LULUCF,T_CO2E,Tonnes of CO2-equivalent,2018,,439453.21,,A,Normal value,3,Thousands,,,,,2,Two,,
DATAFLOW,OECD.ENV.EPI:DSD_AIR_GHG@DF_AIR_GHG(1.0),Air emissions - Greenhouse gas emissions Inventories,I,EU27_2020,European Union (27 countries from 01/02/2020),A,Annual,N2O,Nitrous oxide,_T,Total emissions excluding LULUCF,T_CO2E,Tonnes of CO2-equivalent,2018,,191865.29520974,,A,Normal value,3,Thousands,,,,,2,Two,,
DATAFLOW,OECD.ENV.EPI:DSD_AIR_GHG@DF_AIR_GHG(1.0),Air emissions - Greenhouse gas emissions Inventories,I,DZA,Algeria,A,Annual,N2O,Nitrous oxide,_T,Total emissions excluding LULUCF,T_CO2E,Tonnes of CO2-equivalent,2018,,5301.3967741897,,A,Normal value,3,Thousands,,,,,2,Two,,
DATAFLOW,OECD.ENV.EPI:DSD_AIR_GHG@DF_AIR_GHG(1.0),Air emissions - Greenhouse gas emissions Inventories,I,ARG,Argentina,A,Annual,N2O,Nitrous oxide,_T,Total emissions excluding LULUCF,T_CO2E,Tonnes of CO2-equivalent,2018,,22390.361419265,,A,Normal value,3,Thousands,,,,,2,Two,,
DATAFLOW,OECD.ENV.EPI:DSD_AIR_GHG@DF_AIR_GHG(1.0),Air emissions - Greenhouse gas emissions Inventories,I,BRA,Brazil,A,Annual,N2O,Nitrous oxide,_T,Total emissions excluding LULUCF,T_CO2E,Tonnes of CO2-equivalent,2018,,147880.41110542,,A,Normal value,3,Thousands,,,,,2,Two,,
DATAFLOW,OECD.ENV.EPI:DSD_AIR_GHG@DF_AIR_GHG(1.0),Air emissions - Greenhouse gas emissions Inventories,I,BRN,Brunei Darussalam,A,Annual,N2O,Nitrous oxide,_T,Total emissions excluding LULUCF,T_CO2E,Tonnes of CO2-equivalent,2018,,51.682138343804,,A,Normal value,3,Thousands,,,,,2,Two,,
DATAFLOW,OECD.ENV.EPI:DSD_AIR_GHG@DF_AIR_GHG(1.0),Air emissions - Greenhouse gas emissions Inventories,I,BGR,Bulgaria,A,Annual,N2O,Nitrous oxide,_T,Total emissions excluding LULUCF,T_CO2E,Tonnes of CO2-equivalent,2018,,4433.4990692851,,A,Normal value,3,Thousands,,,,,2,Two,,
DATAFLOW,OECD.ENV.EPI:DSD_AIR_GHG@DF_AIR_GHG(1.0),Air emissions - Greenhouse gas emissions Inventories,I,CIV,Côte d’Ivoire,A,Annual,N2O,Nitrous oxide,_T,Total emissions excluding LULUCF,T_CO2E,Tonnes of CO2-equivalent,2018,,1296.171542592,,A,Normal value,3,Thousands,,,,,2,Two,,
DATAFLOW,OECD.ENV.EPI:DSD_AIR_GHG@DF_AIR_GHG(1.0),Air emissions - Greenhouse gas emissions Inventories,I,HRV,Croatia,A,Annual,N2O,Nitrous oxide,_T,Total emissions excluding LULUCF,T_CO2E,Tonnes of CO2-equivalent,2018,,1408.7222498457,,A,Normal value,3,Thousands,,,,,2,Two,,
DATAFLOW,OECD.ENV.EPI:DSD_AIR_GHG@DF_AIR_GHG(1.0),Air emissions - Greenhouse gas emissions Inventories,I,CUB,Cuba,A,Annual,N2O,Nitrous oxide,_T,Total emissions excluding LULUCF,T_CO2E,Tonnes of CO2-equivalent,2018,,5886.6159207043,,A,Normal value,3,Thousands,,,,,2,Two,,
DATAFLOW,OECD.ENV.EPI:DSD_AIR_GHG@DF_AIR_GHG(1.0),Air emissions - Greenhouse gas emissions Inventories,I,CYP,Cyprus,A,Annual,N2O,Nitrous oxide,_T,Total emissions excluding LULUCF,T_CO2E,Tonnes of CO2-equivalent,2018,,164.74949187961,,A,Normal value,3,Thousands,,,,,2,Two,,
DATAFLOW,OECD.ENV.EPI:DSD_AIR_GHG@DF_AIR_GHG(1.0),Air emissions - Greenhouse gas emissions Inventories,I,EGY,Egypt,A,Annual,N2O,Nitrous oxide,_T,Total emissions excluding LULUCF,T_CO2E,Tonnes of CO2-equivalent,2018,,24568.929957231,,A,Normal value,3,Thousands,,,,,2,Two,,
DATAFLOW,OECD.ENV.EPI:DSD_AIR_GHG@DF_AIR_GHG(1.0),Air emissions - Greenhouse gas emissions Inventories,I,GEO,Georgia,A,Annual,N2O,Nitrous oxide,_T,Total emissions excluding LULUCF,T_CO2E,Tonnes of CO2-equivalent,2018,,904.76272058472,,A,Normal value,3,Thousands,,,,,2,Two,,
DATAFLOW,OECD.ENV.EPI:DSD_AIR_GHG@DF_AIR_GHG(1.0),Air emissions - Greenhouse gas emissions Inventories,I,GHA,Ghana,A,Annual,N2O,Nitrous oxide,_T,Total emissions excluding LULUCF,T_CO2E,Tonnes of CO2-equivalent,2018,,6722.3295367,,A,Normal value,3,Thousands,,,,,2,Two,,
DATAFLOW,OECD.ENV.EPI:DSD_AIR_GHG@DF_AIR_GHG(1.0),Air emissions - Greenhouse gas emissions Inventories,I,GTM,Guatemala,A,Annual,N2O,Nitrous oxide,_T,Total emissions excluding LULUCF,T_CO2E,Tonnes of CO2-equivalent,2018,,2616.0197463596,,A,Normal value,3,Thousands,,,,,2,Two,,
DATAFLOW,OECD.ENV.EPI:DSD_AIR_GHG@DF_AIR_GHG(1.0),Air emissions - Greenhouse gas emissions Inventories,I,GNB,Guinea-Bissau,A,Annual,N2O,Nitrous oxide,_T,Total emissions excluding LULUCF,T_CO2E,Tonnes of CO2-equivalent,2018,,72.83725202165,,A,Normal value,3,Thousands,,,,,2,Two,,
DATAFLOW,OECD.ENV.EPI:DSD_AIR_GHG@DF_AIR_GHG(1.0),Air emissions - Greenhouse gas emissions Inventories,I,GUY,Guyana,A,Annual,N2O,Nitrous oxide,_T,Total emissions excluding LULUCF,T_CO2E,Tonnes of CO2-equivalent,2018,,523.66088084544,,A,Normal value,3,Thousands,,,,,2,Two,,
DATAFLOW,OECD.ENV.EPI:DSD_AIR_GHG@DF_AIR_GHG(1.0),Air emissions - Greenhouse gas emissions Inventories,I,VAT,Holy See,A,Annual,N2O,Nitrous oxide,_T,Total emissions excluding LULUCF,T_CO2E,Tonnes of CO2-equivalent,2018,,0.08046655853609,,A,Normal value,3,Thousands,,,,,2,Two,,
DATAFLOW,OECD.ENV.EPI:DSD_AIR_GHG@DF_AIR_GHG(1.0),Air emissions - Greenhouse gas emissions Inventories,I,IDN,Indonesia,A,Annual,N2O,Nitrous oxide,_T,Total emissions excluding LULUCF,T_CO2E,Tonnes of CO2-equivalent,2018,,50977.195393995,,A,Normal value,3,Thousands,,,,,2,Two,,
DATAFLOW,OECD.ENV.EPI:DSD_AIR_GHG@DF_AIR_GHG(1.0),Air emissions - Greenhouse gas emissions Inventories,I,KAZ,Kazakhstan,A,Annual,N2O,Nitrous oxide,_T,Total emissions excluding LULUCF,T_CO2E,Tonnes of CO2-equivalent,2018,,13505.787391187,,A,Normal value,3,Thousands,,,,,2,Two,,
DATAFLOW,OECD.ENV.EPI:DSD_AIR_GHG@DF_AIR_GHG(1.0),Air emissions - Greenhouse gas emissions Inventories,I,KEN,Kenya,A,Annual,N2O,Nitrous oxide,_T,Total emissions excluding LULUCF,T_CO2E,Tonnes of CO2-equivalent,2018,,3739.4284287155,,A,Normal value,3,Thousands,,,,,2,Two,,
DATAFLOW,OECD.ENV.EPI:DSD_AIR_GHG@DF_AIR_GHG(1.0),Air emissions - Greenhouse gas emissions Inventories,I,LIE,Liechtenstein,A,Annual,N2O,Nitrous oxide,_T,Total emissions excluding LULUCF,T_CO2E,Tonnes of CO2-equivalent,2018,,7.2107472696101,,A,Normal value,3,Thousands,,,,,2,Two,,
DATAFLOW,OECD.ENV.EPI:DSD_AIR_GHG@DF_AIR_GHG(1.0),Air emissions - Greenhouse gas emissions Inventories,I,MYS,Malaysia,A,Annual,N2O,Nitrous oxide,_T,Total emissions excluding LULUCF,T_CO2E,Tonnes of CO2-equivalent,2018,,6867.4332214107,,A,Normal value,3,Thousands,,,,,2,Two,,
DATAFLOW,OECD.ENV.EPI:DSD_AIR_GHG@DF_AIR_GHG(1.0),Air emissions - Greenhouse gas emissions Inventories,I,MDV,Maldives,A,Annual,N2O,Nitrous oxide,_T,Total emissions excluding LULUCF,T_CO2E,Tonnes of CO2-equivalent,2018,,18.524881335283,,A,Normal value,3,Thousands,,,,,2,Two,,
DATAFLOW,OECD.ENV.EPI:DSD_AIR_GHG@DF_AIR_GHG(1.0),Air emissions - Greenhouse gas emissions Inventories,I,MLT,Malta,A,Annual,N2O,Nitrous oxide,_T,Total emissions excluding LULUCF,T_CO2E,Tonnes of CO2-equivalent,2018,,39.825526322361,,A,Normal value,3,Thousands,,,,,2,Two,,
DATAFLOW,OECD.ENV.EPI:DSD_AIR_GHG@DF_AIR_GHG(1.0),Air emissions - Greenhouse gas emissions Inventories,I,MUS,Mauritius,A,Annual,N2O,Nitrous oxide,_T,Total emissions excluding LULUCF,T_CO2E,Tonnes of CO2-equivalent,2018,,99.25024266186,,A,Normal value,3,Thousands,,,,,2,Two,,
DATAFLOW,OECD.ENV.EPI:DSD_AIR_GHG@DF_AIR_GHG(1.0),Air emissions - Greenhouse gas emissions Inventories,I,MDA,Moldova,A,Annual,N2O,Nitrous oxide,_T,Total emissions excluding LULUCF,T_CO2E,Tonnes of CO2-equivalent,2018,,1270.8917130412,,A,Normal value,3,Thousands,,,,,2,Two,,
DATAFLOW,OECD.ENV.EPI:DSD_AIR_GHG@DF_AIR_GHG(1.0),Air emissions - Greenhouse gas emissions Inventories,I,MCO,Monaco,A,Annual,N2O,Nitrous oxide,_T,Total emissions excluding LULUCF,T_CO2E,Tonnes of CO2-equivalent,2018,,2.7824014541725,,A,Normal value,3,Thousands,,,,,2,Two,,
DATAFLOW,OECD.ENV.EPI:DSD_AIR_GHG@DF_AIR_GHG(1.0),Air emissions - Greenhouse gas emissions Inventories,I,MAR,Morocco,A,Annual,N2O,Nitrous oxide,_T,Total emissions excluding LULUCF,T_CO2E,Tonnes of CO2-equivalent,2018,,11158.050008344,,A,Normal value,3,Thousands,,,,,2,Two,,
DATAFLOW,OECD.ENV.EPI:DSD_AIR_GHG@DF_AIR_GHG(1.0),Air emissions - Greenhouse gas emissions Inventories,I,NAM,Namibia,A,Annual,N2O,Nitrous oxide,_T,Total emissions excluding LULUCF,T_CO2E,Tonnes of CO2-equivalent,2018,,1885.914384542,,A,Normal value,3,Thousands,,,,,2,Two,,
DATAFLOW,OECD.ENV.EPI:DSD_AIR_GHG@DF_AIR_GHG(1.0),Air emissions - Greenhouse gas emissions Inventories,I,NPL,Nepal,A,Annual,N2O,Nitrous oxide,_T,Total emissions excluding LULUCF,T_CO2E,Tonnes of CO2-equivalent,2018,,4437.494011439,,A,Normal value,3,Thousands,,,,,2,Two,,
DATAFLOW,OECD.ENV.EPI:DSD_AIR_GHG@DF_AIR_GHG(1.0),Air emissions - Greenhouse gas emissions Inventories,I,NGA,Nigeria,A,Annual,N2O,Nitrous oxide,_T,Total emissions excluding LULUCF,T_CO2E,Tonnes of CO2-equivalent,2018,,29342.359179655,,A,Normal value,3,Thousands,,,,,2,Two,,
DATAFLOW,OECD.ENV.EPI:DSD_AIR_GHG@DF_AIR_GHG(1.0),Air emissions - Greenhouse gas emissions Inventories,I,PAN,Panama,A,Annual,N2O,Nitrous oxide,_T,Total emissions excluding LULUCF,T_CO2E,Tonnes of CO2-equivalent,2018,,748.83208660847,,A,Normal value,3,Thousands,,,,,2,Two,,
DATAFLOW,OECD.ENV.EPI:DSD_AIR_GHG@DF_AIR_GHG(1.0),Air emissions - Greenhouse gas emissions Inventories,I,PER,Peru,A,Annual,N2O,Nitrous oxide,_T,Total emissions excluding LULUCF,T_CO2E,Tonnes of CO2-equivalent,2018,,11452.064765143,,A,Normal value,3,Thousands,,,,,2,Two,,
DATAFLOW,OECD.ENV.EPI:DSD_AIR_GHG@DF_AIR_GHG(1.0),Air emissions - Greenhouse gas emissions Inventories,I,ROU,Romania,A,Annual,N2O,Nitrous oxide,_T,Total emissions excluding LULUCF,T_CO2E,Tonnes of CO2-equivalent,2018,,10081.048588051,,A,Normal value,3,Thousands,,,,,2,Two,,
DATAFLOW,OECD.ENV.EPI:DSD_AIR_GHG@DF_AIR_GHG(1.0),Air emissions - Greenhouse gas emissions Inventories,I,RWA,Rwanda,A,Annual,N2O,Nitrous oxide,_T,Total emissions excluding LULUCF,T_CO2E,Tonnes of CO2-equivalent,2018,,1180.6239384367,,A,Normal value,3,Thousands,,,,,2,Two,,
DATAFLOW,OECD.ENV.EPI:DSD_AIR_GHG@DF_AIR_GHG(1.0),Air emissions - Greenhouse gas emissions Inventories,I,SRB,Serbia,A,Annual,N2O,Nitrous oxide,_T,Total emissions excluding LULUCF,T_CO2E,Tonnes of CO2-equivalent,2018,,2928.159687827,,A,Normal value,3,Thousands,,,,,2,Two,,
DATAFLOW,OECD.ENV.EPI:DSD_AIR_GHG@DF_AIR_GHG(1.0),Air emissions - Greenhouse gas emissions Inventories,I,SGP,Singapore,A,Annual,N2O,Nitrous oxide,_T,Total emissions excluding LULUCF,T_CO2E,Tonnes of CO2-equivalent,2018,,491.08636804807,,A,Normal value,3,Thousands,,,,,2,Two,,
DATAFLOW,OECD.ENV.EPI:DSD_AIR_GHG@DF_AIR_GHG(1.0),Air emissions - Greenhouse gas emissions Inventories,I,SLB,Solomon Islands,A,Annual,N2O,Nitrous oxide,_T,Total emissions excluding LULUCF,T_CO2E,Tonnes of CO2-equivalent,2018,,41.288017789253,,A,Normal value,3,Thousands,,,,,2,Two,,
DATAFLOW,OECD.ENV.EPI:DSD_AIR_GHG@DF_AIR_GHG(1.0),Air emissions - Greenhouse gas emissions Inventories,I,ZAF,South Africa,A,Annual,N2O,Nitrous oxide,_T,Total emissions excluding LULUCF,T_CO2E,Tonnes of CO2-equivalent,2018,,17750.059799864,,A,Normal value,3,Thousands,,,,,2,Two,,
DATAFLOW,OECD.ENV.EPI:DSD_AIR_GHG@DF_AIR_GHG(1.0),Air emissions - Greenhouse gas emissions Inventories,I,UKR,Ukraine,A,Annual,N2O,Nitrous oxide,_T,Total emissions excluding LULUCF,T_CO2E,Tonnes of CO2-equivalent,2018,,32886.440426526,,A,Normal value,3,Thousands,,,,,2,Two,,
DATAFLOW,OECD.ENV.EPI:DSD_AIR_GHG@DF_AIR_GHG(1.0),Air emissions - Greenhouse gas emissions Inventories,I,UZB,Uzbekistan,A,Annual,N2O,Nitrous oxide,_T,Total emissions excluding LULUCF,T_CO2E,Tonnes of CO2-equivalent,2018,,11477.085323074,,A,Normal value,3,Thousands,,,,,2,Two,,
DATAFLOW,OECD.ENV.EPI:DSD_AIR_GHG@DF_AIR_GHG(1.0),Air emissions - Greenhouse gas emissions Inventories,I,VEN,Venezuela,A,Annual,N2O,Nitrous oxide,_T,Total emissions excluding LULUCF,T_CO2E,Tonnes of CO2-equivalent,2018,,2999.6363336299,,A,Normal value,3,Thousands,,,,,2,Two,,
DATAFLOW,OECD.ENV.EPI:DSD_AIR_GHG@DF_AIR_GHG(1.0),Air emissions - Greenhouse gas emissions Inventories,I,ZWE,Zimbabwe,A,Annual,N2O,Nitrous oxide,_T,Total emissions excluding LULUCF,T_CO2E,Tonnes of CO2-equivalent,2018,,2752.5086936025,,A,Normal value,3,Thousands,,,,,2,Two,,
DATAFLOW,OECD.ENV.EPI:DSD_AIR_GHG@DF_AIR_GHG(1.0),Air emissions - Greenhouse gas emissions Inventories,I,AUS,Australia,A,Annual,N2O,Nitrous oxide,_T,Total emissions excluding LULUCF,T_CO2E,Tonnes of CO2-equivalent,2022,,15279.008405637,,A,Normal value,3,Thousands,,,,,2,Two,,
DATAFLOW,OECD.ENV.EPI:DSD_AIR_GHG@DF_AIR_GHG(1.0),Air emissions - Greenhouse gas emissions Inventories,I,AUT,Austria,A,Annual,N2O,Nitrous oxide,_T,Total emissions excluding LULUCF,T_CO2E,Tonnes of CO2-equivalent,2022,,3362.6936032541,,A,Normal value,3,Thousands,,,,,2,Two,,
DATAFLOW,OECD.ENV.EPI:DSD_AIR_GHG@DF_AIR_GHG(1.0),Air emissions - Greenhouse gas emissions Inventories,I,BEL,Belgium,A,Annual,N2O,Nitrous oxide,_T,Total emissions excluding LULUCF,T_CO2E,Tonnes of CO2-equivalent,2022,,4034.5385768702,,A,Normal value,3,Thousands,,,,,2,Two,,
DATAFLOW,OECD.ENV.EPI:DSD_AIR_GHG@DF_AIR_GHG(1.0),Air emissions - Greenhouse gas emissions Inventories,I,CAN,Canada,A,Annual,N2O,Nitrous oxide,_T,Total emissions excluding LULUCF,T_CO2E,Tonnes of CO2-equivalent,2022,,28236.543680837,,A,Normal value,3,Thousands,,,,,2,Two,,
DATAFLOW,OECD.ENV.EPI:DSD_AIR_GHG@DF_AIR_GHG(1.0),Air emissions - Greenhouse gas emissions Inventories,I,CHL,Chile,A,Annual,N2O,Nitrous oxide,_T,Total emissions excluding LULUCF,T_CO2E,Tonnes of CO2-equivalent,2022,,5141.43,,A,Normal value,3,Thousands,,,,,2,Two,,
DATAFLOW,OECD.ENV.EPI:DSD_AIR_GHG@DF_AIR_GHG(1.0),Air emissions - Greenhouse gas emissions Inventories,I,CZE,Czechia,A,Annual,N2O,Nitrous oxide,_T,Total emissions excluding LULUCF,T_CO2E,Tonnes of CO2-equivalent,2022,,3791.9723661601,,A,Normal value,3,Thousands,,,,,2,Two,,
DATAFLOW,OECD.ENV.EPI:DSD_AIR_GHG@DF_AIR_GHG(1.0),Air emissions - Greenhouse gas emissions Inventories,I,DNK,Denmark,A,Annual,N2O,Nitrous oxide,_T,Total emissions excluding LULUCF,T_CO2E,Tonnes of CO2-equivalent,2022,,5145.1678267224,,A,Normal value,3,Thousands,,,,,2,Two,,
DATAFLOW,OECD.ENV.EPI:DSD_AIR_GHG@DF_AIR_GHG(1.0),Air emissions - Greenhouse gas emissions Inventories,I,EST,Estonia,A,Annual,N2O,Nitrous oxide,_T,Total emissions excluding LULUCF,T_CO2E,Tonnes of CO2-equivalent,2022,,888.97405408388,,A,Normal value,3,Thousands,,,,,2,Two,,
DATAFLOW,OECD.ENV.EPI:DSD_AIR_GHG@DF_AIR_GHG(1.0),Air emissions - Greenhouse gas emissions Inventories,I,FIN,Finland,A,Annual,N2O,Nitrous oxide,_T,Total emissions excluding LULUCF,T_CO2E,Tonnes of CO2-equivalent,2022,,3983.771474894,,A,Normal value,3,Thousands,,,,,2,Two,,
DATAFLOW,OECD.ENV.EPI:DSD_AIR_GHG@DF_AIR_GHG(1.0),Air emissions - Greenhouse gas emissions Inventories,I,FRA,France,A,Annual,N2O,Nitrous oxide,_T,Total emissions excluding LULUCF,T_CO2E,Tonnes of CO2-equivalent,2022,,28690.965055704,,A,Normal value,3,Thousands,,,,,2,Two,,
DATAFLOW,OECD.ENV.EPI:DSD_AIR_GHG@DF_AIR_GHG(1.0),Air emissions - Greenhouse gas emissions Inventories,I,DEU,Germany,A,Annual,N2O,Nitrous oxide,_T,Total emissions excluding LULUCF,T_CO2E,Tonnes of CO2-equivalent,2022,,24094.67824975,,A,Normal value,3,Thousands,,,,,2,Two,,
DATAFLOW,OECD.ENV.EPI:DSD_AIR_GHG@DF_AIR_GHG(1.0),Air emissions - Greenhouse gas emissions Inventories,I,GRC,Greece,A,Annual,N2O,Nitrous oxide,_T,Total emissions excluding LULUCF,T_CO2E,Tonnes of CO2-equivalent,2022,,3745.307259121,,A,Normal value,3,Thousands,,,,,2,Two,,
DATAFLOW,OECD.ENV.EPI:DSD_AIR_GHG@DF_AIR_GHG(1.0),Air emissions - Greenhouse gas emissions Inventories,I,HUN,Hungary,A,Annual,N2O,Nitrous oxide,_T,Total emissions excluding LULUCF,T_CO2E,Tonnes of CO2-equivalent,2022,,3993.8535703663,,A,Normal value,3,Thousands,,,,,2,Two,,
DATAFLOW,OECD.ENV.EPI:DSD_AIR_GHG@DF_AIR_GHG(1.0),Air emissions - Greenhouse gas emissions Inventories,I,ISL,Iceland,A,Annual,N2O,Nitrous oxide,_T,Total emissions excluding LULUCF,T_CO2E,Tonnes of CO2-equivalent,2022,,364.35792445753,,A,Normal value,3,Thousands,,,,,2,Two,,
DATAFLOW,OECD.ENV.EPI:DSD_AIR_GHG@DF_AIR_GHG(1.0),Air emissions - Greenhouse gas emissions Inventories,I,IRL,Ireland,A,Annual,N2O,Nitrous oxide,_T,Total emissions excluding LULUCF,T_CO2E,Tonnes of CO2-equivalent,2022,,5458.7825775154,,A,Normal value,3,Thousands,,,,,2,Two,,
DATAFLOW,OECD.ENV.EPI:DSD_AIR_GHG@DF_AIR_GHG(1.0),Air emissions - Greenhouse gas emissions Inventories,I,ISR,Israel,A,Annual,N2O,Nitrous oxide,_T,Total emissions excluding LULUCF,T_CO2E,Tonnes of CO2-equivalent,2022,,1389.29,,A,Normal value,3,Thousands,,,,,2,Two,,
DATAFLOW,OECD.ENV.EPI:DSD_AIR_GHG@DF_AIR_GHG(1.0),Air emissions - Greenhouse gas emissions Inventories,I,ITA,Italy,A,Annual,N2O,Nitrous oxide,_T,Total emissions excluding LULUCF,T_CO2E,Tonnes of CO2-equivalent,2022,,13557.825988078,,A,Normal value,3,Thousands,,,,,2,Two,,
DATAFLOW,OECD.ENV.EPI:DSD_AIR_GHG@DF_AIR_GHG(1.0),Air emissions - Greenhouse gas emissions Inventories,I,JPN,Japan,A,Annual,N2O,Nitrous oxide,_T,Total emissions excluding LULUCF,T_CO2E,Tonnes of CO2-equivalent,2022,,16044.111753722,,A,Normal value,3,Thousands,,,,,2,Two,,
DATAFLOW,OECD.ENV.EPI:DSD_AIR_GHG@DF_AIR_GHG(1.0),Air emissions - Greenhouse gas emissions Inventories,I,KOR,Korea,A,Annual,N2O,Nitrous oxide,_T,Total emissions excluding LULUCF,T_CO2E,Tonnes of CO2-equivalent,2022,,10587.46,,A,Normal value,3,Thousands,,,,,2,Two,,
DATAFLOW,OECD.ENV.EPI:DSD_AIR_GHG@DF_AIR_GHG(1.0),Air emissions - Greenhouse gas emissions Inventories,I,LVA,Latvia,A,Annual,N2O,Nitrous oxide,_T,Total emissions excluding LULUCF,T_CO2E,Tonnes of CO2-equivalent,2022,,1266.9836573825,,A,Normal value,3,Thousands,,,,,2,Two,,
DATAFLOW,OECD.ENV.EPI:DSD_AIR_GHG@DF_AIR_GHG(1.0),Air emissions - Greenhouse gas emissions Inventories,I,LTU,Lithuania,A,Annual,N2O,Nitrous oxide,_T,Total emissions excluding LULUCF,T_CO2E,Tonnes of CO2-equivalent,2022,,1942.5013386455,,A,Normal value,3,Thousands,,,,,2,Two,,
DATAFLOW,OECD.ENV.EPI:DSD_AIR_GHG@DF_AIR_GHG(1.0),Air emissions - Greenhouse gas emissions Inventories,I,LUX,Luxembourg,A,Annual,N2O,Nitrous oxide,_T,Total emissions excluding LULUCF,T_CO2E,Tonnes of CO2-equivalent,2022,,313.58046305964,,A,Normal value,3,Thousands,,,,,2,Two,,
DATAFLOW,OECD.ENV.EPI:DSD_AIR_GHG@DF_AIR_GHG(1.0),Air emissions - Greenhouse gas emissions Inventories,I,MEX,Mexico,A,Annual,N2O,Nitrous oxide,_T,Total emissions excluding LULUCF,T_CO2E,Tonnes of CO2-equivalent,2022,,38735.33,,A,Normal value,3,Thousands,,,,,2,Two,,
DATAFLOW,OECD.ENV.EPI:DSD_AIR_GHG@DF_AIR_GHG(1.0),Air emissions - Greenhouse gas emissions Inventories,I,NLD,Netherlands,A,Annual,N2O,Nitrous oxide,_T,Total emissions excluding LULUCF,T_CO2E,Tonnes of CO2-equivalent,2022,,6618.9291685533,,A,Normal value,3,Thousands,,,,,2,Two,,
DATAFLOW,OECD.ENV.EPI:DSD_AIR_GHG@DF_AIR_GHG(1.0),Air emissions - Greenhouse gas emissions Inventories,I,NZL,New Zealand,A,Annual,N2O,Nitrous oxide,_T,Total emissions excluding LULUCF,T_CO2E,Tonnes of CO2-equivalent,2022,,6811.4162768374,,A,Normal value,3,Thousands,,,,,2,Two,,
DATAFLOW,OECD.ENV.EPI:DSD_AIR_GHG@DF_AIR_GHG(1.0),Air emissions - Greenhouse gas emissions Inventories,I,NOR,Norway,A,Annual,N2O,Nitrous oxide,_T,Total emissions excluding LULUCF,T_CO2E,Tonnes of CO2-equivalent,2022,,2257.1681428739,,A,Normal value,3,Thousands,,,,,2,Two,,
DATAFLOW,OECD.ENV.EPI:DSD_AIR_GHG@DF_AIR_GHG(1.0),Air emissions - Greenhouse gas emissions Inventories,I,POL,Poland,A,Annual,N2O,Nitrous oxide,_T,Total emissions excluding LULUCF,T_CO2E,Tonnes of CO2-equivalent,2022,,20437.173625539,,A,Normal value,3,Thousands,,,,,2,Two,,
DATAFLOW,OECD.ENV.EPI:DSD_AIR_GHG@DF_AIR_GHG(1.0),Air emissions - Greenhouse gas emissions Inventories,I,PRT,Portugal,A,Annual,N2O,Nitrous oxide,_T,Total emissions excluding LULUCF,T_CO2E,Tonnes of CO2-equivalent,2022,,3343.0484799745,,A,Normal value,3,Thousands,,,,,2,Two,,
DATAFLOW,OECD.ENV.EPI:DSD_AIR_GHG@DF_AIR_GHG(1.0),Air emissions - Greenhouse gas emissions Inventories,I,SVK,Slovak Republic,A,Annual,N2O,Nitrous oxide,_T,Total emissions excluding LULUCF,T_CO2E,Tonnes of CO2-equivalent,2022,,1438.3315177103,,A,Normal value,3,Thousands,,,,,2,Two,,
DATAFLOW,OECD.ENV.EPI:DSD_AIR_GHG@DF_AIR_GHG(1.0),Air emissions - Greenhouse gas emissions Inventories,I,SVN,Slovenia,A,Annual,N2O,Nitrous oxide,_T,Total emissions excluding LULUCF,T_CO2E,Tonnes of CO2-equivalent,2022,,745.98379719093,,A,Normal value,3,Thousands,,,,,2,Two,,
DATAFLOW,OECD.ENV.EPI:DSD_AIR_GHG@DF_AIR_GHG(1.0),Air emissions - Greenhouse gas emissions Inventories,I,ESP,Spain,A,Annual,N2O,Nitrous oxide,_T,Total emissions excluding LULUCF,T_CO2E,Tonnes of CO2-equivalent,2022,,12546.904869276,,A,Normal value,3,Thousands,,,,,2,Two,,
DATAFLOW,OECD.ENV.EPI:DSD_AIR_GHG@DF_AIR_GHG(1.0),Air emissions - Greenhouse gas emissions Inventories,I,SWE,Sweden,A,Annual,N2O,Nitrous oxide,_T,Total emissions excluding LULUCF,T_CO2E,Tonnes of CO2-equivalent,2022,,3497.64245282,,A,Normal value,3,Thousands,,,,,2,Two,,
DATAFLOW,OECD.ENV.EPI:DSD_AIR_GHG@DF_AIR_GHG(1.0),Air emissions - Greenhouse gas emissions Inventories,I,CHE,Switzerland,A,Annual,N2O,Nitrous oxide,_T,Total emissions excluding LULUCF,T_CO2E,Tonnes of CO2-equivalent,2022,,2537.422301956,,A,Normal value,3,Thousands,,,,,2,Two,,
DATAFLOW,OECD.ENV.EPI:DSD_AIR_GHG@DF_AIR_GHG(1.0),Air emissions - Greenhouse gas emissions Inventories,I,TUR,Türkiye,A,Annual,N2O,Nitrous oxide,_T,Total emissions excluding LULUCF,T_CO2E,Tonnes of CO2-equivalent,2022,,34240.265536434,,A,Normal value,3,Thousands,,,,,2,Two,,
DATAFLOW,OECD.ENV.EPI:DSD_AIR_GHG@DF_AIR_GHG(1.0),Air emissions - Greenhouse gas emissions Inventories,I,GBR,United Kingdom,A,Annual,N2O,Nitrous oxide,_T,Total emissions excluding LULUCF,T_CO2E,Tonnes of CO2-equivalent,2022,,20068.687047352,,A,Normal value,3,Thousands,,,,,2,Two,,
DATAFLOW,OECD.ENV.EPI:DSD_AIR_GHG@DF_AIR_GHG(1.0),Air emissions - Greenhouse gas emissions Inventories,I,USA,United States,A,Annual,N2O,Nitrous oxide,_T,Total emissions excluding LULUCF,T_CO2E,Tonnes of CO2-equivalent,2022,,389707.86,,A,Normal value,3,Thousands,,,,,2,Two,,
DATAFLOW,OECD.ENV.EPI:DSD_AIR_GHG@DF_AIR_GHG(1.0),Air emissions - Greenhouse gas emissions Inventories,I,EU27_2020,European Union (27 countries from 01/02/2020),A,Annual,N2O,Nitrous oxide,_T,Total emissions excluding LULUCF,T_CO2E,Tonnes of CO2-equivalent,2022,,179593.27206367,,A,Normal value,3,Thousands,,,,,2,Two,,
DATAFLOW,OECD.ENV.EPI:DSD_AIR_GHG@DF_AIR_GHG(1.0),Air emissions - Greenhouse gas emissions Inventories,I,DZA,Algeria,A,Annual,N2O,Nitrous oxide,_T,Total emissions excluding LULUCF,T_CO2E,Tonnes of CO2-equivalent,2022,,4130.0239887374,,A,Normal value,3,Thousands,,,,,2,Two,,
DATAFLOW,OECD.ENV.EPI:DSD_AIR_GHG@DF_AIR_GHG(1.0),Air emissions - Greenhouse gas emissions Inventories,I,ARG,Argentina,A,Annual,N2O,Nitrous oxide,_T,Total emissions excluding LULUCF,T_CO2E,Tonnes of CO2-equivalent,2022,,24287.939128602,,A,Normal value,3,Thousands,,,,,2,Two,,
DATAFLOW,OECD.ENV.EPI:DSD_AIR_GHG@DF_AIR_GHG(1.0),Air emissions - Greenhouse gas emissions Inventories,I,AZE,Azerbaijan,A,Annual,N2O,Nitrous oxide,_T,Total emissions excluding LULUCF,T_CO2E,Tonnes of CO2-equivalent,2022,,1397.6839983316,,A,Normal value,3,Thousands,,,,,2,Two,,
DATAFLOW,OECD.ENV.EPI:DSD_AIR_GHG@DF_AIR_GHG(1.0),Air emissions - Greenhouse gas emissions Inventories,I,BTN,Bhutan,A,Annual,N2O,Nitrous oxide,_T,Total emissions excluding LULUCF,T_CO2E,Tonnes of CO2-equivalent,2022,,24.388737967679,,A,Normal value,3,Thousands,,,,,2,Two,,
DATAFLOW,OECD.ENV.EPI:DSD_AIR_GHG@DF_AIR_GHG(1.0),Air emissions - Greenhouse gas emissions Inventories,I,BRA,Brazil,A,Annual,N2O,Nitrous oxide,_T,Total emissions excluding LULUCF,T_CO2E,Tonnes of CO2-equivalent,2022,,161506.53611811,,A,Normal value,3,Thousands,,,,,2,Two,,
DATAFLOW,OECD.ENV.EPI:DSD_AIR_GHG@DF_AIR_GHG(1.0),Air emissions - Greenhouse gas emissions Inventories,I,BRN,Brunei Darussalam,A,Annual,N2O,Nitrous oxide,_T,Total emissions excluding LULUCF,T_CO2E,Tonnes of CO2-equivalent,2022,,81.509683610412,,A,Normal value,3,Thousands,,,,,2,Two,,
DATAFLOW,OECD.ENV.EPI:DSD_AIR_GHG@DF_AIR_GHG(1.0),Air emissions - Greenhouse gas emissions Inventories,I,BGR,Bulgaria,A,Annual,N2O,Nitrous oxide,_T,Total emissions excluding LULUCF,T_CO2E,Tonnes of CO2-equivalent,2022,,4296.1017984593,,A,Normal value,3,Thousands,,,,,2,Two,,
DATAFLOW,OECD.ENV.EPI:DSD_AIR_GHG@DF_AIR_GHG(1.0),Air emissions - Greenhouse gas emissions Inventories,I,CIV,Côte d’Ivoire,A,Annual,N2O,Nitrous oxide,_T,Total emissions excluding LULUCF,T_CO2E,Tonnes of CO2-equivalent,2022,,1889.5971243784,,A,Normal value,3,Thousands,,,,,2,Two,,
DATAFLOW,OECD.ENV.EPI:DSD_AIR_GHG@DF_AIR_GHG(1.0),Air emissions - Greenhouse gas emissions Inventories,I,HRV,Croatia,A,Annual,N2O,Nitrous oxide,_T,Total emissions excluding LULUCF,T_CO2E,Tonnes of CO2-equivalent,2022,,1314.8494840431,,A,Normal value,3,Thousands,,,,,2,Two,,
DATAFLOW,OECD.ENV.EPI:DSD_AIR_GHG@DF_AIR_GHG(1.0),Air emissions - Greenhouse gas emissions Inventories,I,CUB,Cuba,A,Annual,N2O,Nitrous oxide,_T,Total emissions excluding LULUCF,T_CO2E,Tonnes of CO2-equivalent,2022,,4995.3285796159,,A,Normal value,3,Thousands,,,,,2,Two,,
DATAFLOW,OECD.ENV.EPI:DSD_AIR_GHG@DF_AIR_GHG(1.0),Air emissions - Greenhouse gas emissions Inventories,I,CYP,Cyprus,A,Annual,N2O,Nitrous oxide,_T,Total emissions excluding LULUCF,T_CO2E,Tonnes of CO2-equivalent,2022,,175.79303199603,,A,Normal value,3,Thousands,,,,,2,Two,,
DATAFLOW,OECD.ENV.EPI:DSD_AIR_GHG@DF_AIR_GHG(1.0),Air emissions - Greenhouse gas emissions Inventories,I,EGY,Egypt,A,Annual,N2O,Nitrous oxide,_T,Total emissions excluding LULUCF,T_CO2E,Tonnes of CO2-equivalent,2022,,28403.97259416,,A,Normal value,3,Thousands,,,,,2,Two,,
DATAFLOW,OECD.ENV.EPI:DSD_AIR_GHG@DF_AIR_GHG(1.0),Air emissions - Greenhouse gas emissions Inventories,I,GEO,Georgia,A,Annual,N2O,Nitrous oxide,_T,Total emissions excluding LULUCF,T_CO2E,Tonnes of CO2-equivalent,2022,,882.80520519143,,A,Normal value,3,Thousands,,,,,2,Two,,
DATAFLOW,OECD.ENV.EPI:DSD_AIR_GHG@DF_AIR_GHG(1.0),Air emissions - Greenhouse gas emissions Inventories,I,GHA,Ghana,A,Annual,N2O,Nitrous oxide,_T,Total emissions excluding LULUCF,T_CO2E,Tonnes of CO2-equivalent,2022,,7340.0283877936,,A,Normal value,3,Thousands,,,,,2,Two,,
DATAFLOW,OECD.ENV.EPI:DSD_AIR_GHG@DF_AIR_GHG(1.0),Air emissions - Greenhouse gas emissions Inventories,I,GTM,Guatemala,A,Annual,N2O,Nitrous oxide,_T,Total emissions excluding LULUCF,T_CO2E,Tonnes of CO2-equivalent,2022,,2119.3883887481,,A,Normal value,3,Thousands,,,,,2,Two,,
DATAFLOW,OECD.ENV.EPI:DSD_AIR_GHG@DF_AIR_GHG(1.0),Air emissions - Greenhouse gas emissions Inventories,I,GNB,Guinea-Bissau,A,Annual,N2O,Nitrous oxide,_T,Total emissions excluding LULUCF,T_CO2E,Tonnes of CO2-equivalent,2022,,68.645532865267,,A,Normal value,3,Thousands,,,,,2,Two,,
DATAFLOW,OECD.ENV.EPI:DSD_AIR_GHG@DF_AIR_GHG(1.0),Air emissions - Greenhouse gas emissions Inventories,I,GUY,Guyana,A,Annual,N2O,Nitrous oxide,_T,Total emissions excluding LULUCF,T_CO2E,Tonnes of CO2-equivalent,2022,,509.31429389379,,A,Normal value,3,Thousands,,,,,2,Two,,
DATAFLOW,OECD.ENV.EPI:DSD_AIR_GHG@DF_AIR_GHG(1.0),Air emissions - Greenhouse gas emissions Inventories,I,VAT,Holy See,A,Annual,N2O,Nitrous oxide,_T,Total emissions excluding LULUCF,T_CO2E,Tonnes of CO2-equivalent,2022,,0.07658987780402,,A,Normal value,3,Thousands,,,,,2,Two,,
DATAFLOW,OECD.ENV.EPI:DSD_AIR_GHG@DF_AIR_GHG(1.0),Air emissions - Greenhouse gas emissions Inventories,I,IND,India,A,Annual,N2O,Nitrous oxide,_T,Total emissions excluding LULUCF,T_CO2E,Tonnes of CO2-equivalent,2022,,124655.47191351,,A,Normal value,3,Thousands,,,,,2,Two,,
DATAFLOW,OECD.ENV.EPI:DSD_AIR_GHG@DF_AIR_GHG(1.0),Air emissions - Greenhouse gas emissions Inventories,I,IDN,Indonesia,A,Annual,N2O,Nitrous oxide,_T,Total emissions excluding LULUCF,T_CO2E,Tonnes of CO2-equivalent,2022,,51732.420643107,,A,Normal value,3,Thousands,,,,,2,Two,,
DATAFLOW,OECD.ENV.EPI:DSD_AIR_GHG@DF_AIR_GHG(1.0),Air emissions - Greenhouse gas emissions Inventories,I,KAZ,Kazakhstan,A,Annual,N2O,Nitrous oxide,_T,Total emissions excluding LULUCF,T_CO2E,Tonnes of CO2-equivalent,2022,,13933.663621738,,A,Normal value,3,Thousands,,,,,2,Two,,
DATAFLOW,OECD.ENV.EPI:DSD_AIR_GHG@DF_AIR_GHG(1.0),Air emissions - Greenhouse gas emissions Inventories,I,KEN,Kenya,A,Annual,N2O,Nitrous oxide,_T,Total emissions excluding LULUCF,T_CO2E,Tonnes of CO2-equivalent,2022,,4046.4480837043,,A,Normal value,3,Thousands,,,,,2,Two,,
DATAFLOW,OECD.ENV.EPI:DSD_AIR_GHG@DF_AIR_GHG(1.0),Air emissions - Greenhouse gas emissions Inventories,I,LBN,Lebanon,A,Annual,N2O,Nitrous oxide,_T,Total emissions excluding LULUCF,T_CO2E,Tonnes of CO2-equivalent,2022,,544.69573729887,,A,Normal value,3,Thousands,,,,,2,Two,,
DATAFLOW,OECD.ENV.EPI:DSD_AIR_GHG@DF_AIR_GHG(1.0),Air emissions - Greenhouse gas emissions Inventories,I,LIE,Liechtenstein,A,Annual,N2O,Nitrous oxide,_T,Total emissions excluding LULUCF,T_CO2E,Tonnes of CO2-equivalent,2022,,7.2929275074129,,A,Normal value,3,Thousands,,,,,2,Two,,
DATAFLOW,OECD.ENV.EPI:DSD_AIR_GHG@DF_AIR_GHG(1.0),Air emissions - Greenhouse gas emissions Inventories,I,MDV,Maldives,A,Annual,N2O,Nitrous oxide,_T,Total emissions excluding LULUCF,T_CO2E,Tonnes of CO2-equivalent,2022,,21.328933904573,,A,Normal value,3,Thousands,,,,,2,Two,,
DATAFLOW,OECD.ENV.EPI:DSD_AIR_GHG@DF_AIR_GHG(1.0),Air emissions - Greenhouse gas emissions Inventories,I,MLT,Malta,A,Annual,N2O,Nitrous oxide,_T,Total emissions excluding LULUCF,T_CO2E,Tonnes of CO2-equivalent,2022,,42.901959981897,,A,Normal value,3,Thousands,,,,,2,Two,,
DATAFLOW,OECD.ENV.EPI:DSD_AIR_GHG@DF_AIR_GHG(1.0),Air emissions - Greenhouse gas emissions Inventories,I,MUS,Mauritius,A,Annual,N2O,Nitrous oxide,_T,Total emissions excluding LULUCF,T_CO2E,Tonnes of CO2-equivalent,2022,,101.54213909125,,A,Normal value,3,Thousands,,,,,2,Two,,
DATAFLOW,OECD.ENV.EPI:DSD_AIR_GHG@DF_AIR_GHG(1.0),Air emissions - Greenhouse gas emissions Inventories,I,MDA,Moldova,A,Annual,N2O,Nitrous oxide,_T,Total emissions excluding LULUCF,T_CO2E,Tonnes of CO2-equivalent,2022,,1024.0977091494,,A,Normal value,3,Thousands,,,,,2,Two,,
DATAFLOW,OECD.ENV.EPI:DSD_AIR_GHG@DF_AIR_GHG(1.0),Air emissions - Greenhouse gas emissions Inventories,I,MCO,Monaco,A,Annual,N2O,Nitrous oxide,_T,Total emissions excluding LULUCF,T_CO2E,Tonnes of CO2-equivalent,2022,,2.2615175837219,,A,Normal value,3,Thousands,,,,,2,Two,,
DATAFLOW,OECD.ENV.EPI:DSD_AIR_GHG@DF_AIR_GHG(1.0),Air emissions - Greenhouse gas emissions Inventories,I,MAR,Morocco,A,Annual,N2O,Nitrous oxide,_T,Total emissions excluding LULUCF,T_CO2E,Tonnes of CO2-equivalent,2022,,10185.220415304,,A,Normal value,3,Thousands,,,,,2,Two,,
DATAFLOW,OECD.ENV.EPI:DSD_AIR_GHG@DF_AIR_GHG(1.0),Air emissions - Greenhouse gas emissions Inventories,I,NAM,Namibia,A,Annual,N2O,Nitrous oxide,_T,Total emissions excluding LULUCF,T_CO2E,Tonnes of CO2-equivalent,2022,,2265.5874541743,,A,Normal value,3,Thousands,,,,,2,Two,,
DATAFLOW,OECD.ENV.EPI:DSD_AIR_GHG@DF_AIR_GHG(1.0),Air emissions - Greenhouse gas emissions Inventories,I,NPL,Nepal,A,Annual,N2O,Nitrous oxide,_T,Total emissions excluding LULUCF,T_CO2E,Tonnes of CO2-equivalent,2022,,5065.4848413058,,A,Normal value,3,Thousands,,,,,2,Two,,
DATAFLOW,OECD.ENV.EPI:DSD_AIR_GHG@DF_AIR_GHG(1.0),Air emissions - Greenhouse gas emissions Inventories,I,NGA,Nigeria,A,Annual,N2O,Nitrous oxide,_T,Total emissions excluding LULUCF,T_CO2E,Tonnes of CO2-equivalent,2022,,31444.172773539,,A,Normal value,3,Thousands,,,,,2,Two,,
DATAFLOW,OECD.ENV.EPI:DSD_AIR_GHG@DF_AIR_GHG(1.0),Air emissions - Greenhouse gas emissions Inventories,I,ROU,Romania,A,Annual,N2O,Nitrous oxide,_T,Total emissions excluding LULUCF,T_CO2E,Tonnes of CO2-equivalent,2022,,8767.6117973391,,A,Normal value,3,Thousands,,,,,2,Two,,
DATAFLOW,OECD.ENV.EPI:DSD_AIR_GHG@DF_AIR_GHG(1.0),Air emissions - Greenhouse gas emissions Inventories,I,RWA,Rwanda,A,Annual,N2O,Nitrous oxide,_T,Total emissions excluding LULUCF,T_CO2E,Tonnes of CO2-equivalent,2022,,1473.7652788408,,A,Normal value,3,Thousands,,,,,2,Two,,
DATAFLOW,OECD.ENV.EPI:DSD_AIR_GHG@DF_AIR_GHG(1.0),Air emissions - Greenhouse gas emissions Inventories,I,SRB,Serbia,A,Annual,N2O,Nitrous oxide,_T,Total emissions excluding LULUCF,T_CO2E,Tonnes of CO2-equivalent,2022,,2670.620043429,,A,Normal value,3,Thousands,,,,,2,Two,,
DATAFLOW,OECD.ENV.EPI:DSD_AIR_GHG@DF_AIR_GHG(1.0),Air emissions - Greenhouse gas emissions Inventories,I,SGP,Singapore,A,Annual,N2O,Nitrous oxide,_T,Total emissions excluding LULUCF,T_CO2E,Tonnes of CO2-equivalent,2022,,589.70188088873,,A,Normal value,3,Thousands,,,,,2,Two,,
DATAFLOW,OECD.ENV.EPI:DSD_AIR_GHG@DF_AIR_GHG(1.0),Air emissions - Greenhouse gas emissions Inventories,I,SLB,Solomon Islands,A,Annual,N2O,Nitrous oxide,_T,Total emissions excluding LULUCF,T_CO2E,Tonnes of CO2-equivalent,2022,,45.109194982303,,A,Normal value,3,Thousands,,,,,2,Two,,
DATAFLOW,OECD.ENV.EPI:DSD_AIR_GHG@DF_AIR_GHG(1.0),Air emissions - Greenhouse gas emissions Inventories,I,ZAF,South Africa,A,Annual,N2O,Nitrous oxide,_T,Total emissions excluding LULUCF,T_CO2E,Tonnes of CO2-equivalent,2022,,16743.627274596,,A,Normal value,3,Thousands,,,,,2,Two,,
DATAFLOW,OECD.ENV.EPI:DSD_AIR_GHG@DF_AIR_GHG(1.0),Air emissions - Greenhouse gas emissions Inventories,I,THA,Thailand,A,Annual,N2O,Nitrous oxide,_T,Total emissions excluding LULUCF,T_CO2E,Tonnes of CO2-equivalent,2022,,14654.674156685,,A,Normal value,3,Thousands,,,,,2,Two,,
DATAFLOW,OECD.ENV.EPI:DSD_AIR_GHG@DF_AIR_GHG(1.0),Air emissions - Greenhouse gas emissions Inventories,I,UKR,Ukraine,A,Annual,N2O,Nitrous oxide,_T,Total emissions excluding LULUCF,T_CO2E,Tonnes of CO2-equivalent,2022,,26874.829199761,,A,Normal value,3,Thousands,,,,,2,Two,,
DATAFLOW,OECD.ENV.EPI:DSD_AIR_GHG@DF_AIR_GHG(1.0),Air emissions - Greenhouse gas emissions Inventories,I,URY,Uruguay,A,Annual,N2O,Nitrous oxide,_T,Total emissions excluding LULUCF,T_CO2E,Tonnes of CO2-equivalent,2022,,7677.6766267175,,A,Normal value,3,Thousands,,,,,2,Two,,
DATAFLOW,OECD.ENV.EPI:DSD_AIR_GHG@DF_AIR_GHG(1.0),Air emissions - Greenhouse gas emissions Inventories,I,UZB,Uzbekistan,A,Annual,N2O,Nitrous oxide,_T,Total emissions excluding LULUCF,T_CO2E,Tonnes of CO2-equivalent,2022,,12742.400033478,,A,Normal value,3,Thousands,,,,,2,Two,,
DATAFLOW,OECD.ENV.EPI:DSD_AIR_GHG@DF_AIR_GHG(1.0),Air emissions - Greenhouse gas emissions Inventories,I,VEN,Venezuela,A,Annual,N2O,Nitrous oxide,_T,Total emissions excluding LULUCF,T_CO2E,Tonnes of CO2-equivalent,2022,,2792.9915544497,,A,Normal value,3,Thousands,,,,,2,Two,,
DATAFLOW,OECD.ENV.EPI:DSD_AIR_GHG@DF_AIR_GHG(1.0),Air emissions - Greenhouse gas emissions Inventories,I,ZWE,Zimbabwe,A,Annual,N2O,Nitrous oxide,_T,Total emissions excluding LULUCF,T_CO2E,Tonnes of CO2-equivalent,2022,,2747.565873782,,A,Normal value,3,Thousands,,,,,2,Two,,
DATAFLOW,OECD.ENV.EPI:DSD_AIR_GHG@DF_AIR_GHG(1.0),Air emissions - Greenhouse gas emissions Inventories,I,AUS,Australia,A,Annual,N2O,Nitrous oxide,_T,Total emissions excluding LULUCF,T_CO2E,Tonnes of CO2-equivalent,2016,,14088.24210513,,A,Normal value,3,Thousands,,,,,2,Two,,
DATAFLOW,OECD.ENV.EPI:DSD_AIR_GHG@DF_AIR_GHG(1.0),Air emissions - Greenhouse gas emissions Inventories,I,AUT,Austria,A,Annual,N2O,Nitrous oxide,_T,Total emissions excluding LULUCF,T_CO2E,Tonnes of CO2-equivalent,2016,,3563.2030382919,,A,Normal value,3,Thousands,,,,,2,Two,,
DATAFLOW,OECD.ENV.EPI:DSD_AIR_GHG@DF_AIR_GHG(1.0),Air emissions - Greenhouse gas emissions Inventories,I,BEL,Belgium,A,Annual,N2O,Nitrous oxide,_T,Total emissions excluding LULUCF,T_CO2E,Tonnes of CO2-equivalent,2016,,4756.8126466523,,A,Normal value,3,Thousands,,,,,2,Two,,
DATAFLOW,OECD.ENV.EPI:DSD_AIR_GHG@DF_AIR_GHG(1.0),Air emissions - Greenhouse gas emissions Inventories,I,CAN,Canada,A,Annual,N2O,Nitrous oxide,_T,Total emissions excluding LULUCF,T_CO2E,Tonnes of CO2-equivalent,2016,,26887.599797027,,A,Normal value,3,Thousands,,,,,2,Two,,
DATAFLOW,OECD.ENV.EPI:DSD_AIR_GHG@DF_AIR_GHG(1.0),Air emissions - Greenhouse gas emissions Inventories,I,CHL,Chile,A,Annual,N2O,Nitrous oxide,_T,Total emissions excluding LULUCF,T_CO2E,Tonnes of CO2-equivalent,2016,,5276.79,,A,Normal value,3,Thousands,,,,,2,Two,,
DATAFLOW,OECD.ENV.EPI:DSD_AIR_GHG@DF_AIR_GHG(1.0),Air emissions - Greenhouse gas emissions Inventories,I,COL,Colombia,A,Annual,N2O,Nitrous oxide,_T,Total emissions excluding LULUCF,T_CO2E,Tonnes of CO2-equivalent,2016,,12416.53,,A,Normal value,3,Thousands,,,,,2,Two,,
DATAFLOW,OECD.ENV.EPI:DSD_AIR_GHG@DF_AIR_GHG(1.0),Air emissions - Greenhouse gas emissions Inventories,I,CRI,Costa Rica,A,Annual,N2O,Nitrous oxide,_T,Total emissions excluding LULUCF,T_CO2E,Tonnes of CO2-equivalent,2016,,838.53,,A,Normal value,3,Thousands,,,,,2,Two,,
DATAFLOW,OECD.ENV.EPI:DSD_AIR_GHG@DF_AIR_GHG(1.0),Air emissions - Greenhouse gas emissions Inventories,I,CZE,Czechia,A,Annual,N2O,Nitrous oxide,_T,Total emissions excluding LULUCF,T_CO2E,Tonnes of CO2-equivalent,2016,,4489.2529646952,,A,Normal value,3,Thousands,,,,,2,Two,,
DATAFLOW,OECD.ENV.EPI:DSD_AIR_GHG@DF_AIR_GHG(1.0),Air emissions - Greenhouse gas emissions Inventories,I,DNK,Denmark,A,Annual,N2O,Nitrous oxide,_T,Total emissions excluding LULUCF,T_CO2E,Tonnes of CO2-equivalent,2016,,5545.9765792813,,A,Normal value,3,Thousands,,,,,2,Two,,
DATAFLOW,OECD.ENV.EPI:DSD_AIR_GHG@DF_AIR_GHG(1.0),Air emissions - Greenhouse gas emissions Inventories,I,EST,Estonia,A,Annual,N2O,Nitrous oxide,_T,Total emissions excluding LULUCF,T_CO2E,Tonnes of CO2-equivalent,2016,,739.18176731427,,A,Normal value,3,Thousands,,,,,2,Two,,
DATAFLOW,OECD.ENV.EPI:DSD_AIR_GHG@DF_AIR_GHG(1.0),Air emissions - Greenhouse gas emissions Inventories,I,FIN,Finland,A,Annual,N2O,Nitrous oxide,_T,Total emissions excluding LULUCF,T_CO2E,Tonnes of CO2-equivalent,2016,,4236.4270728209,,A,Normal value,3,Thousands,,,,,2,Two,,
DATAFLOW,OECD.ENV.EPI:DSD_AIR_GHG@DF_AIR_GHG(1.0),Air emissions - Greenhouse gas emissions Inventories,I,FRA,France,A,Annual,N2O,Nitrous oxide,_T,Total emissions excluding LULUCF,T_CO2E,Tonnes of CO2-equivalent,2016,,31089.79923891,,A,Normal value,3,Thousands,,,,,2,Two,,
DATAFLOW,OECD.ENV.EPI:DSD_AIR_GHG@DF_AIR_GHG(1.0),Air emissions - Greenhouse gas emissions Inventories,I,DEU,Germany,A,Annual,N2O,Nitrous oxide,_T,Total emissions excluding LULUCF,T_CO2E,Tonnes of CO2-equivalent,2016,,29077.15731675,,A,Normal value,3,Thousands,,,,,2,Two,,
DATAFLOW,OECD.ENV.EPI:DSD_AIR_GHG@DF_AIR_GHG(1.0),Air emissions - Greenhouse gas emissions Inventories,I,GRC,Greece,A,Annual,N2O,Nitrous oxide,_T,Total emissions excluding LULUCF,T_CO2E,Tonnes of CO2-equivalent,2016,,3952.1369698311,,A,Normal value,3,Thousands,,,,,2,Two,,
DATAFLOW,OECD.ENV.EPI:DSD_AIR_GHG@DF_AIR_GHG(1.0),Air emissions - Greenhouse gas emissions Inventories,I,HUN,Hungary,A,Annual,N2O,Nitrous oxide,_T,Total emissions excluding LULUCF,T_CO2E,Tonnes of CO2-equivalent,2016,,4532.0412508555,,A,Normal value,3,Thousands,,,,,2,Two,,
DATAFLOW,OECD.ENV.EPI:DSD_AIR_GHG@DF_AIR_GHG(1.0),Air emissions - Greenhouse gas emissions Inventories,I,ISL,Iceland,A,Annual,N2O,Nitrous oxide,_T,Total emissions excluding LULUCF,T_CO2E,Tonnes of CO2-equivalent,2016,,372.01330656743,,A,Normal value,3,Thousands,,,,,2,Two,,
DATAFLOW,OECD.ENV.EPI:DSD_AIR_GHG@DF_AIR_GHG(1.0),Air emissions - Greenhouse gas emissions Inventories,I,IRL,Ireland,A,Annual,N2O,Nitrous oxide,_T,Total emissions excluding LULUCF,T_CO2E,Tonnes of CO2-equivalent,2016,,5344.7804766347,,A,Normal value,3,Thousands,,,,,2,Two,,
DATAFLOW,OECD.ENV.EPI:DSD_AIR_GHG@DF_AIR_GHG(1.0),Air emissions - Greenhouse gas emissions Inventories,I,ISR,Israel,A,Annual,N2O,Nitrous oxide,_T,Total emissions excluding LULUCF,T_CO2E,Tonnes of CO2-equivalent,2016,,1525.54,,A,Normal value,3,Thousands,,,,,2,Two,,
DATAFLOW,OECD.ENV.EPI:DSD_AIR_GHG@DF_AIR_GHG(1.0),Air emissions - Greenhouse gas emissions Inventories,I,ITA,Italy,A,Annual,N2O,Nitrous oxide,_T,Total emissions excluding LULUCF,T_CO2E,Tonnes of CO2-equivalent,2016,,15645.844673494,,A,Normal value,3,Thousands,,,,,2,Two,,
DATAFLOW,OECD.ENV.EPI:DSD_AIR_GHG@DF_AIR_GHG(1.0),Air emissions - Greenhouse gas emissions Inventories,I,JPN,Japan,A,Annual,N2O,Nitrous oxide,_T,Total emissions excluding LULUCF,T_CO2E,Tonnes of CO2-equivalent,2016,,18359.78330777,,A,Normal value,3,Thousands,,,,,2,Two,,
DATAFLOW,OECD.ENV.EPI:DSD_AIR_GHG@DF_AIR_GHG(1.0),Air emissions - Greenhouse gas emissions Inventories,I,KOR,Korea,A,Annual,N2O,Nitrous oxide,_T,Total emissions excluding LULUCF,T_CO2E,Tonnes of CO2-equivalent,2016,,10196.03,,A,Normal value,3,Thousands,,,,,2,Two,,
DATAFLOW,OECD.ENV.EPI:DSD_AIR_GHG@DF_AIR_GHG(1.0),Air emissions - Greenhouse gas emissions Inventories,I,LVA,Latvia,A,Annual,N2O,Nitrous oxide,_T,Total emissions excluding LULUCF,T_CO2E,Tonnes of CO2-equivalent,2016,,1145.1149248289,,A,Normal value,3,Thousands,,,,,2,Two,,
DATAFLOW,OECD.ENV.EPI:DSD_AIR_GHG@DF_AIR_GHG(1.0),Air emissions - Greenhouse gas emissions Inventories,I,LTU,Lithuania,A,Annual,N2O,Nitrous oxide,_T,Total emissions excluding LULUCF,T_CO2E,Tonnes of CO2-equivalent,2016,,2274.6968969499,,A,Normal value,3,Thousands,,,,,2,Two,,
DATAFLOW,OECD.ENV.EPI:DSD_AIR_GHG@DF_AIR_GHG(1.0),Air emissions - Greenhouse gas emissions Inventories,I,LUX,Luxembourg,A,Annual,N2O,Nitrous oxide,_T,Total emissions excluding LULUCF,T_CO2E,Tonnes of CO2-equivalent,2016,,338.71782840566,,A,Normal value,3,Thousands,,,,,2,Two,,
DATAFLOW,OECD.ENV.EPI:DSD_AIR_GHG@DF_AIR_GHG(1.0),Air emissions - Greenhouse gas emissions Inventories,I,MEX,Mexico,A,Annual,N2O,Nitrous oxide,_T,Total emissions excluding LULUCF,T_CO2E,Tonnes of CO2-equivalent,2016,,35384.5,,A,Normal value,3,Thousands,,,,,2,Two,,
DATAFLOW,OECD.ENV.EPI:DSD_AIR_GHG@DF_AIR_GHG(1.0),Air emissions - Greenhouse gas emissions Inventories,I,NLD,Netherlands,A,Annual,N2O,Nitrous oxide,_T,Total emissions excluding LULUCF,T_CO2E,Tonnes of CO2-equivalent,2016,,7709.7821162558,,A,Normal value,3,Thousands,,,,,2,Two,,
DATAFLOW,OECD.ENV.EPI:DSD_AIR_GHG@DF_AIR_GHG(1.0),Air emissions - Greenhouse gas emissions Inventories,I,NZL,New Zealand,A,Annual,N2O,Nitrous oxide,_T,Total emissions excluding LULUCF,T_CO2E,Tonnes of CO2-equivalent,2016,,6904.6134564212,,A,Normal value,3,Thousands,,,,,2,Two,,
DATAFLOW,OECD.ENV.EPI:DSD_AIR_GHG@DF_AIR_GHG(1.0),Air emissions - Greenhouse gas emissions Inventories,I,NOR,Norway,A,Annual,N2O,Nitrous oxide,_T,Total emissions excluding LULUCF,T_CO2E,Tonnes of CO2-equivalent,2016,,2316.9532701067,,A,Normal value,3,Thousands,,,,,2,Two,,
DATAFLOW,OECD.ENV.EPI:DSD_AIR_GHG@DF_AIR_GHG(1.0),Air emissions - Greenhouse gas emissions Inventories,I,POL,Poland,A,Annual,N2O,Nitrous oxide,_T,Total emissions excluding LULUCF,T_CO2E,Tonnes of CO2-equivalent,2016,,19798.49187191,,A,Normal value,3,Thousands,,,,,2,Two,,
DATAFLOW,OECD.ENV.EPI:DSD_AIR_GHG@DF_AIR_GHG(1.0),Air emissions - Greenhouse gas emissions Inventories,I,PRT,Portugal,A,Annual,N2O,Nitrous oxide,_T,Total emissions excluding LULUCF,T_CO2E,Tonnes of CO2-equivalent,2016,,3347.4314845264,,A,Normal value,3,Thousands,,,,,2,Two,,
DATAFLOW,OECD.ENV.EPI:DSD_AIR_GHG@DF_AIR_GHG(1.0),Air emissions - Greenhouse gas emissions Inventories,I,SVK,Slovak Republic,A,Annual,N2O,Nitrous oxide,_T,Total emissions excluding LULUCF,T_CO2E,Tonnes of CO2-equivalent,2016,,1979.1267802377,,A,Normal value,3,Thousands,,,,,2,Two,,
DATAFLOW,OECD.ENV.EPI:DSD_AIR_GHG@DF_AIR_GHG(1.0),Air emissions - Greenhouse gas emissions Inventories,I,SVN,Slovenia,A,Annual,N2O,Nitrous oxide,_T,Total emissions excluding LULUCF,T_CO2E,Tonnes of CO2-equivalent,2016,,712.38828421114,,A,Normal value,3,Thousands,,,,,2,Two,,
DATAFLOW,OECD.ENV.EPI:DSD_AIR_GHG@DF_AIR_GHG(1.0),Air emissions - Greenhouse gas emissions Inventories,I,ESP,Spain,A,Annual,N2O,Nitrous oxide,_T,Total emissions excluding LULUCF,T_CO2E,Tonnes of CO2-equivalent,2016,,13225.364400919,,A,Normal value,3,Thousands,,,,,2,Two,,
DATAFLOW,OECD.ENV.EPI:DSD_AIR_GHG@DF_AIR_GHG(1.0),Air emissions - Greenhouse gas emissions Inventories,I,SWE,Sweden,A,Annual,N2O,Nitrous oxide,_T,Total emissions excluding LULUCF,T_CO2E,Tonnes of CO2-equivalent,2016,,3546.6807946431,,A,Normal value,3,Thousands,,,,,2,Two,,
DATAFLOW,OECD.ENV.EPI:DSD_AIR_GHG@DF_AIR_GHG(1.0),Air emissions - Greenhouse gas emissions Inventories,I,CHE,Switzerland,A,Annual,N2O,Nitrous oxide,_T,Total emissions excluding LULUCF,T_CO2E,Tonnes of CO2-equivalent,2016,,3226.5181360457,,A,Normal value,3,Thousands,,,,,2,Two,,
DATAFLOW,OECD.ENV.EPI:DSD_AIR_GHG@DF_AIR_GHG(1.0),Air emissions - Greenhouse gas emissions Inventories,I,TUR,Türkiye,A,Annual,N2O,Nitrous oxide,_T,Total emissions excluding LULUCF,T_CO2E,Tonnes of CO2-equivalent,2016,,30529.998553415,,A,Normal value,3,Thousands,,,,,2,Two,,
DATAFLOW,OECD.ENV.EPI:DSD_AIR_GHG@DF_AIR_GHG(1.0),Air emissions - Greenhouse gas emissions Inventories,I,GBR,United Kingdom,A,Annual,N2O,Nitrous oxide,_T,Total emissions excluding LULUCF,T_CO2E,Tonnes of CO2-equivalent,2016,,21214.633542866,,A,Normal value,3,Thousands,,,,,2,Two,,
DATAFLOW,OECD.ENV.EPI:DSD_AIR_GHG@DF_AIR_GHG(1.0),Air emissions - Greenhouse gas emissions Inventories,I,USA,United States,A,Annual,N2O,Nitrous oxide,_T,Total emissions excluding LULUCF,T_CO2E,Tonnes of CO2-equivalent,2016,,413408.29,,A,Normal value,3,Thousands,,,,,2,Two,,
DATAFLOW,OECD.ENV.EPI:DSD_AIR_GHG@DF_AIR_GHG(1.0),Air emissions - Greenhouse gas emissions Inventories,I,EU27_2020,European Union (27 countries from 01/02/2020),A,Annual,N2O,Nitrous oxide,_T,Total emissions excluding LULUCF,T_CO2E,Tonnes of CO2-equivalent,2016,,193306.03359019,,A,Normal value,3,Thousands,,,,,2,Two,,
DATAFLOW,OECD.ENV.EPI:DSD_AIR_GHG@DF_AIR_GHG(1.0),Air emissions - Greenhouse gas emissions Inventories,I,DZA,Algeria,A,Annual,N2O,Nitrous oxide,_T,Total emissions excluding LULUCF,T_CO2E,Tonnes of CO2-equivalent,2016,,4831.2415353976,,A,Normal value,3,Thousands,,,,,2,Two,,
DATAFLOW,OECD.ENV.EPI:DSD_AIR_GHG@DF_AIR_GHG(1.0),Air emissions - Greenhouse gas emissions Inventories,I,ARG,Argentina,A,Annual,N2O,Nitrous oxide,_T,Total emissions excluding LULUCF,T_CO2E,Tonnes of CO2-equivalent,2016,,21241.990861642,,A,Normal value,3,Thousands,,,,,2,Two,,
DATAFLOW,OECD.ENV.EPI:DSD_AIR_GHG@DF_AIR_GHG(1.0),Air emissions - Greenhouse gas emissions Inventories,I,BRA,Brazil,A,Annual,N2O,Nitrous oxide,_T,Total emissions excluding LULUCF,T_CO2E,Tonnes of CO2-equivalent,2016,,147077.85340345,,A,Normal value,3,Thousands,,,,,2,Two,,
DATAFLOW,OECD.ENV.EPI:DSD_AIR_GHG@DF_AIR_GHG(1.0),Air emissions - Greenhouse gas emissions Inventories,I,BRN,Brunei Darussalam,A,Annual,N2O,Nitrous oxide,_T,Total emissions excluding LULUCF,T_CO2E,Tonnes of CO2-equivalent,2016,,53.412744754791,,A,Normal value,3,Thousands,,,,,2,Two,,
DATAFLOW,OECD.ENV.EPI:DSD_AIR_GHG@DF_AIR_GHG(1.0),Air emissions - Greenhouse gas emissions Inventories,I,BGR,Bulgaria,A,Annual,N2O,Nitrous oxide,_T,Total emissions excluding LULUCF,T_CO2E,Tonnes of CO2-equivalent,2016,,4513.7738167094,,A,Normal value,3,Thousands,,,,,2,Two,,
DATAFLOW,OECD.ENV.EPI:DSD_AIR_GHG@DF_AIR_GHG(1.0),Air emissions - Greenhouse gas emissions Inventories,I,CIV,Côte d’Ivoire,A,Annual,N2O,Nitrous oxide,_T,Total emissions excluding LULUCF,T_CO2E,Tonnes of CO2-equivalent,2016,,1296.171542592,,A,Normal value,3,Thousands,,,,,2,Two,,
DATAFLOW,OECD.ENV.EPI:DSD_AIR_GHG@DF_AIR_GHG(1.0),Air emissions - Greenhouse gas emissions Inventories,I,HRV,Croatia,A,Annual,N2O,Nitrous oxide,_T,Total emissions excluding LULUCF,T_CO2E,Tonnes of CO2-equivalent,2016,,1342.7866101266,,A,Normal value,3,Thousands,,,,,2,Two,,
DATAFLOW,OECD.ENV.EPI:DSD_AIR_GHG@DF_AIR_GHG(1.0),Air emissions - Greenhouse gas emissions Inventories,I,CUB,Cuba,A,Annual,N2O,Nitrous oxide,_T,Total emissions excluding LULUCF,T_CO2E,Tonnes of CO2-equivalent,2016,,6170.0707568637,,A,Normal value,3,Thousands,,,,,2,Two,,
DATAFLOW,OECD.ENV.EPI:DSD_AIR_GHG@DF_AIR_GHG(1.0),Air emissions - Greenhouse gas emissions Inventories,I,CYP,Cyprus,A,Annual,N2O,Nitrous oxide,_T,Total emissions excluding LULUCF,T_CO2E,Tonnes of CO2-equivalent,2016,,155.81704402147,,A,Normal value,3,Thousands,,,,,2,Two,,
DATAFLOW,OECD.ENV.EPI:DSD_AIR_GHG@DF_AIR_GHG(1.0),Air emissions - Greenhouse gas emissions Inventories,I,EGY,Egypt,A,Annual,N2O,Nitrous oxide,_T,Total emissions excluding LULUCF,T_CO2E,Tonnes of CO2-equivalent,2016,,23199.817815688,,A,Normal value,3,Thousands,,,,,2,Two,,
DATAFLOW,OECD.ENV.EPI:DSD_AIR_GHG@DF_AIR_GHG(1.0),Air emissions - Greenhouse gas emissions Inventories,I,GEO,Georgia,A,Annual,N2O,Nitrous oxide,_T,Total emissions excluding LULUCF,T_CO2E,Tonnes of CO2-equivalent,2016,,975.12158537564,,A,Normal value,3,Thousands,,,,,2,Two,,
DATAFLOW,OECD.ENV.EPI:DSD_AIR_GHG@DF_AIR_GHG(1.0),Air emissions - Greenhouse gas emissions Inventories,I,GHA,Ghana,A,Annual,N2O,Nitrous oxide,_T,Total emissions excluding LULUCF,T_CO2E,Tonnes of CO2-equivalent,2016,,6294.3084611477,,A,Normal value,3,Thousands,,,,,2,Two,,
DATAFLOW,OECD.ENV.EPI:DSD_AIR_GHG@DF_AIR_GHG(1.0),Air emissions - Greenhouse gas emissions Inventories,I,GTM,Guatemala,A,Annual,N2O,Nitrous oxide,_T,Total emissions excluding LULUCF,T_CO2E,Tonnes of CO2-equivalent,2016,,2608.1367341374,,A,Normal value,3,Thousands,,,,,2,Two,,
DATAFLOW,OECD.ENV.EPI:DSD_AIR_GHG@DF_AIR_GHG(1.0),Air emissions - Greenhouse gas emissions Inventories,I,GNB,Guinea-Bissau,A,Annual,N2O,Nitrous oxide,_T,Total emissions excluding LULUCF,T_CO2E,Tonnes of CO2-equivalent,2016,,62.998802509935,,A,Normal value,3,Thousands,,,,,2,Two,,
DATAFLOW,OECD.ENV.EPI:DSD_AIR_GHG@DF_AIR_GHG(1.0),Air emissions - Greenhouse gas emissions Inventories,I,GUY,Guyana,A,Annual,N2O,Nitrous oxide,_T,Total emissions excluding LULUCF,T_CO2E,Tonnes of CO2-equivalent,2016,,557.22898670324,,A,Normal value,3,Thousands,,,,,2,Two,,
DATAFLOW,OECD.ENV.EPI:DSD_AIR_GHG@DF_AIR_GHG(1.0),Air emissions - Greenhouse gas emissions Inventories,I,VAT,Holy See,A,Annual,N2O,Nitrous oxide,_T,Total emissions excluding LULUCF,T_CO2E,Tonnes of CO2-equivalent,2016,,0.0828677404966,,A,Normal value,3,Thousands,,,,,2,Two,,
DATAFLOW,OECD.ENV.EPI:DSD_AIR_GHG@DF_AIR_GHG(1.0),Air emissions - Greenhouse gas emissions Inventories,I,IND,India,A,Annual,N2O,Nitrous oxide,_T,Total emissions excluding LULUCF,T_CO2E,Tonnes of CO2-equivalent,2016,,124815,,A,Normal value,3,Thousands,,,,,2,Two,,
DATAFLOW,OECD.ENV.EPI:DSD_AIR_GHG@DF_AIR_GHG(1.0),Air emissions - Greenhouse gas emissions Inventories,I,IDN,Indonesia,A,Annual,N2O,Nitrous oxide,_T,Total emissions excluding LULUCF,T_CO2E,Tonnes of CO2-equivalent,2016,,46973.389964866,,A,Normal value,3,Thousands,,,,,2,Two,,
DATAFLOW,OECD.ENV.EPI:DSD_AIR_GHG@DF_AIR_GHG(1.0),Air emissions - Greenhouse gas emissions Inventories,I,KAZ,Kazakhstan,A,Annual,N2O,Nitrous oxide,_T,Total emissions excluding LULUCF,T_CO2E,Tonnes of CO2-equivalent,2016,,12886.256644756,,A,Normal value,3,Thousands,,,,,2,Two,,
DATAFLOW,OECD.ENV.EPI:DSD_AIR_GHG@DF_AIR_GHG(1.0),Air emissions - Greenhouse gas emissions Inventories,I,KEN,Kenya,A,Annual,N2O,Nitrous oxide,_T,Total emissions excluding LULUCF,T_CO2E,Tonnes of CO2-equivalent,2016,,3519.001276099,,A,Normal value,3,Thousands,,,,,2,Two,,
DATAFLOW,OECD.ENV.EPI:DSD_AIR_GHG@DF_AIR_GHG(1.0),Air emissions - Greenhouse gas emissions Inventories,I,LIE,Liechtenstein,A,Annual,N2O,Nitrous oxide,_T,Total emissions excluding LULUCF,T_CO2E,Tonnes of CO2-equivalent,2016,,7.0724983484282,,A,Normal value,3,Thousands,,,,,2,Two,,
DATAFLOW,OECD.ENV.EPI:DSD_AIR_GHG@DF_AIR_GHG(1.0),Air emissions - Greenhouse gas emissions Inventories,I,MYS,Malaysia,A,Annual,N2O,Nitrous oxide,_T,Total emissions excluding LULUCF,T_CO2E,Tonnes of CO2-equivalent,2016,,6588.5448155156,,A,Normal value,3,Thousands,,,,,2,Two,,
DATAFLOW,OECD.ENV.EPI:DSD_AIR_GHG@DF_AIR_GHG(1.0),Air emissions - Greenhouse gas emissions Inventories,I,MDV,Maldives,A,Annual,N2O,Nitrous oxide,_T,Total emissions excluding LULUCF,T_CO2E,Tonnes of CO2-equivalent,2016,,16.682493146275,,A,Normal value,3,Thousands,,,,,2,Two,,
DATAFLOW,OECD.ENV.EPI:DSD_AIR_GHG@DF_AIR_GHG(1.0),Air emissions - Greenhouse gas emissions Inventories,I,MLT,Malta,A,Annual,N2O,Nitrous oxide,_T,Total emissions excluding LULUCF,T_CO2E,Tonnes of CO2-equivalent,2016,,39.848911551891,,A,Normal value,3,Thousands,,,,,2,Two,,
DATAFLOW,OECD.ENV.EPI:DSD_AIR_GHG@DF_AIR_GHG(1.0),Air emissions - Greenhouse gas emissions Inventories,I,MUS,Mauritius,A,Annual,N2O,Nitrous oxide,_T,Total emissions excluding LULUCF,T_CO2E,Tonnes of CO2-equivalent,2016,,104.61187557301,,A,Normal value,3,Thousands,,,,,2,Two,,
DATAFLOW,OECD.ENV.EPI:DSD_AIR_GHG@DF_AIR_GHG(1.0),Air emissions - Greenhouse gas emissions Inventories,I,MDA,Moldova,A,Annual,N2O,Nitrous oxide,_T,Total emissions excluding LULUCF,T_CO2E,Tonnes of CO2-equivalent,2016,,1110.0385614505,,A,Normal value,3,Thousands,,,,,2,Two,,
DATAFLOW,OECD.ENV.EPI:DSD_AIR_GHG@DF_AIR_GHG(1.0),Air emissions - Greenhouse gas emissions Inventories,I,MCO,Monaco,A,Annual,N2O,Nitrous oxide,_T,Total emissions excluding LULUCF,T_CO2E,Tonnes of CO2-equivalent,2016,,3.0295536982015,,A,Normal value,3,Thousands,,,,,2,Two,,
DATAFLOW,OECD.ENV.EPI:DSD_AIR_GHG@DF_AIR_GHG(1.0),Air emissions - Greenhouse gas emissions Inventories,I,MAR,Morocco,A,Annual,N2O,Nitrous oxide,_T,Total emissions excluding LULUCF,T_CO2E,Tonnes of CO2-equivalent,2016,,9757.104214074,,A,Normal value,3,Thousands,,,,,2,Two,,
DATAFLOW,OECD.ENV.EPI:DSD_AIR_GHG@DF_AIR_GHG(1.0),Air emissions - Greenhouse gas emissions Inventories,I,NAM,Namibia,A,Annual,N2O,Nitrous oxide,_T,Total emissions excluding LULUCF,T_CO2E,Tonnes of CO2-equivalent,2016,,2384.271961992,,A,Normal value,3,Thousands,,,,,2,Two,,
DATAFLOW,OECD.ENV.EPI:DSD_AIR_GHG@DF_AIR_GHG(1.0),Air emissions - Greenhouse gas emissions Inventories,I,NPL,Nepal,A,Annual,N2O,Nitrous oxide,_T,Total emissions excluding LULUCF,T_CO2E,Tonnes of CO2-equivalent,2016,,4036.4805633925,,A,Normal value,3,Thousands,,,,,2,Two,,
DATAFLOW,OECD.ENV.EPI:DSD_AIR_GHG@DF_AIR_GHG(1.0),Air emissions - Greenhouse gas emissions Inventories,I,NGA,Nigeria,A,Annual,N2O,Nitrous oxide,_T,Total emissions excluding LULUCF,T_CO2E,Tonnes of CO2-equivalent,2016,,27455.020785633,,A,Normal value,3,Thousands,,,,,2,Two,,
DATAFLOW,OECD.ENV.EPI:DSD_AIR_GHG@DF_AIR_GHG(1.0),Air emissions - Greenhouse gas emissions Inventories,I,PAN,Panama,A,Annual,N2O,Nitrous oxide,_T,Total emissions excluding LULUCF,T_CO2E,Tonnes of CO2-equivalent,2016,,740.37422267608,,A,Normal value,3,Thousands,,,,,2,Two,,
DATAFLOW,OECD.ENV.EPI:DSD_AIR_GHG@DF_AIR_GHG(1.0),Air emissions - Greenhouse gas emissions Inventories,I,PER,Peru,A,Annual,N2O,Nitrous oxide,_T,Total emissions excluding LULUCF,T_CO2E,Tonnes of CO2-equivalent,2016,,11477.581783308,,A,Normal value,3,Thousands,,,,,2,Two,,
DATAFLOW,OECD.ENV.EPI:DSD_AIR_GHG@DF_AIR_GHG(1.0),Air emissions - Greenhouse gas emissions Inventories,I,ROU,Romania,A,Annual,N2O,Nitrous oxide,_T,Total emissions excluding LULUCF,T_CO2E,Tonnes of CO2-equivalent,2016,,8955.0984276334,,A,Normal value,3,Thousands,,,,,2,Two,,
DATAFLOW,OECD.ENV.EPI:DSD_AIR_GHG@DF_AIR_GHG(1.0),Air emissions - Greenhouse gas emissions Inventories,I,RWA,Rwanda,A,Annual,N2O,Nitrous oxide,_T,Total emissions excluding LULUCF,T_CO2E,Tonnes of CO2-equivalent,2016,,1197.846497293,,A,Normal value,3,Thousands,,,,,2,Two,,
DATAFLOW,OECD.ENV.EPI:DSD_AIR_GHG@DF_AIR_GHG(1.0),Air emissions - Greenhouse gas emissions Inventories,I,SRB,Serbia,A,Annual,N2O,Nitrous oxide,_T,Total emissions excluding LULUCF,T_CO2E,Tonnes of CO2-equivalent,2016,,3586.8079493222,,A,Normal value,3,Thousands,,,,,2,Two,,
DATAFLOW,OECD.ENV.EPI:DSD_AIR_GHG@DF_AIR_GHG(1.0),Air emissions - Greenhouse gas emissions Inventories,I,SGP,Singapore,A,Annual,N2O,Nitrous oxide,_T,Total emissions excluding LULUCF,T_CO2E,Tonnes of CO2-equivalent,2016,,343.11678596851,,A,Normal value,3,Thousands,,,,,2,Two,,
DATAFLOW,OECD.ENV.EPI:DSD_AIR_GHG@DF_AIR_GHG(1.0),Air emissions - Greenhouse gas emissions Inventories,I,SLB,Solomon Islands,A,Annual,N2O,Nitrous oxide,_T,Total emissions excluding LULUCF,T_CO2E,Tonnes of CO2-equivalent,2016,,39.077300956567,,A,Normal value,3,Thousands,,,,,2,Two,,
DATAFLOW,OECD.ENV.EPI:DSD_AIR_GHG@DF_AIR_GHG(1.0),Air emissions - Greenhouse gas emissions Inventories,I,ZAF,South Africa,A,Annual,N2O,Nitrous oxide,_T,Total emissions excluding LULUCF,T_CO2E,Tonnes of CO2-equivalent,2016,,16814.019141778,,A,Normal value,3,Thousands,,,,,2,Two,,
DATAFLOW,OECD.ENV.EPI:DSD_AIR_GHG@DF_AIR_GHG(1.0),Air emissions - Greenhouse gas emissions Inventories,I,UKR,Ukraine,A,Annual,N2O,Nitrous oxide,_T,Total emissions excluding LULUCF,T_CO2E,Tonnes of CO2-equivalent,2016,,31233.849865771,,A,Normal value,3,Thousands,,,,,2,Two,,
DATAFLOW,OECD.ENV.EPI:DSD_AIR_GHG@DF_AIR_GHG(1.0),Air emissions - Greenhouse gas emissions Inventories,I,UZB,Uzbekistan,A,Annual,N2O,Nitrous oxide,_T,Total emissions excluding LULUCF,T_CO2E,Tonnes of CO2-equivalent,2016,,10881.050711008,,A,Normal value,3,Thousands,,,,,2,Two,,
DATAFLOW,OECD.ENV.EPI:DSD_AIR_GHG@DF_AIR_GHG(1.0),Air emissions - Greenhouse gas emissions Inventories,I,VEN,Venezuela,A,Annual,N2O,Nitrous oxide,_T,Total emissions excluding LULUCF,T_CO2E,Tonnes of CO2-equivalent,2016,,3927.6887188573,,A,Normal value,3,Thousands,,,,,2,Two,,
DATAFLOW,OECD.ENV.EPI:DSD_AIR_GHG@DF_AIR_GHG(1.0),Air emissions - Greenhouse gas emissions Inventories,I,ZWE,Zimbabwe,A,Annual,N2O,Nitrous oxide,_T,Total emissions excluding LULUCF,T_CO2E,Tonnes of CO2-equivalent,2016,,2679.9176827781,,A,Normal value,3,Thousands,,,,,2,Two,,
DATAFLOW,OECD.ENV.EPI:DSD_AIR_GHG@DF_AIR_GHG(1.0),Air emissions - Greenhouse gas emissions Inventories,I,AUS,Australia,A,Annual,N2O,Nitrous oxide,_T,Total emissions excluding LULUCF,T_CO2E,Tonnes of CO2-equivalent,2017,,15004.196516414,,A,Normal value,3,Thousands,,,,,2,Two,,
DATAFLOW,OECD.ENV.EPI:DSD_AIR_GHG@DF_AIR_GHG(1.0),Air emissions - Greenhouse gas emissions Inventories,I,AUT,Austria,A,Annual,N2O,Nitrous oxide,_T,Total emissions excluding LULUCF,T_CO2E,Tonnes of CO2-equivalent,2017,,3545.1863313842,,A,Normal value,3,Thousands,,,,,2,Two,,
DATAFLOW,OECD.ENV.EPI:DSD_AIR_GHG@DF_AIR_GHG(1.0),Air emissions - Greenhouse gas emissions Inventories,I,BEL,Belgium,A,Annual,N2O,Nitrous oxide,_T,Total emissions excluding LULUCF,T_CO2E,Tonnes of CO2-equivalent,2017,,4755.583189615,,A,Normal value,3,Thousands,,,,,2,Two,,
DATAFLOW,OECD.ENV.EPI:DSD_AIR_GHG@DF_AIR_GHG(1.0),Air emissions - Greenhouse gas emissions Inventories,I,CAN,Canada,A,Annual,N2O,Nitrous oxide,_T,Total emissions excluding LULUCF,T_CO2E,Tonnes of CO2-equivalent,2017,,26162.652217792,,A,Normal value,3,Thousands,,,,,2,Two,,
DATAFLOW,OECD.ENV.EPI:DSD_AIR_GHG@DF_AIR_GHG(1.0),Air emissions - Greenhouse gas emissions Inventories,I,CHL,Chile,A,Annual,N2O,Nitrous oxide,_T,Total emissions excluding LULUCF,T_CO2E,Tonnes of CO2-equivalent,2017,,5314.78,,A,Normal value,3,Thousands,,,,,2,Two,,
DATAFLOW,OECD.ENV.EPI:DSD_AIR_GHG@DF_AIR_GHG(1.0),Air emissions - Greenhouse gas emissions Inventories,I,COL,Colombia,A,Annual,N2O,Nitrous oxide,_T,Total emissions excluding LULUCF,T_CO2E,Tonnes of CO2-equivalent,2017,,12112.61,,A,Normal value,3,Thousands,,,,,2,Two,,
DATAFLOW,OECD.ENV.EPI:DSD_AIR_GHG@DF_AIR_GHG(1.0),Air emissions - Greenhouse gas emissions Inventories,I,CRI,Costa Rica,A,Annual,N2O,Nitrous oxide,_T,Total emissions excluding LULUCF,T_CO2E,Tonnes of CO2-equivalent,2017,,831.7,,A,Normal value,3,Thousands,,,,,2,Two,,
DATAFLOW,OECD.ENV.EPI:DSD_AIR_GHG@DF_AIR_GHG(1.0),Air emissions - Greenhouse gas emissions Inventories,I,CZE,Czechia,A,Annual,N2O,Nitrous oxide,_T,Total emissions excluding LULUCF,T_CO2E,Tonnes of CO2-equivalent,2017,,4433.3176282034,,A,Normal value,3,Thousands,,,,,2,Two,,
DATAFLOW,OECD.ENV.EPI:DSD_AIR_GHG@DF_AIR_GHG(1.0),Air emissions - Greenhouse gas emissions Inventories,I,DNK,Denmark,A,Annual,N2O,Nitrous oxide,_T,Total emissions excluding LULUCF,T_CO2E,Tonnes of CO2-equivalent,2017,,5604.0604254256,,A,Normal value,3,Thousands,,,,,2,Two,,
DATAFLOW,OECD.ENV.EPI:DSD_AIR_GHG@DF_AIR_GHG(1.0),Air emissions - Greenhouse gas emissions Inventories,I,EST,Estonia,A,Annual,N2O,Nitrous oxide,_T,Total emissions excluding LULUCF,T_CO2E,Tonnes of CO2-equivalent,2017,,776.5475759977,,A,Normal value,3,Thousands,,,,,2,Two,,
DATAFLOW,OECD.ENV.EPI:DSD_AIR_GHG@DF_AIR_GHG(1.0),Air emissions - Greenhouse gas emissions Inventories,I,FIN,Finland,A,Annual,N2O,Nitrous oxide,_T,Total emissions excluding LULUCF,T_CO2E,Tonnes of CO2-equivalent,2017,,4250.9290057931,,A,Normal value,3,Thousands,,,,,2,Two,,
DATAFLOW,OECD.ENV.EPI:DSD_AIR_GHG@DF_AIR_GHG(1.0),Air emissions - Greenhouse gas emissions Inventories,I,FRA,France,A,Annual,N2O,Nitrous oxide,_T,Total emissions excluding LULUCF,T_CO2E,Tonnes of CO2-equivalent,2017,,32004.50944698,,A,Normal value,3,Thousands,,,,,2,Two,,
DATAFLOW,OECD.ENV.EPI:DSD_AIR_GHG@DF_AIR_GHG(1.0),Air emissions - Greenhouse gas emissions Inventories,I,DEU,Germany,A,Annual,N2O,Nitrous oxide,_T,Total emissions excluding LULUCF,T_CO2E,Tonnes of CO2-equivalent,2017,,29132.6191853,,A,Normal value,3,Thousands,,,,,2,Two,,
DATAFLOW,OECD.ENV.EPI:DSD_AIR_GHG@DF_AIR_GHG(1.0),Air emissions - Greenhouse gas emissions Inventories,I,GRC,Greece,A,Annual,N2O,Nitrous oxide,_T,Total emissions excluding LULUCF,T_CO2E,Tonnes of CO2-equivalent,2017,,4016.6202024249,,A,Normal value,3,Thousands,,,,,2,Two,,
DATAFLOW,OECD.ENV.EPI:DSD_AIR_GHG@DF_AIR_GHG(1.0),Air emissions - Greenhouse gas emissions Inventories,I,HUN,Hungary,A,Annual,N2O,Nitrous oxide,_T,Total emissions excluding LULUCF,T_CO2E,Tonnes of CO2-equivalent,2017,,4548.513635523,,A,Normal value,3,Thousands,,,,,2,Two,,
DATAFLOW,OECD.ENV.EPI:DSD_AIR_GHG@DF_AIR_GHG(1.0),Air emissions - Greenhouse gas emissions Inventories,I,ISL,Iceland,A,Annual,N2O,Nitrous oxide,_T,Total emissions excluding LULUCF,T_CO2E,Tonnes of CO2-equivalent,2017,,385.44690628305,,A,Normal value,3,Thousands,,,,,2,Two,,
DATAFLOW,OECD.ENV.EPI:DSD_AIR_GHG@DF_AIR_GHG(1.0),Air emissions - Greenhouse gas emissions Inventories,I,IRL,Ireland,A,Annual,N2O,Nitrous oxide,_T,Total emissions excluding LULUCF,T_CO2E,Tonnes of CO2-equivalent,2017,,5643.2309304603,,A,Normal value,3,Thousands,,,,,2,Two,,
DATAFLOW,OECD.ENV.EPI:DSD_AIR_GHG@DF_AIR_GHG(1.0),Air emissions - Greenhouse gas emissions Inventories,I,ISR,Israel,A,Annual,N2O,Nitrous oxide,_T,Total emissions excluding LULUCF,T_CO2E,Tonnes of CO2-equivalent,2017,,1479.52,,A,Normal value,3,Thousands,,,,,2,Two,,
DATAFLOW,OECD.ENV.EPI:DSD_AIR_GHG@DF_AIR_GHG(1.0),Air emissions - Greenhouse gas emissions Inventories,I,ITA,Italy,A,Annual,N2O,Nitrous oxide,_T,Total emissions excluding LULUCF,T_CO2E,Tonnes of CO2-equivalent,2017,,15097.600843034,,A,Normal value,3,Thousands,,,,,2,Two,,
DATAFLOW,OECD.ENV.EPI:DSD_AIR_GHG@DF_AIR_GHG(1.0),Air emissions - Greenhouse gas emissions Inventories,I,JPN,Japan,A,Annual,N2O,Nitrous oxide,_T,Total emissions excluding LULUCF,T_CO2E,Tonnes of CO2-equivalent,2017,,18563.429909436,,A,Normal value,3,Thousands,,,,,2,Two,,
DATAFLOW,OECD.ENV.EPI:DSD_AIR_GHG@DF_AIR_GHG(1.0),Air emissions - Greenhouse gas emissions Inventories,I,KOR,Korea,A,Annual,N2O,Nitrous oxide,_T,Total emissions excluding LULUCF,T_CO2E,Tonnes of CO2-equivalent,2017,,10458.96,,A,Normal value,3,Thousands,,,,,2,Two,,
DATAFLOW,OECD.ENV.EPI:DSD_AIR_GHG@DF_AIR_GHG(1.0),Air emissions - Greenhouse gas emissions Inventories,I,LVA,Latvia,A,Annual,N2O,Nitrous oxide,_T,Total emissions excluding LULUCF,T_CO2E,Tonnes of CO2-equivalent,2017,,1138.3129230453,,A,Normal value,3,Thousands,,,,,2,Two,,
DATAFLOW,OECD.ENV.EPI:DSD_AIR_GHG@DF_AIR_GHG(1.0),Air emissions - Greenhouse gas emissions Inventories,I,LTU,Lithuania,A,Annual,N2O,Nitrous oxide,_T,Total emissions excluding LULUCF,T_CO2E,Tonnes of CO2-equivalent,2017,,2309.8290014329,,A,Normal value,3,Thousands,,,,,2,Two,,
DATAFLOW,OECD.ENV.EPI:DSD_AIR_GHG@DF_AIR_GHG(1.0),Air emissions - Greenhouse gas emissions Inventories,I,LUX,Luxembourg,A,Annual,N2O,Nitrous oxide,_T,Total emissions excluding LULUCF,T_CO2E,Tonnes of CO2-equivalent,2017,,367.63951681833,,A,Normal value,3,Thousands,,,,,2,Two,,
DATAFLOW,OECD.ENV.EPI:DSD_AIR_GHG@DF_AIR_GHG(1.0),Air emissions - Greenhouse gas emissions Inventories,I,MEX,Mexico,A,Annual,N2O,Nitrous oxide,_T,Total emissions excluding LULUCF,T_CO2E,Tonnes of CO2-equivalent,2017,,36755.41,,A,Normal value,3,Thousands,,,,,2,Two,,
DATAFLOW,OECD.ENV.EPI:DSD_AIR_GHG@DF_AIR_GHG(1.0),Air emissions - Greenhouse gas emissions Inventories,I,NLD,Netherlands,A,Annual,N2O,Nitrous oxide,_T,Total emissions excluding LULUCF,T_CO2E,Tonnes of CO2-equivalent,2017,,7906.8652803647,,A,Normal value,3,Thousands,,,,,2,Two,,
DATAFLOW,OECD.ENV.EPI:DSD_AIR_GHG@DF_AIR_GHG(1.0),Air emissions - Greenhouse gas emissions Inventories,I,NZL,New Zealand,A,Annual,N2O,Nitrous oxide,_T,Total emissions excluding LULUCF,T_CO2E,Tonnes of CO2-equivalent,2017,,6960.9722654739,,A,Normal value,3,Thousands,,,,,2,Two,,
DATAFLOW,OECD.ENV.EPI:DSD_AIR_GHG@DF_AIR_GHG(1.0),Air emissions - Greenhouse gas emissions Inventories,I,NOR,Norway,A,Annual,N2O,Nitrous oxide,_T,Total emissions excluding LULUCF,T_CO2E,Tonnes of CO2-equivalent,2017,,2266.7768470231,,A,Normal value,3,Thousands,,,,,2,Two,,
DATAFLOW,OECD.ENV.EPI:DSD_AIR_GHG@DF_AIR_GHG(1.0),Air emissions - Greenhouse gas emissions Inventories,I,POL,Poland,A,Annual,N2O,Nitrous oxide,_T,Total emissions excluding LULUCF,T_CO2E,Tonnes of CO2-equivalent,2017,,20763.158538732,,A,Normal value,3,Thousands,,,,,2,Two,,
DATAFLOW,OECD.ENV.EPI:DSD_AIR_GHG@DF_AIR_GHG(1.0),Air emissions - Greenhouse gas emissions Inventories,I,PRT,Portugal,A,Annual,N2O,Nitrous oxide,_T,Total emissions excluding LULUCF,T_CO2E,Tonnes of CO2-equivalent,2017,,3450.3352097822,,A,Normal value,3,Thousands,,,,,2,Two,,
DATAFLOW,OECD.ENV.EPI:DSD_AIR_GHG@DF_AIR_GHG(1.0),Air emissions - Greenhouse gas emissions Inventories,I,SVK,Slovak Republic,A,Annual,N2O,Nitrous oxide,_T,Total emissions excluding LULUCF,T_CO2E,Tonnes of CO2-equivalent,2017,,1730.2862373058,,A,Normal value,3,Thousands,,,,,2,Two,,
DATAFLOW,OECD.ENV.EPI:DSD_AIR_GHG@DF_AIR_GHG(1.0),Air emissions - Greenhouse gas emissions Inventories,I,SVN,Slovenia,A,Annual,N2O,Nitrous oxide,_T,Total emissions excluding LULUCF,T_CO2E,Tonnes of CO2-equivalent,2017,,704.51273454705,,A,Normal value,3,Thousands,,,,,2,Two,,
DATAFLOW,OECD.ENV.EPI:DSD_AIR_GHG@DF_AIR_GHG(1.0),Air emissions - Greenhouse gas emissions Inventories,I,ESP,Spain,A,Annual,N2O,Nitrous oxide,_T,Total emissions excluding LULUCF,T_CO2E,Tonnes of CO2-equivalent,2017,,13815.005709287,,A,Normal value,3,Thousands,,,,,2,Two,,
DATAFLOW,OECD.ENV.EPI:DSD_AIR_GHG@DF_AIR_GHG(1.0),Air emissions - Greenhouse gas emissions Inventories,I,SWE,Sweden,A,Annual,N2O,Nitrous oxide,_T,Total emissions excluding LULUCF,T_CO2E,Tonnes of CO2-equivalent,2017,,3679.1709745573,,A,Normal value,3,Thousands,,,,,2,Two,,
DATAFLOW,OECD.ENV.EPI:DSD_AIR_GHG@DF_AIR_GHG(1.0),Air emissions - Greenhouse gas emissions Inventories,I,CHE,Switzerland,A,Annual,N2O,Nitrous oxide,_T,Total emissions excluding LULUCF,T_CO2E,Tonnes of CO2-equivalent,2017,,3356.1223494316,,A,Normal value,3,Thousands,,,,,2,Two,,
DATAFLOW,OECD.ENV.EPI:DSD_AIR_GHG@DF_AIR_GHG(1.0),Air emissions - Greenhouse gas emissions Inventories,I,TUR,Türkiye,A,Annual,N2O,Nitrous oxide,_T,Total emissions excluding LULUCF,T_CO2E,Tonnes of CO2-equivalent,2017,,31500.728788103,,A,Normal value,3,Thousands,,,,,2,Two,,
DATAFLOW,OECD.ENV.EPI:DSD_AIR_GHG@DF_AIR_GHG(1.0),Air emissions - Greenhouse gas emissions Inventories,I,GBR,United Kingdom,A,Annual,N2O,Nitrous oxide,_T,Total emissions excluding LULUCF,T_CO2E,Tonnes of CO2-equivalent,2017,,21581.595669144,,A,Normal value,3,Thousands,,,,,2,Two,,
DATAFLOW,OECD.ENV.EPI:DSD_AIR_GHG@DF_AIR_GHG(1.0),Air emissions - Greenhouse gas emissions Inventories,I,USA,United States,A,Annual,N2O,Nitrous oxide,_T,Total emissions excluding LULUCF,T_CO2E,Tonnes of CO2-equivalent,2017,,417818.94,,A,Normal value,3,Thousands,,,,,2,Two,,
DATAFLOW,OECD.ENV.EPI:DSD_AIR_GHG@DF_AIR_GHG(1.0),Air emissions - Greenhouse gas emissions Inventories,I,EU27_2020,European Union (27 countries from 01/02/2020),A,Annual,N2O,Nitrous oxide,_T,Total emissions excluding LULUCF,T_CO2E,Tonnes of CO2-equivalent,2017,,197251.90002177,,A,Normal value,3,Thousands,,,,,2,Two,,
DATAFLOW,OECD.ENV.EPI:DSD_AIR_GHG@DF_AIR_GHG(1.0),Air emissions - Greenhouse gas emissions Inventories,I,DZA,Algeria,A,Annual,N2O,Nitrous oxide,_T,Total emissions excluding LULUCF,T_CO2E,Tonnes of CO2-equivalent,2017,,5115.2580860179,,A,Normal value,3,Thousands,,,,,2,Two,,
DATAFLOW,OECD.ENV.EPI:DSD_AIR_GHG@DF_AIR_GHG(1.0),Air emissions - Greenhouse gas emissions Inventories,I,ARG,Argentina,A,Annual,N2O,Nitrous oxide,_T,Total emissions excluding LULUCF,T_CO2E,Tonnes of CO2-equivalent,2017,,21781.380438821,,A,Normal value,3,Thousands,,,,,2,Two,,
DATAFLOW,OECD.ENV.EPI:DSD_AIR_GHG@DF_AIR_GHG(1.0),Air emissions - Greenhouse gas emissions Inventories,I,BRA,Brazil,A,Annual,N2O,Nitrous oxide,_T,Total emissions excluding LULUCF,T_CO2E,Tonnes of CO2-equivalent,2017,,149687.78812954,,A,Normal value,3,Thousands,,,,,2,Two,,
DATAFLOW,OECD.ENV.EPI:DSD_AIR_GHG@DF_AIR_GHG(1.0),Air emissions - Greenhouse gas emissions Inventories,I,BRN,Brunei Darussalam,A,Annual,N2O,Nitrous oxide,_T,Total emissions excluding LULUCF,T_CO2E,Tonnes of CO2-equivalent,2017,,53.26271598121,,A,Normal value,3,Thousands,,,,,2,Two,,
DATAFLOW,OECD.ENV.EPI:DSD_AIR_GHG@DF_AIR_GHG(1.0),Air emissions - Greenhouse gas emissions Inventories,I,BGR,Bulgaria,A,Annual,N2O,Nitrous oxide,_T,Total emissions excluding LULUCF,T_CO2E,Tonnes of CO2-equivalent,2017,,4512.0426659958,,A,Normal value,3,Thousands,,,,,2,Two,,
DATAFLOW,OECD.ENV.EPI:DSD_AIR_GHG@DF_AIR_GHG(1.0),Air emissions - Greenhouse gas emissions Inventories,I,CIV,Côte d’Ivoire,A,Annual,N2O,Nitrous oxide,_T,Total emissions excluding LULUCF,T_CO2E,Tonnes of CO2-equivalent,2017,,1296.171542592,,A,Normal value,3,Thousands,,,,,2,Two,,
DATAFLOW,OECD.ENV.EPI:DSD_AIR_GHG@DF_AIR_GHG(1.0),Air emissions - Greenhouse gas emissions Inventories,I,HRV,Croatia,A,Annual,N2O,Nitrous oxide,_T,Total emissions excluding LULUCF,T_CO2E,Tonnes of CO2-equivalent,2017,,1448.8947983652,,A,Normal value,3,Thousands,,,,,2,Two,,
DATAFLOW,OECD.ENV.EPI:DSD_AIR_GHG@DF_AIR_GHG(1.0),Air emissions - Greenhouse gas emissions Inventories,I,CUB,Cuba,A,Annual,N2O,Nitrous oxide,_T,Total emissions excluding LULUCF,T_CO2E,Tonnes of CO2-equivalent,2017,,6051.6512578072,,A,Normal value,3,Thousands,,,,,2,Two,,
DATAFLOW,OECD.ENV.EPI:DSD_AIR_GHG@DF_AIR_GHG(1.0),Air emissions - Greenhouse gas emissions Inventories,I,CYP,Cyprus,A,Annual,N2O,Nitrous oxide,_T,Total emissions excluding LULUCF,T_CO2E,Tonnes of CO2-equivalent,2017,,162.20382927052,,A,Normal value,3,Thousands,,,,,2,Two,,
DATAFLOW,OECD.ENV.EPI:DSD_AIR_GHG@DF_AIR_GHG(1.0),Air emissions - Greenhouse gas emissions Inventories,I,EGY,Egypt,A,Annual,N2O,Nitrous oxide,_T,Total emissions excluding LULUCF,T_CO2E,Tonnes of CO2-equivalent,2017,,23354.490673292,,A,Normal value,3,Thousands,,,,,2,Two,,
DATAFLOW,OECD.ENV.EPI:DSD_AIR_GHG@DF_AIR_GHG(1.0),Air emissions - Greenhouse gas emissions Inventories,I,GEO,Georgia,A,Annual,N2O,Nitrous oxide,_T,Total emissions excluding LULUCF,T_CO2E,Tonnes of CO2-equivalent,2017,,921.11041369196,,A,Normal value,3,Thousands,,,,,2,Two,,
DATAFLOW,OECD.ENV.EPI:DSD_AIR_GHG@DF_AIR_GHG(1.0),Air emissions - Greenhouse gas emissions Inventories,I,GHA,Ghana,A,Annual,N2O,Nitrous oxide,_T,Total emissions excluding LULUCF,T_CO2E,Tonnes of CO2-equivalent,2017,,6545.2684685877,,A,Normal value,3,Thousands,,,,,2,Two,,
DATAFLOW,OECD.ENV.EPI:DSD_AIR_GHG@DF_AIR_GHG(1.0),Air emissions - Greenhouse gas emissions Inventories,I,GTM,Guatemala,A,Annual,N2O,Nitrous oxide,_T,Total emissions excluding LULUCF,T_CO2E,Tonnes of CO2-equivalent,2017,,2572.6613175905,,A,Normal value,3,Thousands,,,,,2,Two,,
DATAFLOW,OECD.ENV.EPI:DSD_AIR_GHG@DF_AIR_GHG(1.0),Air emissions - Greenhouse gas emissions Inventories,I,GNB,Guinea-Bissau,A,Annual,N2O,Nitrous oxide,_T,Total emissions excluding LULUCF,T_CO2E,Tonnes of CO2-equivalent,2017,,68.461240245581,,A,Normal value,3,Thousands,,,,,2,Two,,
DATAFLOW,OECD.ENV.EPI:DSD_AIR_GHG@DF_AIR_GHG(1.0),Air emissions - Greenhouse gas emissions Inventories,I,GUY,Guyana,A,Annual,N2O,Nitrous oxide,_T,Total emissions excluding LULUCF,T_CO2E,Tonnes of CO2-equivalent,2017,,568.83759744551,,A,Normal value,3,Thousands,,,,,2,Two,,
DATAFLOW,OECD.ENV.EPI:DSD_AIR_GHG@DF_AIR_GHG(1.0),Air emissions - Greenhouse gas emissions Inventories,I,VAT,Holy See,A,Annual,N2O,Nitrous oxide,_T,Total emissions excluding LULUCF,T_CO2E,Tonnes of CO2-equivalent,2017,,0.08435085402315,,A,Normal value,3,Thousands,,,,,2,Two,,
DATAFLOW,OECD.ENV.EPI:DSD_AIR_GHG@DF_AIR_GHG(1.0),Air emissions - Greenhouse gas emissions Inventories,I,IDN,Indonesia,A,Annual,N2O,Nitrous oxide,_T,Total emissions excluding LULUCF,T_CO2E,Tonnes of CO2-equivalent,2017,,51659.39130235,,A,Normal value,3,Thousands,,,,,2,Two,,
DATAFLOW,OECD.ENV.EPI:DSD_AIR_GHG@DF_AIR_GHG(1.0),Air emissions - Greenhouse gas emissions Inventories,I,KAZ,Kazakhstan,A,Annual,N2O,Nitrous oxide,_T,Total emissions excluding LULUCF,T_CO2E,Tonnes of CO2-equivalent,2017,,13373.937653586,,A,Normal value,3,Thousands,,,,,2,Two,,
DATAFLOW,OECD.ENV.EPI:DSD_AIR_GHG@DF_AIR_GHG(1.0),Air emissions - Greenhouse gas emissions Inventories,I,KEN,Kenya,A,Annual,N2O,Nitrous oxide,_T,Total emissions excluding LULUCF,T_CO2E,Tonnes of CO2-equivalent,2017,,3596.9324160093,,A,Normal value,3,Thousands,,,,,2,Two,,
DATAFLOW,OECD.ENV.EPI:DSD_AIR_GHG@DF_AIR_GHG(1.0),Air emissions - Greenhouse gas emissions Inventories,I,LIE,Liechtenstein,A,Annual,N2O,Nitrous oxide,_T,Total emissions excluding LULUCF,T_CO2E,Tonnes of CO2-equivalent,2017,,7.061380397825,,A,Normal value,3,Thousands,,,,,2,Two,,
DATAFLOW,OECD.ENV.EPI:DSD_AIR_GHG@DF_AIR_GHG(1.0),Air emissions - Greenhouse gas emissions Inventories,I,MYS,Malaysia,A,Annual,N2O,Nitrous oxide,_T,Total emissions excluding LULUCF,T_CO2E,Tonnes of CO2-equivalent,2017,,7040.0257889035,,A,Normal value,3,Thousands,,,,,2,Two,,
DATAFLOW,OECD.ENV.EPI:DSD_AIR_GHG@DF_AIR_GHG(1.0),Air emissions - Greenhouse gas emissions Inventories,I,MDV,Maldives,A,Annual,N2O,Nitrous oxide,_T,Total emissions excluding LULUCF,T_CO2E,Tonnes of CO2-equivalent,2017,,17.4377798039,,A,Normal value,3,Thousands,,,,,2,Two,,
DATAFLOW,OECD.ENV.EPI:DSD_AIR_GHG@DF_AIR_GHG(1.0),Air emissions - Greenhouse gas emissions Inventories,I,MLT,Malta,A,Annual,N2O,Nitrous oxide,_T,Total emissions excluding LULUCF,T_CO2E,Tonnes of CO2-equivalent,2017,,38.13730755456,,A,Normal value,3,Thousands,,,,,2,Two,,
DATAFLOW,OECD.ENV.EPI:DSD_AIR_GHG@DF_AIR_GHG(1.0),Air emissions - Greenhouse gas emissions Inventories,I,MUS,Mauritius,A,Annual,N2O,Nitrous oxide,_T,Total emissions excluding LULUCF,T_CO2E,Tonnes of CO2-equivalent,2017,,108.42630018542,,A,Normal value,3,Thousands,,,,,2,Two,,
DATAFLOW,OECD.ENV.EPI:DSD_AIR_GHG@DF_AIR_GHG(1.0),Air emissions - Greenhouse gas emissions Inventories,I,MDA,Moldova,A,Annual,N2O,Nitrous oxide,_T,Total emissions excluding LULUCF,T_CO2E,Tonnes of CO2-equivalent,2017,,1225.4028024589,,A,Normal value,3,Thousands,,,,,2,Two,,
DATAFLOW,OECD.ENV.EPI:DSD_AIR_GHG@DF_AIR_GHG(1.0),Air emissions - Greenhouse gas emissions Inventories,I,MCO,Monaco,A,Annual,N2O,Nitrous oxide,_T,Total emissions excluding LULUCF,T_CO2E,Tonnes of CO2-equivalent,2017,,2.5781190979559,,A,Normal value,3,Thousands,,,,,2,Two,,
DATAFLOW,OECD.ENV.EPI:DSD_AIR_GHG@DF_AIR_GHG(1.0),Air emissions - Greenhouse gas emissions Inventories,I,NAM,Namibia,A,Annual,N2O,Nitrous oxide,_T,Total emissions excluding LULUCF,T_CO2E,Tonnes of CO2-equivalent,2017,,1911.7858568444,,A,Normal value,3,Thousands,,,,,2,Two,,
DATAFLOW,OECD.ENV.EPI:DSD_AIR_GHG@DF_AIR_GHG(1.0),Air emissions - Greenhouse gas emissions Inventories,I,NPL,Nepal,A,Annual,N2O,Nitrous oxide,_T,Total emissions excluding LULUCF,T_CO2E,Tonnes of CO2-equivalent,2017,,4193.6705094047,,A,Normal value,3,Thousands,,,,,2,Two,,
DATAFLOW,OECD.ENV.EPI:DSD_AIR_GHG@DF_AIR_GHG(1.0),Air emissions - Greenhouse gas emissions Inventories,I,NGA,Nigeria,A,Annual,N2O,Nitrous oxide,_T,Total emissions excluding LULUCF,T_CO2E,Tonnes of CO2-equivalent,2017,,28864.860254308,,A,Normal value,3,Thousands,,,,,2,Two,,
DATAFLOW,OECD.ENV.EPI:DSD_AIR_GHG@DF_AIR_GHG(1.0),Air emissions - Greenhouse gas emissions Inventories,I,PAN,Panama,A,Annual,N2O,Nitrous oxide,_T,Total emissions excluding LULUCF,T_CO2E,Tonnes of CO2-equivalent,2017,,747.78105909024,,A,Normal value,3,Thousands,,,,,2,Two,,
DATAFLOW,OECD.ENV.EPI:DSD_AIR_GHG@DF_AIR_GHG(1.0),Air emissions - Greenhouse gas emissions Inventories,I,PER,Peru,A,Annual,N2O,Nitrous oxide,_T,Total emissions excluding LULUCF,T_CO2E,Tonnes of CO2-equivalent,2017,,11782.138931857,,A,Normal value,3,Thousands,,,,,2,Two,,
DATAFLOW,OECD.ENV.EPI:DSD_AIR_GHG@DF_AIR_GHG(1.0),Air emissions - Greenhouse gas emissions Inventories,I,ROU,Romania,A,Annual,N2O,Nitrous oxide,_T,Total emissions excluding LULUCF,T_CO2E,Tonnes of CO2-equivalent,2017,,9387.2417908364,,A,Normal value,3,Thousands,,,,,2,Two,,
DATAFLOW,OECD.ENV.EPI:DSD_AIR_GHG@DF_AIR_GHG(1.0),Air emissions - Greenhouse gas emissions Inventories,I,RWA,Rwanda,A,Annual,N2O,Nitrous oxide,_T,Total emissions excluding LULUCF,T_CO2E,Tonnes of CO2-equivalent,2017,,1270.9588419964,,A,Normal value,3,Thousands,,,,,2,Two,,
DATAFLOW,OECD.ENV.EPI:DSD_AIR_GHG@DF_AIR_GHG(1.0),Air emissions - Greenhouse gas emissions Inventories,I,SRB,Serbia,A,Annual,N2O,Nitrous oxide,_T,Total emissions excluding LULUCF,T_CO2E,Tonnes of CO2-equivalent,2017,,3351.8972918293,,A,Normal value,3,Thousands,,,,,2,Two,,
DATAFLOW,OECD.ENV.EPI:DSD_AIR_GHG@DF_AIR_GHG(1.0),Air emissions - Greenhouse gas emissions Inventories,I,SGP,Singapore,A,Annual,N2O,Nitrous oxide,_T,Total emissions excluding LULUCF,T_CO2E,Tonnes of CO2-equivalent,2017,,442.59597262879,,A,Normal value,3,Thousands,,,,,2,Two,,
DATAFLOW,OECD.ENV.EPI:DSD_AIR_GHG@DF_AIR_GHG(1.0),Air emissions - Greenhouse gas emissions Inventories,I,SLB,Solomon Islands,A,Annual,N2O,Nitrous oxide,_T,Total emissions excluding LULUCF,T_CO2E,Tonnes of CO2-equivalent,2017,,39.69106407228,,A,Normal value,3,Thousands,,,,,2,Two,,
DATAFLOW,OECD.ENV.EPI:DSD_AIR_GHG@DF_AIR_GHG(1.0),Air emissions - Greenhouse gas emissions Inventories,I,ZAF,South Africa,A,Annual,N2O,Nitrous oxide,_T,Total emissions excluding LULUCF,T_CO2E,Tonnes of CO2-equivalent,2017,,16930.005673023,,A,Normal value,3,Thousands,,,,,2,Two,,
DATAFLOW,OECD.ENV.EPI:DSD_AIR_GHG@DF_AIR_GHG(1.0),Air emissions - Greenhouse gas emissions Inventories,I,UKR,Ukraine,A,Annual,N2O,Nitrous oxide,_T,Total emissions excluding LULUCF,T_CO2E,Tonnes of CO2-equivalent,2017,,29935.33802295,,A,Normal value,3,Thousands,,,,,2,Two,,
DATAFLOW,OECD.ENV.EPI:DSD_AIR_GHG@DF_AIR_GHG(1.0),Air emissions - Greenhouse gas emissions Inventories,I,UZB,Uzbekistan,A,Annual,N2O,Nitrous oxide,_T,Total emissions excluding LULUCF,T_CO2E,Tonnes of CO2-equivalent,2017,,11103.958066349,,A,Normal value,3,Thousands,,,,,2,Two,,
DATAFLOW,OECD.ENV.EPI:DSD_AIR_GHG@DF_AIR_GHG(1.0),Air emissions - Greenhouse gas emissions Inventories,I,VEN,Venezuela,A,Annual,N2O,Nitrous oxide,_T,Total emissions excluding LULUCF,T_CO2E,Tonnes of CO2-equivalent,2017,,3712.4686364984,,A,Normal value,3,Thousands,,,,,2,Two,,
DATAFLOW,OECD.ENV.EPI:DSD_AIR_GHG@DF_AIR_GHG(1.0),Air emissions - Greenhouse gas emissions Inventories,I,ZWE,Zimbabwe,A,Annual,N2O,Nitrous oxide,_T,Total emissions excluding LULUCF,T_CO2E,Tonnes of CO2-equivalent,2017,,2890.2100796977,,A,Normal value,3,Thousands,,,,,2,Two,,
DATAFLOW,OECD.ENV.EPI:DSD_AIR_GHG@DF_AIR_GHG(1.0),Air emissions - Greenhouse gas emissions Inventories,I,AUS,Australia,A,Annual,N2O,Nitrous oxide,_T,Total emissions excluding LULUCF,T_CO2E,Tonnes of CO2-equivalent,2015,,14149.31174167,,A,Normal value,3,Thousands,,,,,2,Two,,
DATAFLOW,OECD.ENV.EPI:DSD_AIR_GHG@DF_AIR_GHG(1.0),Air emissions - Greenhouse gas emissions Inventories,I,AUT,Austria,A,Annual,N2O,Nitrous oxide,_T,Total emissions excluding LULUCF,T_CO2E,Tonnes of CO2-equivalent,2015,,3435.2758258471,,A,Normal value,3,Thousands,,,,,2,Two,,
DATAFLOW,OECD.ENV.EPI:DSD_AIR_GHG@DF_AIR_GHG(1.0),Air emissions - Greenhouse gas emissions Inventories,I,BEL,Belgium,A,Annual,N2O,Nitrous oxide,_T,Total emissions excluding LULUCF,T_CO2E,Tonnes of CO2-equivalent,2015,,4836.8727665333,,A,Normal value,3,Thousands,,,,,2,Two,,
DATAFLOW,OECD.ENV.EPI:DSD_AIR_GHG@DF_AIR_GHG(1.0),Air emissions - Greenhouse gas emissions Inventories,I,CAN,Canada,A,Annual,N2O,Nitrous oxide,_T,Total emissions excluding LULUCF,T_CO2E,Tonnes of CO2-equivalent,2015,,26661.010815645,,A,Normal value,3,Thousands,,,,,2,Two,,
DATAFLOW,OECD.ENV.EPI:DSD_AIR_GHG@DF_AIR_GHG(1.0),Air emissions - Greenhouse gas emissions Inventories,I,CHL,Chile,A,Annual,N2O,Nitrous oxide,_T,Total emissions excluding LULUCF,T_CO2E,Tonnes of CO2-equivalent,2015,,5209.78,,A,Normal value,3,Thousands,,,,,2,Two,,
DATAFLOW,OECD.ENV.EPI:DSD_AIR_GHG@DF_AIR_GHG(1.0),Air emissions - Greenhouse gas emissions Inventories,I,COL,Colombia,A,Annual,N2O,Nitrous oxide,_T,Total emissions excluding LULUCF,T_CO2E,Tonnes of CO2-equivalent,2015,,11986.11,,A,Normal value,3,Thousands,,,,,2,Two,,
DATAFLOW,OECD.ENV.EPI:DSD_AIR_GHG@DF_AIR_GHG(1.0),Air emissions - Greenhouse gas emissions Inventories,I,CRI,Costa Rica,A,Annual,N2O,Nitrous oxide,_T,Total emissions excluding LULUCF,T_CO2E,Tonnes of CO2-equivalent,2015,,827.95,,A,Normal value,3,Thousands,,,,,2,Two,,
DATAFLOW,OECD.ENV.EPI:DSD_AIR_GHG@DF_AIR_GHG(1.0),Air emissions - Greenhouse gas emissions Inventories,I,CZE,Czechia,A,Annual,N2O,Nitrous oxide,_T,Total emissions excluding LULUCF,T_CO2E,Tonnes of CO2-equivalent,2015,,3538.5255103089,,A,Normal value,3,Thousands,,,,,2,Two,,
DATAFLOW,OECD.ENV.EPI:DSD_AIR_GHG@DF_AIR_GHG(1.0),Air emissions - Greenhouse gas emissions Inventories,I,DNK,Denmark,A,Annual,N2O,Nitrous oxide,_T,Total emissions excluding LULUCF,T_CO2E,Tonnes of CO2-equivalent,2015,,5398.9902444657,,A,Normal value,3,Thousands,,,,,2,Two,,
DATAFLOW,OECD.ENV.EPI:DSD_AIR_GHG@DF_AIR_GHG(1.0),Air emissions - Greenhouse gas emissions Inventories,I,EST,Estonia,A,Annual,N2O,Nitrous oxide,_T,Total emissions excluding LULUCF,T_CO2E,Tonnes of CO2-equivalent,2015,,765.70883665526,,A,Normal value,3,Thousands,,,,,2,Two,,
DATAFLOW,OECD.ENV.EPI:DSD_AIR_GHG@DF_AIR_GHG(1.0),Air emissions - Greenhouse gas emissions Inventories,I,FIN,Finland,A,Annual,N2O,Nitrous oxide,_T,Total emissions excluding LULUCF,T_CO2E,Tonnes of CO2-equivalent,2015,,4315.8661303668,,A,Normal value,3,Thousands,,,,,2,Two,,
DATAFLOW,OECD.ENV.EPI:DSD_AIR_GHG@DF_AIR_GHG(1.0),Air emissions - Greenhouse gas emissions Inventories,I,FRA,France,A,Annual,N2O,Nitrous oxide,_T,Total emissions excluding LULUCF,T_CO2E,Tonnes of CO2-equivalent,2015,,31932.952210558,,A,Normal value,3,Thousands,,,,,2,Two,,
DATAFLOW,OECD.ENV.EPI:DSD_AIR_GHG@DF_AIR_GHG(1.0),Air emissions - Greenhouse gas emissions Inventories,I,DEU,Germany,A,Annual,N2O,Nitrous oxide,_T,Total emissions excluding LULUCF,T_CO2E,Tonnes of CO2-equivalent,2015,,28544.4790651,,A,Normal value,3,Thousands,,,,,2,Two,,
DATAFLOW,OECD.ENV.EPI:DSD_AIR_GHG@DF_AIR_GHG(1.0),Air emissions - Greenhouse gas emissions Inventories,I,GRC,Greece,A,Annual,N2O,Nitrous oxide,_T,Total emissions excluding LULUCF,T_CO2E,Tonnes of CO2-equivalent,2015,,3904.7382616387,,A,Normal value,3,Thousands,,,,,2,Two,,
DATAFLOW,OECD.ENV.EPI:DSD_AIR_GHG@DF_AIR_GHG(1.0),Air emissions - Greenhouse gas emissions Inventories,I,HUN,Hungary,A,Annual,N2O,Nitrous oxide,_T,Total emissions excluding LULUCF,T_CO2E,Tonnes of CO2-equivalent,2015,,4253.2930110216,,A,Normal value,3,Thousands,,,,,2,Two,,
DATAFLOW,OECD.ENV.EPI:DSD_AIR_GHG@DF_AIR_GHG(1.0),Air emissions - Greenhouse gas emissions Inventories,I,ISL,Iceland,A,Annual,N2O,Nitrous oxide,_T,Total emissions excluding LULUCF,T_CO2E,Tonnes of CO2-equivalent,2015,,376.65683928888,,A,Normal value,3,Thousands,,,,,2,Two,,
DATAFLOW,OECD.ENV.EPI:DSD_AIR_GHG@DF_AIR_GHG(1.0),Air emissions - Greenhouse gas emissions Inventories,I,IRL,Ireland,A,Annual,N2O,Nitrous oxide,_T,Total emissions excluding LULUCF,T_CO2E,Tonnes of CO2-equivalent,2015,,5202.0613914268,,A,Normal value,3,Thousands,,,,,2,Two,,
DATAFLOW,OECD.ENV.EPI:DSD_AIR_GHG@DF_AIR_GHG(1.0),Air emissions - Greenhouse gas emissions Inventories,I,ISR,Israel,A,Annual,N2O,Nitrous oxide,_T,Total emissions excluding LULUCF,T_CO2E,Tonnes of CO2-equivalent,2015,,1541.01,,A,Normal value,3,Thousands,,,,,2,Two,,
DATAFLOW,OECD.ENV.EPI:DSD_AIR_GHG@DF_AIR_GHG(1.0),Air emissions - Greenhouse gas emissions Inventories,I,ITA,Italy,A,Annual,N2O,Nitrous oxide,_T,Total emissions excluding LULUCF,T_CO2E,Tonnes of CO2-equivalent,2015,,15090.797354228,,A,Normal value,3,Thousands,,,,,2,Two,,
DATAFLOW,OECD.ENV.EPI:DSD_AIR_GHG@DF_AIR_GHG(1.0),Air emissions - Greenhouse gas emissions Inventories,I,JPN,Japan,A,Annual,N2O,Nitrous oxide,_T,Total emissions excluding LULUCF,T_CO2E,Tonnes of CO2-equivalent,2015,,18814.072022888,,A,Normal value,3,Thousands,,,,,2,Two,,
DATAFLOW,OECD.ENV.EPI:DSD_AIR_GHG@DF_AIR_GHG(1.0),Air emissions - Greenhouse gas emissions Inventories,I,KOR,Korea,A,Annual,N2O,Nitrous oxide,_T,Total emissions excluding LULUCF,T_CO2E,Tonnes of CO2-equivalent,2015,,9947.52,,A,Normal value,3,Thousands,,,,,2,Two,,
DATAFLOW,OECD.ENV.EPI:DSD_AIR_GHG@DF_AIR_GHG(1.0),Air emissions - Greenhouse gas emissions Inventories,I,LVA,Latvia,A,Annual,N2O,Nitrous oxide,_T,Total emissions excluding LULUCF,T_CO2E,Tonnes of CO2-equivalent,2015,,1164.6078834069,,A,Normal value,3,Thousands,,,,,2,Two,,
DATAFLOW,OECD.ENV.EPI:DSD_AIR_GHG@DF_AIR_GHG(1.0),Air emissions - Greenhouse gas emissions Inventories,I,LTU,Lithuania,A,Annual,N2O,Nitrous oxide,_T,Total emissions excluding LULUCF,T_CO2E,Tonnes of CO2-equivalent,2015,,2318.882086078,,A,Normal value,3,Thousands,,,,,2,Two,,
DATAFLOW,OECD.ENV.EPI:DSD_AIR_GHG@DF_AIR_GHG(1.0),Air emissions - Greenhouse gas emissions Inventories,I,LUX,Luxembourg,A,Annual,N2O,Nitrous oxide,_T,Total emissions excluding LULUCF,T_CO2E,Tonnes of CO2-equivalent,2015,,312.26205090756,,A,Normal value,3,Thousands,,,,,2,Two,,
DATAFLOW,OECD.ENV.EPI:DSD_AIR_GHG@DF_AIR_GHG(1.0),Air emissions - Greenhouse gas emissions Inventories,I,MEX,Mexico,A,Annual,N2O,Nitrous oxide,_T,Total emissions excluding LULUCF,T_CO2E,Tonnes of CO2-equivalent,2015,,38086.15,,A,Normal value,3,Thousands,,,,,2,Two,,
DATAFLOW,OECD.ENV.EPI:DSD_AIR_GHG@DF_AIR_GHG(1.0),Air emissions - Greenhouse gas emissions Inventories,I,NLD,Netherlands,A,Annual,N2O,Nitrous oxide,_T,Total emissions excluding LULUCF,T_CO2E,Tonnes of CO2-equivalent,2015,,7981.7026649298,,A,Normal value,3,Thousands,,,,,2,Two,,
DATAFLOW,OECD.ENV.EPI:DSD_AIR_GHG@DF_AIR_GHG(1.0),Air emissions - Greenhouse gas emissions Inventories,I,NZL,New Zealand,A,Annual,N2O,Nitrous oxide,_T,Total emissions excluding LULUCF,T_CO2E,Tonnes of CO2-equivalent,2015,,6932.0467506054,,A,Normal value,3,Thousands,,,,,2,Two,,
DATAFLOW,OECD.ENV.EPI:DSD_AIR_GHG@DF_AIR_GHG(1.0),Air emissions - Greenhouse gas emissions Inventories,I,NOR,Norway,A,Annual,N2O,Nitrous oxide,_T,Total emissions excluding LULUCF,T_CO2E,Tonnes of CO2-equivalent,2015,,2381.7616640035,,A,Normal value,3,Thousands,,,,,2,Two,,
DATAFLOW,OECD.ENV.EPI:DSD_AIR_GHG@DF_AIR_GHG(1.0),Air emissions - Greenhouse gas emissions Inventories,I,POL,Poland,A,Annual,N2O,Nitrous oxide,_T,Total emissions excluding LULUCF,T_CO2E,Tonnes of CO2-equivalent,2015,,19334.343992602,,A,Normal value,3,Thousands,,,,,2,Two,,
DATAFLOW,OECD.ENV.EPI:DSD_AIR_GHG@DF_AIR_GHG(1.0),Air emissions - Greenhouse gas emissions Inventories,I,PRT,Portugal,A,Annual,N2O,Nitrous oxide,_T,Total emissions excluding LULUCF,T_CO2E,Tonnes of CO2-equivalent,2015,,3377.9365838578,,A,Normal value,3,Thousands,,,,,2,Two,,
DATAFLOW,OECD.ENV.EPI:DSD_AIR_GHG@DF_AIR_GHG(1.0),Air emissions - Greenhouse gas emissions Inventories,I,SVK,Slovak Republic,A,Annual,N2O,Nitrous oxide,_T,Total emissions excluding LULUCF,T_CO2E,Tonnes of CO2-equivalent,2015,,1491.3808640853,,A,Normal value,3,Thousands,,,,,2,Two,,
DATAFLOW,OECD.ENV.EPI:DSD_AIR_GHG@DF_AIR_GHG(1.0),Air emissions - Greenhouse gas emissions Inventories,I,SVN,Slovenia,A,Annual,N2O,Nitrous oxide,_T,Total emissions excluding LULUCF,T_CO2E,Tonnes of CO2-equivalent,2015,,692.16013134349,,A,Normal value,3,Thousands,,,,,2,Two,,
DATAFLOW,OECD.ENV.EPI:DSD_AIR_GHG@DF_AIR_GHG(1.0),Air emissions - Greenhouse gas emissions Inventories,I,ESP,Spain,A,Annual,N2O,Nitrous oxide,_T,Total emissions excluding LULUCF,T_CO2E,Tonnes of CO2-equivalent,2015,,13383.735460403,,A,Normal value,3,Thousands,,,,,2,Two,,
DATAFLOW,OECD.ENV.EPI:DSD_AIR_GHG@DF_AIR_GHG(1.0),Air emissions - Greenhouse gas emissions Inventories,I,SWE,Sweden,A,Annual,N2O,Nitrous oxide,_T,Total emissions excluding LULUCF,T_CO2E,Tonnes of CO2-equivalent,2015,,3583.6041497537,,A,Normal value,3,Thousands,,,,,2,Two,,
DATAFLOW,OECD.ENV.EPI:DSD_AIR_GHG@DF_AIR_GHG(1.0),Air emissions - Greenhouse gas emissions Inventories,I,CHE,Switzerland,A,Annual,N2O,Nitrous oxide,_T,Total emissions excluding LULUCF,T_CO2E,Tonnes of CO2-equivalent,2015,,3226.2732275353,,A,Normal value,3,Thousands,,,,,2,Two,,
DATAFLOW,OECD.ENV.EPI:DSD_AIR_GHG@DF_AIR_GHG(1.0),Air emissions - Greenhouse gas emissions Inventories,I,TUR,Türkiye,A,Annual,N2O,Nitrous oxide,_T,Total emissions excluding LULUCF,T_CO2E,Tonnes of CO2-equivalent,2015,,28683.217033103,,A,Normal value,3,Thousands,,,,,2,Two,,
DATAFLOW,OECD.ENV.EPI:DSD_AIR_GHG@DF_AIR_GHG(1.0),Air emissions - Greenhouse gas emissions Inventories,I,GBR,United Kingdom,A,Annual,N2O,Nitrous oxide,_T,Total emissions excluding LULUCF,T_CO2E,Tonnes of CO2-equivalent,2015,,21769.79952534,,A,Normal value,3,Thousands,,,,,2,Two,,
DATAFLOW,OECD.ENV.EPI:DSD_AIR_GHG@DF_AIR_GHG(1.0),Air emissions - Greenhouse gas emissions Inventories,I,USA,United States,A,Annual,N2O,Nitrous oxide,_T,Total emissions excluding LULUCF,T_CO2E,Tonnes of CO2-equivalent,2015,,426965.96,,A,Normal value,3,Thousands,,,,,2,Two,,
DATAFLOW,OECD.ENV.EPI:DSD_AIR_GHG@DF_AIR_GHG(1.0),Air emissions - Greenhouse gas emissions Inventories,I,EU27_2020,European Union (27 countries from 01/02/2020),A,Annual,N2O,Nitrous oxide,_T,Total emissions excluding LULUCF,T_CO2E,Tonnes of CO2-equivalent,2015,,190567.01334414,,A,Normal value,3,Thousands,,,,,2,Two,,
DATAFLOW,OECD.ENV.EPI:DSD_AIR_GHG@DF_AIR_GHG(1.0),Air emissions - Greenhouse gas emissions Inventories,I,DZA,Algeria,A,Annual,N2O,Nitrous oxide,_T,Total emissions excluding LULUCF,T_CO2E,Tonnes of CO2-equivalent,2015,,4867.1622560096,,A,Normal value,3,Thousands,,,,,2,Two,,
DATAFLOW,OECD.ENV.EPI:DSD_AIR_GHG@DF_AIR_GHG(1.0),Air emissions - Greenhouse gas emissions Inventories,I,ARG,Argentina,A,Annual,N2O,Nitrous oxide,_T,Total emissions excluding LULUCF,T_CO2E,Tonnes of CO2-equivalent,2015,,19698.696202187,,A,Normal value,3,Thousands,,,,,2,Two,,
DATAFLOW,OECD.ENV.EPI:DSD_AIR_GHG@DF_AIR_GHG(1.0),Air emissions - Greenhouse gas emissions Inventories,I,BRA,Brazil,A,Annual,N2O,Nitrous oxide,_T,Total emissions excluding LULUCF,T_CO2E,Tonnes of CO2-equivalent,2015,,143105.76563517,,A,Normal value,3,Thousands,,,,,2,Two,,
DATAFLOW,OECD.ENV.EPI:DSD_AIR_GHG@DF_AIR_GHG(1.0),Air emissions - Greenhouse gas emissions Inventories,I,BRN,Brunei Darussalam,A,Annual,N2O,Nitrous oxide,_T,Total emissions excluding LULUCF,T_CO2E,Tonnes of CO2-equivalent,2015,,54.904202738257,,A,Normal value,3,Thousands,,,,,2,Two,,
DATAFLOW,OECD.ENV.EPI:DSD_AIR_GHG@DF_AIR_GHG(1.0),Air emissions - Greenhouse gas emissions Inventories,I,BGR,Bulgaria,A,Annual,N2O,Nitrous oxide,_T,Total emissions excluding LULUCF,T_CO2E,Tonnes of CO2-equivalent,2015,,4214.4713752195,,A,Normal value,3,Thousands,,,,,2,Two,,
DATAFLOW,OECD.ENV.EPI:DSD_AIR_GHG@DF_AIR_GHG(1.0),Air emissions - Greenhouse gas emissions Inventories,I,CIV,Côte d’Ivoire,A,Annual,N2O,Nitrous oxide,_T,Total emissions excluding LULUCF,T_CO2E,Tonnes of CO2-equivalent,2015,,1296.171542592,,A,Normal value,3,Thousands,,,,,2,Two,,
DATAFLOW,OECD.ENV.EPI:DSD_AIR_GHG@DF_AIR_GHG(1.0),Air emissions - Greenhouse gas emissions Inventories,I,HRV,Croatia,A,Annual,N2O,Nitrous oxide,_T,Total emissions excluding LULUCF,T_CO2E,Tonnes of CO2-equivalent,2015,,1568.9299141371,,A,Normal value,3,Thousands,,,,,2,Two,,
DATAFLOW,OECD.ENV.EPI:DSD_AIR_GHG@DF_AIR_GHG(1.0),Air emissions - Greenhouse gas emissions Inventories,I,CUB,Cuba,A,Annual,N2O,Nitrous oxide,_T,Total emissions excluding LULUCF,T_CO2E,Tonnes of CO2-equivalent,2015,,6101.6573612064,,A,Normal value,3,Thousands,,,,,2,Two,,
DATAFLOW,OECD.ENV.EPI:DSD_AIR_GHG@DF_AIR_GHG(1.0),Air emissions - Greenhouse gas emissions Inventories,I,CYP,Cyprus,A,Annual,N2O,Nitrous oxide,_T,Total emissions excluding LULUCF,T_CO2E,Tonnes of CO2-equivalent,2015,,153.42086458351,,A,Normal value,3,Thousands,,,,,2,Two,,
DATAFLOW,OECD.ENV.EPI:DSD_AIR_GHG@DF_AIR_GHG(1.0),Air emissions - Greenhouse gas emissions Inventories,I,EGY,Egypt,A,Annual,N2O,Nitrous oxide,_T,Total emissions excluding LULUCF,T_CO2E,Tonnes of CO2-equivalent,2015,,23617.727962447,,A,Normal value,3,Thousands,,,,,2,Two,,
DATAFLOW,OECD.ENV.EPI:DSD_AIR_GHG@DF_AIR_GHG(1.0),Air emissions - Greenhouse gas emissions Inventories,I,GEO,Georgia,A,Annual,N2O,Nitrous oxide,_T,Total emissions excluding LULUCF,T_CO2E,Tonnes of CO2-equivalent,2015,,1048.0556862488,,A,Normal value,3,Thousands,,,,,2,Two,,
DATAFLOW,OECD.ENV.EPI:DSD_AIR_GHG@DF_AIR_GHG(1.0),Air emissions - Greenhouse gas emissions Inventories,I,GHA,Ghana,A,Annual,N2O,Nitrous oxide,_T,Total emissions excluding LULUCF,T_CO2E,Tonnes of CO2-equivalent,2015,,6044.8657497366,,A,Normal value,3,Thousands,,,,,2,Two,,
DATAFLOW,OECD.ENV.EPI:DSD_AIR_GHG@DF_AIR_GHG(1.0),Air emissions - Greenhouse gas emissions Inventories,I,GTM,Guatemala,A,Annual,N2O,Nitrous oxide,_T,Total emissions excluding LULUCF,T_CO2E,Tonnes of CO2-equivalent,2015,,2441.4715203249,,A,Normal value,3,Thousands,,,,,2,Two,,
DATAFLOW,OECD.ENV.EPI:DSD_AIR_GHG@DF_AIR_GHG(1.0),Air emissions - Greenhouse gas emissions Inventories,I,GNB,Guinea-Bissau,A,Annual,N2O,Nitrous oxide,_T,Total emissions excluding LULUCF,T_CO2E,Tonnes of CO2-equivalent,2015,,75.373447983753,,A,Normal value,3,Thousands,,,,,2,Two,,
DATAFLOW,OECD.ENV.EPI:DSD_AIR_GHG@DF_AIR_GHG(1.0),Air emissions - Greenhouse gas emissions Inventories,I,GUY,Guyana,A,Annual,N2O,Nitrous oxide,_T,Total emissions excluding LULUCF,T_CO2E,Tonnes of CO2-equivalent,2015,,589.56983263186,,A,Normal value,3,Thousands,,,,,2,Two,,
DATAFLOW,OECD.ENV.EPI:DSD_AIR_GHG@DF_AIR_GHG(1.0),Air emissions - Greenhouse gas emissions Inventories,I,VAT,Holy See,A,Annual,N2O,Nitrous oxide,_T,Total emissions excluding LULUCF,T_CO2E,Tonnes of CO2-equivalent,2015,,0.08556957776921,,A,Normal value,3,Thousands,,,,,2,Two,,
DATAFLOW,OECD.ENV.EPI:DSD_AIR_GHG@DF_AIR_GHG(1.0),Air emissions - Greenhouse gas emissions Inventories,I,IDN,Indonesia,A,Annual,N2O,Nitrous oxide,_T,Total emissions excluding LULUCF,T_CO2E,Tonnes of CO2-equivalent,2015,,47296.888077342,,A,Normal value,3,Thousands,,,,,2,Two,,
DATAFLOW,OECD.ENV.EPI:DSD_AIR_GHG@DF_AIR_GHG(1.0),Air emissions - Greenhouse gas emissions Inventories,I,KAZ,Kazakhstan,A,Annual,N2O,Nitrous oxide,_T,Total emissions excluding LULUCF,T_CO2E,Tonnes of CO2-equivalent,2015,,12164.317748036,,A,Normal value,3,Thousands,,,,,2,Two,,
DATAFLOW,OECD.ENV.EPI:DSD_AIR_GHG@DF_AIR_GHG(1.0),Air emissions - Greenhouse gas emissions Inventories,I,KEN,Kenya,A,Annual,N2O,Nitrous oxide,_T,Total emissions excluding LULUCF,T_CO2E,Tonnes of CO2-equivalent,2015,,3301.3988351294,,A,Normal value,3,Thousands,,,,,2,Two,,
DATAFLOW,OECD.ENV.EPI:DSD_AIR_GHG@DF_AIR_GHG(1.0),Air emissions - Greenhouse gas emissions Inventories,I,LIE,Liechtenstein,A,Annual,N2O,Nitrous oxide,_T,Total emissions excluding LULUCF,T_CO2E,Tonnes of CO2-equivalent,2015,,7.2122429638089,,A,Normal value,3,Thousands,,,,,2,Two,,
DATAFLOW,OECD.ENV.EPI:DSD_AIR_GHG@DF_AIR_GHG(1.0),Air emissions - Greenhouse gas emissions Inventories,I,MYS,Malaysia,A,Annual,N2O,Nitrous oxide,_T,Total emissions excluding LULUCF,T_CO2E,Tonnes of CO2-equivalent,2015,,6525.3505958746,,A,Normal value,3,Thousands,,,,,2,Two,,
DATAFLOW,OECD.ENV.EPI:DSD_AIR_GHG@DF_AIR_GHG(1.0),Air emissions - Greenhouse gas emissions Inventories,I,MDV,Maldives,A,Annual,N2O,Nitrous oxide,_T,Total emissions excluding LULUCF,T_CO2E,Tonnes of CO2-equivalent,2015,,13.379901358845,,A,Normal value,3,Thousands,,,,,2,Two,,
DATAFLOW,OECD.ENV.EPI:DSD_AIR_GHG@DF_AIR_GHG(1.0),Air emissions - Greenhouse gas emissions Inventories,I,MLT,Malta,A,Annual,N2O,Nitrous oxide,_T,Total emissions excluding LULUCF,T_CO2E,Tonnes of CO2-equivalent,2015,,39.885605028638,,A,Normal value,3,Thousands,,,,,2,Two,,
DATAFLOW,OECD.ENV.EPI:DSD_AIR_GHG@DF_AIR_GHG(1.0),Air emissions - Greenhouse gas emissions Inventories,I,MUS,Mauritius,A,Annual,N2O,Nitrous oxide,_T,Total emissions excluding LULUCF,T_CO2E,Tonnes of CO2-equivalent,2015,,115.94037647615,,A,Normal value,3,Thousands,,,,,2,Two,,
DATAFLOW,OECD.ENV.EPI:DSD_AIR_GHG@DF_AIR_GHG(1.0),Air emissions - Greenhouse gas emissions Inventories,I,MDA,Moldova,A,Annual,N2O,Nitrous oxide,_T,Total emissions excluding LULUCF,T_CO2E,Tonnes of CO2-equivalent,2015,,994.0843158904,,A,Normal value,3,Thousands,,,,,2,Two,,
DATAFLOW,OECD.ENV.EPI:DSD_AIR_GHG@DF_AIR_GHG(1.0),Air emissions - Greenhouse gas emissions Inventories,I,MCO,Monaco,A,Annual,N2O,Nitrous oxide,_T,Total emissions excluding LULUCF,T_CO2E,Tonnes of CO2-equivalent,2015,,3.2577850978797,,A,Normal value,3,Thousands,,,,,2,Two,,
DATAFLOW,OECD.ENV.EPI:DSD_AIR_GHG@DF_AIR_GHG(1.0),Air emissions - Greenhouse gas emissions Inventories,I,NAM,Namibia,A,Annual,N2O,Nitrous oxide,_T,Total emissions excluding LULUCF,T_CO2E,Tonnes of CO2-equivalent,2015,,2114.5852923433,,A,Normal value,3,Thousands,,,,,2,Two,,
DATAFLOW,OECD.ENV.EPI:DSD_AIR_GHG@DF_AIR_GHG(1.0),Air emissions - Greenhouse gas emissions Inventories,I,NPL,Nepal,A,Annual,N2O,Nitrous oxide,_T,Total emissions excluding LULUCF,T_CO2E,Tonnes of CO2-equivalent,2015,,3826.0692479867,,A,Normal value,3,Thousands,,,,,2,Two,,
DATAFLOW,OECD.ENV.EPI:DSD_AIR_GHG@DF_AIR_GHG(1.0),Air emissions - Greenhouse gas emissions Inventories,I,NGA,Nigeria,A,Annual,N2O,Nitrous oxide,_T,Total emissions excluding LULUCF,T_CO2E,Tonnes of CO2-equivalent,2015,,26373.643724018,,A,Normal value,3,Thousands,,,,,2,Two,,
DATAFLOW,OECD.ENV.EPI:DSD_AIR_GHG@DF_AIR_GHG(1.0),Air emissions - Greenhouse gas emissions Inventories,I,PAN,Panama,A,Annual,N2O,Nitrous oxide,_T,Total emissions excluding LULUCF,T_CO2E,Tonnes of CO2-equivalent,2015,,690.58519822876,,A,Normal value,3,Thousands,,,,,2,Two,,
DATAFLOW,OECD.ENV.EPI:DSD_AIR_GHG@DF_AIR_GHG(1.0),Air emissions - Greenhouse gas emissions Inventories,I,PER,Peru,A,Annual,N2O,Nitrous oxide,_T,Total emissions excluding LULUCF,T_CO2E,Tonnes of CO2-equivalent,2015,,11640.755370948,,A,Normal value,3,Thousands,,,,,2,Two,,
DATAFLOW,OECD.ENV.EPI:DSD_AIR_GHG@DF_AIR_GHG(1.0),Air emissions - Greenhouse gas emissions Inventories,I,ROU,Romania,A,Annual,N2O,Nitrous oxide,_T,Total emissions excluding LULUCF,T_CO2E,Tonnes of CO2-equivalent,2015,,8965.7695370999,,A,Normal value,3,Thousands,,,,,2,Two,,
DATAFLOW,OECD.ENV.EPI:DSD_AIR_GHG@DF_AIR_GHG(1.0),Air emissions - Greenhouse gas emissions Inventories,I,RWA,Rwanda,A,Annual,N2O,Nitrous oxide,_T,Total emissions excluding LULUCF,T_CO2E,Tonnes of CO2-equivalent,2015,,1209.9423867739,,A,Normal value,3,Thousands,,,,,2,Two,,
DATAFLOW,OECD.ENV.EPI:DSD_AIR_GHG@DF_AIR_GHG(1.0),Air emissions - Greenhouse gas emissions Inventories,I,SRB,Serbia,A,Annual,N2O,Nitrous oxide,_T,Total emissions excluding LULUCF,T_CO2E,Tonnes of CO2-equivalent,2015,,3377.4991818427,,A,Normal value,3,Thousands,,,,,2,Two,,
DATAFLOW,OECD.ENV.EPI:DSD_AIR_GHG@DF_AIR_GHG(1.0),Air emissions - Greenhouse gas emissions Inventories,I,SGP,Singapore,A,Annual,N2O,Nitrous oxide,_T,Total emissions excluding LULUCF,T_CO2E,Tonnes of CO2-equivalent,2015,,337.66609494149,,A,Normal value,3,Thousands,,,,,2,Two,,
DATAFLOW,OECD.ENV.EPI:DSD_AIR_GHG@DF_AIR_GHG(1.0),Air emissions - Greenhouse gas emissions Inventories,I,SLB,Solomon Islands,A,Annual,N2O,Nitrous oxide,_T,Total emissions excluding LULUCF,T_CO2E,Tonnes of CO2-equivalent,2015,,34.93892585238,,A,Normal value,3,Thousands,,,,,2,Two,,
DATAFLOW,OECD.ENV.EPI:DSD_AIR_GHG@DF_AIR_GHG(1.0),Air emissions - Greenhouse gas emissions Inventories,I,ZAF,South Africa,A,Annual,N2O,Nitrous oxide,_T,Total emissions excluding LULUCF,T_CO2E,Tonnes of CO2-equivalent,2015,,17064.03764514,,A,Normal value,3,Thousands,,,,,2,Two,,
DATAFLOW,OECD.ENV.EPI:DSD_AIR_GHG@DF_AIR_GHG(1.0),Air emissions - Greenhouse gas emissions Inventories,I,UKR,Ukraine,A,Annual,N2O,Nitrous oxide,_T,Total emissions excluding LULUCF,T_CO2E,Tonnes of CO2-equivalent,2015,,28516.789646507,,A,Normal value,3,Thousands,,,,,2,Two,,
DATAFLOW,OECD.ENV.EPI:DSD_AIR_GHG@DF_AIR_GHG(1.0),Air emissions - Greenhouse gas emissions Inventories,I,UZB,Uzbekistan,A,Annual,N2O,Nitrous oxide,_T,Total emissions excluding LULUCF,T_CO2E,Tonnes of CO2-equivalent,2015,,10588.467009538,,A,Normal value,3,Thousands,,,,,2,Two,,
DATAFLOW,OECD.ENV.EPI:DSD_AIR_GHG@DF_AIR_GHG(1.0),Air emissions - Greenhouse gas emissions Inventories,I,VEN,Venezuela,A,Annual,N2O,Nitrous oxide,_T,Total emissions excluding LULUCF,T_CO2E,Tonnes of CO2-equivalent,2015,,4168.4407675648,,A,Normal value,3,Thousands,,,,,2,Two,,
DATAFLOW,OECD.ENV.EPI:DSD_AIR_GHG@DF_AIR_GHG(1.0),Air emissions - Greenhouse gas emissions Inventories,I,ZWE,Zimbabwe,A,Annual,N2O,Nitrous oxide,_T,Total emissions excluding LULUCF,T_CO2E,Tonnes of CO2-equivalent,2015,,2674.8857507868,,A,Normal value,3,Thousands,,,,,2,Two,,
DATAFLOW,OECD.ENV.EPI:DSD_AIR_GHG@DF_AIR_GHG(1.0),Air emissions - Greenhouse gas emissions Inventories,I,AUS,Australia,A,Annual,N2O,Nitrous oxide,_T,Total emissions excluding LULUCF,T_CO2E,Tonnes of CO2-equivalent,2023,,15332.211066164,,A,Normal value,3,Thousands,,,,,2,Two,,
DATAFLOW,OECD.ENV.EPI:DSD_AIR_GHG@DF_AIR_GHG(1.0),Air emissions - Greenhouse gas emissions Inventories,I,AUT,Austria,A,Annual,N2O,Nitrous oxide,_T,Total emissions excluding LULUCF,T_CO2E,Tonnes of CO2-equivalent,2023,,3258.4330368424,,A,Normal value,3,Thousands,,,,,2,Two,,
DATAFLOW,OECD.ENV.EPI:DSD_AIR_GHG@DF_AIR_GHG(1.0),Air emissions - Greenhouse gas emissions Inventories,I,BEL,Belgium,A,Annual,N2O,Nitrous oxide,_T,Total emissions excluding LULUCF,T_CO2E,Tonnes of CO2-equivalent,2023,,3950.5795137081,,A,Normal value,3,Thousands,,,,,2,Two,,
DATAFLOW,OECD.ENV.EPI:DSD_AIR_GHG@DF_AIR_GHG(1.0),Air emissions - Greenhouse gas emissions Inventories,I,CAN,Canada,A,Annual,N2O,Nitrous oxide,_T,Total emissions excluding LULUCF,T_CO2E,Tonnes of CO2-equivalent,2023,,27905.198837553,,A,Normal value,3,Thousands,,,,,2,Two,,
DATAFLOW,OECD.ENV.EPI:DSD_AIR_GHG@DF_AIR_GHG(1.0),Air emissions - Greenhouse gas emissions Inventories,I,CZE,Czechia,A,Annual,N2O,Nitrous oxide,_T,Total emissions excluding LULUCF,T_CO2E,Tonnes of CO2-equivalent,2023,,3732.1518444622,,A,Normal value,3,Thousands,,,,,2,Two,,
DATAFLOW,OECD.ENV.EPI:DSD_AIR_GHG@DF_AIR_GHG(1.0),Air emissions - Greenhouse gas emissions Inventories,I,DNK,Denmark,A,Annual,N2O,Nitrous oxide,_T,Total emissions excluding LULUCF,T_CO2E,Tonnes of CO2-equivalent,2023,,4857.6521155149,,A,Normal value,3,Thousands,,,,,2,Two,,
DATAFLOW,OECD.ENV.EPI:DSD_AIR_GHG@DF_AIR_GHG(1.0),Air emissions - Greenhouse gas emissions Inventories,I,EST,Estonia,A,Annual,N2O,Nitrous oxide,_T,Total emissions excluding LULUCF,T_CO2E,Tonnes of CO2-equivalent,2023,,865.67681608021,,A,Normal value,3,Thousands,,,,,2,Two,,
DATAFLOW,OECD.ENV.EPI:DSD_AIR_GHG@DF_AIR_GHG(1.0),Air emissions - Greenhouse gas emissions Inventories,I,FIN,Finland,A,Annual,N2O,Nitrous oxide,_T,Total emissions excluding LULUCF,T_CO2E,Tonnes of CO2-equivalent,2023,,4090.0492258728,,A,Normal value,3,Thousands,,,,,2,Two,,
DATAFLOW,OECD.ENV.EPI:DSD_AIR_GHG@DF_AIR_GHG(1.0),Air emissions - Greenhouse gas emissions Inventories,I,FRA,France,A,Annual,N2O,Nitrous oxide,_T,Total emissions excluding LULUCF,T_CO2E,Tonnes of CO2-equivalent,2023,,28304.279074568,,A,Normal value,3,Thousands,,,,,2,Two,,
DATAFLOW,OECD.ENV.EPI:DSD_AIR_GHG@DF_AIR_GHG(1.0),Air emissions - Greenhouse gas emissions Inventories,I,DEU,Germany,A,Annual,N2O,Nitrous oxide,_T,Total emissions excluding LULUCF,T_CO2E,Tonnes of CO2-equivalent,2023,,24240.04098935,,A,Normal value,3,Thousands,,,,,2,Two,,
DATAFLOW,OECD.ENV.EPI:DSD_AIR_GHG@DF_AIR_GHG(1.0),Air emissions - Greenhouse gas emissions Inventories,I,GRC,Greece,A,Annual,N2O,Nitrous oxide,_T,Total emissions excluding LULUCF,T_CO2E,Tonnes of CO2-equivalent,2023,,3787.3675189886,,A,Normal value,3,Thousands,,,,,2,Two,,
DATAFLOW,OECD.ENV.EPI:DSD_AIR_GHG@DF_AIR_GHG(1.0),Air emissions - Greenhouse gas emissions Inventories,I,HUN,Hungary,A,Annual,N2O,Nitrous oxide,_T,Total emissions excluding LULUCF,T_CO2E,Tonnes of CO2-equivalent,2023,,3901.7573768845,,A,Normal value,3,Thousands,,,,,2,Two,,
DATAFLOW,OECD.ENV.EPI:DSD_AIR_GHG@DF_AIR_GHG(1.0),Air emissions - Greenhouse gas emissions Inventories,I,ISL,Iceland,A,Annual,N2O,Nitrous oxide,_T,Total emissions excluding LULUCF,T_CO2E,Tonnes of CO2-equivalent,2023,,352.69002443615,,A,Normal value,3,Thousands,,,,,2,Two,,
DATAFLOW,OECD.ENV.EPI:DSD_AIR_GHG@DF_AIR_GHG(1.0),Air emissions - Greenhouse gas emissions Inventories,I,IRL,Ireland,A,Annual,N2O,Nitrous oxide,_T,Total emissions excluding LULUCF,T_CO2E,Tonnes of CO2-equivalent,2023,,5018.1881386141,,A,Normal value,3,Thousands,,,,,2,Two,,
DATAFLOW,OECD.ENV.EPI:DSD_AIR_GHG@DF_AIR_GHG(1.0),Air emissions - Greenhouse gas emissions Inventories,I,ISR,Israel,A,Annual,N2O,Nitrous oxide,_T,Total emissions excluding LULUCF,T_CO2E,Tonnes of CO2-equivalent,2023,,1308.5,,A,Normal value,3,Thousands,,,,,2,Two,,
DATAFLOW,OECD.ENV.EPI:DSD_AIR_GHG@DF_AIR_GHG(1.0),Air emissions - Greenhouse gas emissions Inventories,I,ITA,Italy,A,Annual,N2O,Nitrous oxide,_T,Total emissions excluding LULUCF,T_CO2E,Tonnes of CO2-equivalent,2023,,14267.594667347,,A,Normal value,3,Thousands,,,,,2,Two,,
DATAFLOW,OECD.ENV.EPI:DSD_AIR_GHG@DF_AIR_GHG(1.0),Air emissions - Greenhouse gas emissions Inventories,I,JPN,Japan,A,Annual,N2O,Nitrous oxide,_T,Total emissions excluding LULUCF,T_CO2E,Tonnes of CO2-equivalent,2023,,15176.240012469,,A,Normal value,3,Thousands,,,,,2,Two,,
DATAFLOW,OECD.ENV.EPI:DSD_AIR_GHG@DF_AIR_GHG(1.0),Air emissions - Greenhouse gas emissions Inventories,I,KOR,Korea,A,Annual,N2O,Nitrous oxide,_T,Total emissions excluding LULUCF,T_CO2E,Tonnes of CO2-equivalent,2023,,10614.33,,A,Normal value,3,Thousands,,,,,2,Two,,
DATAFLOW,OECD.ENV.EPI:DSD_AIR_GHG@DF_AIR_GHG(1.0),Air emissions - Greenhouse gas emissions Inventories,I,LVA,Latvia,A,Annual,N2O,Nitrous oxide,_T,Total emissions excluding LULUCF,T_CO2E,Tonnes of CO2-equivalent,2023,,1218.8293357348,,A,Normal value,3,Thousands,,,,,2,Two,,
DATAFLOW,OECD.ENV.EPI:DSD_AIR_GHG@DF_AIR_GHG(1.0),Air emissions - Greenhouse gas emissions Inventories,I,LTU,Lithuania,A,Annual,N2O,Nitrous oxide,_T,Total emissions excluding LULUCF,T_CO2E,Tonnes of CO2-equivalent,2023,,1911.4595479912,,A,Normal value,3,Thousands,,,,,2,Two,,
DATAFLOW,OECD.ENV.EPI:DSD_AIR_GHG@DF_AIR_GHG(1.0),Air emissions - Greenhouse gas emissions Inventories,I,LUX,Luxembourg,A,Annual,N2O,Nitrous oxide,_T,Total emissions excluding LULUCF,T_CO2E,Tonnes of CO2-equivalent,2023,,310.31142461981,,A,Normal value,3,Thousands,,,,,2,Two,,
DATAFLOW,OECD.ENV.EPI:DSD_AIR_GHG@DF_AIR_GHG(1.0),Air emissions - Greenhouse gas emissions Inventories,I,NLD,Netherlands,A,Annual,N2O,Nitrous oxide,_T,Total emissions excluding LULUCF,T_CO2E,Tonnes of CO2-equivalent,2023,,6508.4281287144,,A,Normal value,3,Thousands,,,,,2,Two,,
DATAFLOW,OECD.ENV.EPI:DSD_AIR_GHG@DF_AIR_GHG(1.0),Air emissions - Greenhouse gas emissions Inventories,I,NZL,New Zealand,A,Annual,N2O,Nitrous oxide,_T,Total emissions excluding LULUCF,T_CO2E,Tonnes of CO2-equivalent,2023,,6634.5850688424,,A,Normal value,3,Thousands,,,,,2,Two,,
DATAFLOW,OECD.ENV.EPI:DSD_AIR_GHG@DF_AIR_GHG(1.0),Air emissions - Greenhouse gas emissions Inventories,I,POL,Poland,A,Annual,N2O,Nitrous oxide,_T,Total emissions excluding LULUCF,T_CO2E,Tonnes of CO2-equivalent,2023,,20886.413536683,,A,Normal value,3,Thousands,,,,,2,Two,,
DATAFLOW,OECD.ENV.EPI:DSD_AIR_GHG@DF_AIR_GHG(1.0),Air emissions - Greenhouse gas emissions Inventories,I,PRT,Portugal,A,Annual,N2O,Nitrous oxide,_T,Total emissions excluding LULUCF,T_CO2E,Tonnes of CO2-equivalent,2023,,3406.0870455752,,A,Normal value,3,Thousands,,,,,2,Two,,
DATAFLOW,OECD.ENV.EPI:DSD_AIR_GHG@DF_AIR_GHG(1.0),Air emissions - Greenhouse gas emissions Inventories,I,SVN,Slovenia,A,Annual,N2O,Nitrous oxide,_T,Total emissions excluding LULUCF,T_CO2E,Tonnes of CO2-equivalent,2023,,710.61221793772,,A,Normal value,3,Thousands,,,,,2,Two,,
DATAFLOW,OECD.ENV.EPI:DSD_AIR_GHG@DF_AIR_GHG(1.0),Air emissions - Greenhouse gas emissions Inventories,I,SWE,Sweden,A,Annual,N2O,Nitrous oxide,_T,Total emissions excluding LULUCF,T_CO2E,Tonnes of CO2-equivalent,2023,,3347.5205402649,,A,Normal value,3,Thousands,,,,,2,Two,,
DATAFLOW,OECD.ENV.EPI:DSD_AIR_GHG@DF_AIR_GHG(1.0),Air emissions - Greenhouse gas emissions Inventories,I,CHE,Switzerland,A,Annual,N2O,Nitrous oxide,_T,Total emissions excluding LULUCF,T_CO2E,Tonnes of CO2-equivalent,2023,,2529.2829942658,,A,Normal value,3,Thousands,,,,,2,Two,,
DATAFLOW,OECD.ENV.EPI:DSD_AIR_GHG@DF_AIR_GHG(1.0),Air emissions - Greenhouse gas emissions Inventories,I,TUR,Türkiye,A,Annual,N2O,Nitrous oxide,_T,Total emissions excluding LULUCF,T_CO2E,Tonnes of CO2-equivalent,2023,,35205.9728478,,A,Normal value,3,Thousands,,,,,2,Two,,
DATAFLOW,OECD.ENV.EPI:DSD_AIR_GHG@DF_AIR_GHG(1.0),Air emissions - Greenhouse gas emissions Inventories,I,HRV,Croatia,A,Annual,N2O,Nitrous oxide,_T,Total emissions excluding LULUCF,T_CO2E,Tonnes of CO2-equivalent,2023,,1324.0769437681,,A,Normal value,3,Thousands,,,,,2,Two,,
DATAFLOW,OECD.ENV.EPI:DSD_AIR_GHG@DF_AIR_GHG(1.0),Air emissions - Greenhouse gas emissions Inventories,I,CYP,Cyprus,A,Annual,N2O,Nitrous oxide,_T,Total emissions excluding LULUCF,T_CO2E,Tonnes of CO2-equivalent,2023,,175.6893693772,,A,Normal value,3,Thousands,,,,,2,Two,,
DATAFLOW,OECD.ENV.EPI:DSD_AIR_GHG@DF_AIR_GHG(1.0),Air emissions - Greenhouse gas emissions Inventories,I,KAZ,Kazakhstan,A,Annual,N2O,Nitrous oxide,_T,Total emissions excluding LULUCF,T_CO2E,Tonnes of CO2-equivalent,2023,,13653.340514521,,A,Normal value,3,Thousands,,,,,2,Two,,
DATAFLOW,OECD.ENV.EPI:DSD_AIR_GHG@DF_AIR_GHG(1.0),Air emissions - Greenhouse gas emissions Inventories,I,LIE,Liechtenstein,A,Annual,N2O,Nitrous oxide,_T,Total emissions excluding LULUCF,T_CO2E,Tonnes of CO2-equivalent,2023,,7.133370230252,,A,Normal value,3,Thousands,,,,,2,Two,,
DATAFLOW,OECD.ENV.EPI:DSD_AIR_GHG@DF_AIR_GHG(1.0),Air emissions - Greenhouse gas emissions Inventories,I,MLT,Malta,A,Annual,N2O,Nitrous oxide,_T,Total emissions excluding LULUCF,T_CO2E,Tonnes of CO2-equivalent,2023,,40.257623782281,,A,Normal value,3,Thousands,,,,,2,Two,,
DATAFLOW,OECD.ENV.EPI:DSD_AIR_GHG@DF_AIR_GHG(1.0),Air emissions - Greenhouse gas emissions Inventories,I,MCO,Monaco,A,Annual,N2O,Nitrous oxide,_T,Total emissions excluding LULUCF,T_CO2E,Tonnes of CO2-equivalent,2023,,1.9142915981718,,A,Normal value,3,Thousands,,,,,2,Two,,
DATAFLOW,OECD.ENV.EPI:DSD_AIR_GHG@DF_AIR_GHG(1.0),Air emissions - Greenhouse gas emissions Inventories,I,ROU,Romania,A,Annual,N2O,Nitrous oxide,_T,Total emissions excluding LULUCF,T_CO2E,Tonnes of CO2-equivalent,2023,,8813.4580237755,,A,Normal value,3,Thousands,,,,,2,Two,,
DATAFLOW,OECD.ENV.EPI:DSD_AIR_GHG@DF_AIR_GHG(1.0),Air emissions - Greenhouse gas emissions Inventories,I,SRB,Serbia,A,Annual,N2O,Nitrous oxide,_T,Total emissions excluding LULUCF,T_CO2E,Tonnes of CO2-equivalent,2023,,2545.1841472426,,A,Normal value,3,Thousands,,,,,2,Two,,
DATAFLOW,OECD.ENV.EPI:DSD_AIR_GHG@DF_AIR_GHG(1.0),Air emissions - Greenhouse gas emissions Inventories,I,UKR,Ukraine,A,Annual,N2O,Nitrous oxide,_T,Total emissions excluding LULUCF,T_CO2E,Tonnes of CO2-equivalent,2023,,28296.008900964,,A,Normal value,3,Thousands,,,,,2,Two,,
DATAFLOW,OECD.ENV.EPI:DSD_AIR_GHG@DF_AIR_GHG(1.0),Air emissions - Greenhouse gas emissions Inventories,I,BGR,Bulgaria,A,Annual,N2O,Nitrous oxide,_T,Total emissions excluding LULUCF,T_CO2E,Tonnes of CO2-equivalent,2023,,4308.5434265386,,A,Normal value,3,Thousands,,,,,2,Two,,
DATAFLOW,OECD.ENV.EPI:DSD_AIR_GHG@DF_AIR_GHG(1.0),Air emissions - Greenhouse gas emissions Inventories,I,GBR,United Kingdom,A,Annual,N2O,Nitrous oxide,_T,Total emissions excluding LULUCF,T_CO2E,Tonnes of CO2-equivalent,2023,,20001.454023612,,A,Normal value,3,Thousands,,,,,2,Two,,
DATAFLOW,OECD.ENV.EPI:DSD_AIR_GHG@DF_AIR_GHG(1.0),Air emissions - Greenhouse gas emissions Inventories,I,SVK,Slovak Republic,A,Annual,N2O,Nitrous oxide,_T,Total emissions excluding LULUCF,T_CO2E,Tonnes of CO2-equivalent,2023,,1967.6163417439,,A,Normal value,3,Thousands,,,,,2,Two,,
DATAFLOW,OECD.ENV.EPI:DSD_AIR_GHG@DF_AIR_GHG(1.0),Air emissions - Greenhouse gas emissions Inventories,I,NOR,Norway,A,Annual,N2O,Nitrous oxide,_T,Total emissions excluding LULUCF,T_CO2E,Tonnes of CO2-equivalent,2023,,2094.0244284904,,A,Normal value,3,Thousands,,,,,2,Two,,
DATAFLOW,OECD.ENV.EPI:DSD_AIR_GHG@DF_AIR_GHG(1.0),Air emissions - Greenhouse gas emissions Inventories,I,ESP,Spain,A,Annual,N2O,Nitrous oxide,_T,Total emissions excluding LULUCF,T_CO2E,Tonnes of CO2-equivalent,2023,,12036.092546563,,A,Normal value,3,Thousands,,,,,2,Two,,
DATAFLOW,OECD.ENV.EPI:DSD_AIR_GHG@DF_AIR_GHG(1.0),Air emissions - Greenhouse gas emissions Inventories,I,EU27_2020,European Union (27 countries from 01/02/2020),A,Annual,N2O,Nitrous oxide,_T,Total emissions excluding LULUCF,T_CO2E,Tonnes of CO2-equivalent,2023,,179861.67134649,,A,Normal value,3,Thousands,,,,,2,Two,,
DATAFLOW,OECD.ENV.EPI:DSD_AIR_GHG@DF_AIR_GHG(1.0),Air emissions - Greenhouse gas emissions Inventories,I,EU27_2020,European Union (27 countries from 01/02/2020),A,Annual,N2O,Nitrous oxide,_T,Total emissions excluding LULUCF,T_CO2E,Tonnes of CO2-equivalent,2024,,178464.57776117,,A,Normal value,3,Thousands,,,,,2,Two,,
DATAFLOW,OECD.ENV.EPI:DSD_AIR_GHG@DF_AIR_GHG(1.0),Air emissions - Greenhouse gas emissions Inventories,I,ESP,Spain,A,Annual,N2O,Nitrous oxide,_T,Total emissions excluding LULUCF,T_CO2E,Tonnes of CO2-equivalent,2024,,12634.584955295,,A,Normal value,3,Thousands,,,,,2,Two,,
DATAFLOW,OECD.ENV.EPI:DSD_AIR_GHG@DF_AIR_GHG(1.0),Air emissions - Greenhouse gas emissions Inventories,I,NOR,Norway,A,Annual,N2O,Nitrous oxide,_T,Total emissions excluding LULUCF,T_CO2E,Tonnes of CO2-equivalent,2024,,2222.1432585938,,A,Normal value,3,Thousands,,,,,2,Two,,
DATAFLOW,OECD.ENV.EPI:DSD_AIR_GHG@DF_AIR_GHG(1.0),Air emissions - Greenhouse gas emissions Inventories,I,SVK,Slovak Republic,A,Annual,N2O,Nitrous oxide,_T,Total emissions excluding LULUCF,T_CO2E,Tonnes of CO2-equivalent,2024,,1410.82985012,,A,Normal value,3,Thousands,,,,,2,Two,,
DATAFLOW,OECD.ENV.EPI:DSD_AIR_GHG@DF_AIR_GHG(1.0),Air emissions - Greenhouse gas emissions Inventories,I,GBR,United Kingdom,A,Annual,N2O,Nitrous oxide,_T,Total emissions excluding LULUCF,T_CO2E,Tonnes of CO2-equivalent,2024,,19647.263905111,,A,Normal value,3,Thousands,,,,,2,Two,,
DATAFLOW,OECD.ENV.EPI:DSD_AIR_GHG@DF_AIR_GHG(1.0),Air emissions - Greenhouse gas emissions Inventories,I,BGR,Bulgaria,A,Annual,N2O,Nitrous oxide,_T,Total emissions excluding LULUCF,T_CO2E,Tonnes of CO2-equivalent,2024,,4114.7167566368,,A,Normal value,3,Thousands,,,,,2,Two,,
DATAFLOW,OECD.ENV.EPI:DSD_AIR_GHG@DF_AIR_GHG(1.0),Air emissions - Greenhouse gas emissions Inventories,I,AUS,Australia,A,Annual,N2O,Nitrous oxide,_T,Total emissions excluding LULUCF,T_CO2E,Tonnes of CO2-equivalent,2024,,13205.095648062,,A,Normal value,3,Thousands,,,,,2,Two,,
DATAFLOW,OECD.ENV.EPI:DSD_AIR_GHG@DF_AIR_GHG(1.0),Air emissions - Greenhouse gas emissions Inventories,I,AUT,Austria,A,Annual,N2O,Nitrous oxide,_T,Total emissions excluding LULUCF,T_CO2E,Tonnes of CO2-equivalent,2024,,3253.5892503488,,A,Normal value,3,Thousands,,,,,2,Two,,
DATAFLOW,OECD.ENV.EPI:DSD_AIR_GHG@DF_AIR_GHG(1.0),Air emissions - Greenhouse gas emissions Inventories,I,BEL,Belgium,A,Annual,N2O,Nitrous oxide,_T,Total emissions excluding LULUCF,T_CO2E,Tonnes of CO2-equivalent,2024,,3783.0739333043,,A,Normal value,3,Thousands,,,,,2,Two,,
DATAFLOW,OECD.ENV.EPI:DSD_AIR_GHG@DF_AIR_GHG(1.0),Air emissions - Greenhouse gas emissions Inventories,I,CAN,Canada,A,Annual,N2O,Nitrous oxide,_T,Total emissions excluding LULUCF,T_CO2E,Tonnes of CO2-equivalent,2024,,28627.841989451,,A,Normal value,3,Thousands,,,,,2,Two,,
DATAFLOW,OECD.ENV.EPI:DSD_AIR_GHG@DF_AIR_GHG(1.0),Air emissions - Greenhouse gas emissions Inventories,I,CZE,Czechia,A,Annual,N2O,Nitrous oxide,_T,Total emissions excluding LULUCF,T_CO2E,Tonnes of CO2-equivalent,2024,,4317.2013240001,,A,Normal value,3,Thousands,,,,,2,Two,,
DATAFLOW,OECD.ENV.EPI:DSD_AIR_GHG@DF_AIR_GHG(1.0),Air emissions - Greenhouse gas emissions Inventories,I,DNK,Denmark,A,Annual,N2O,Nitrous oxide,_T,Total emissions excluding LULUCF,T_CO2E,Tonnes of CO2-equivalent,2024,,4931.2709985943,,A,Normal value,3,Thousands,,,,,2,Two,,
DATAFLOW,OECD.ENV.EPI:DSD_AIR_GHG@DF_AIR_GHG(1.0),Air emissions - Greenhouse gas emissions Inventories,I,EST,Estonia,A,Annual,N2O,Nitrous oxide,_T,Total emissions excluding LULUCF,T_CO2E,Tonnes of CO2-equivalent,2024,,880.20854980925,,A,Normal value,3,Thousands,,,,,2,Two,,
DATAFLOW,OECD.ENV.EPI:DSD_AIR_GHG@DF_AIR_GHG(1.0),Air emissions - Greenhouse gas emissions Inventories,I,FIN,Finland,A,Annual,N2O,Nitrous oxide,_T,Total emissions excluding LULUCF,T_CO2E,Tonnes of CO2-equivalent,2024,,4284.0641162468,,A,Normal value,3,Thousands,,,,,2,Two,,
DATAFLOW,OECD.ENV.EPI:DSD_AIR_GHG@DF_AIR_GHG(1.0),Air emissions - Greenhouse gas emissions Inventories,I,FRA,France,A,Annual,N2O,Nitrous oxide,_T,Total emissions excluding LULUCF,T_CO2E,Tonnes of CO2-equivalent,2024,,27994.455469351,,A,Normal value,3,Thousands,,,,,2,Two,,
DATAFLOW,OECD.ENV.EPI:DSD_AIR_GHG@DF_AIR_GHG(1.0),Air emissions - Greenhouse gas emissions Inventories,I,DEU,Germany,A,Annual,N2O,Nitrous oxide,_T,Total emissions excluding LULUCF,T_CO2E,Tonnes of CO2-equivalent,2024,,22857.16843965,,A,Normal value,3,Thousands,,,,,2,Two,,
DATAFLOW,OECD.ENV.EPI:DSD_AIR_GHG@DF_AIR_GHG(1.0),Air emissions - Greenhouse gas emissions Inventories,I,GRC,Greece,A,Annual,N2O,Nitrous oxide,_T,Total emissions excluding LULUCF,T_CO2E,Tonnes of CO2-equivalent,2024,,3839.8042898694,,A,Normal value,3,Thousands,,,,,2,Two,,
DATAFLOW,OECD.ENV.EPI:DSD_AIR_GHG@DF_AIR_GHG(1.0),Air emissions - Greenhouse gas emissions Inventories,I,HUN,Hungary,A,Annual,N2O,Nitrous oxide,_T,Total emissions excluding LULUCF,T_CO2E,Tonnes of CO2-equivalent,2024,,4195.7875435148,,A,Normal value,3,Thousands,,,,,2,Two,,
DATAFLOW,OECD.ENV.EPI:DSD_AIR_GHG@DF_AIR_GHG(1.0),Air emissions - Greenhouse gas emissions Inventories,I,ISL,Iceland,A,Annual,N2O,Nitrous oxide,_T,Total emissions excluding LULUCF,T_CO2E,Tonnes of CO2-equivalent,2024,,364.16959770338,,A,Normal value,3,Thousands,,,,,2,Two,,
DATAFLOW,OECD.ENV.EPI:DSD_AIR_GHG@DF_AIR_GHG(1.0),Air emissions - Greenhouse gas emissions Inventories,I,IRL,Ireland,A,Annual,N2O,Nitrous oxide,_T,Total emissions excluding LULUCF,T_CO2E,Tonnes of CO2-equivalent,2024,,5082.759698737,,A,Normal value,3,Thousands,,,,,2,Two,,
DATAFLOW,OECD.ENV.EPI:DSD_AIR_GHG@DF_AIR_GHG(1.0),Air emissions - Greenhouse gas emissions Inventories,I,ISR,Israel,A,Annual,N2O,Nitrous oxide,_T,Total emissions excluding LULUCF,T_CO2E,Tonnes of CO2-equivalent,2024,,1274.31,,A,Normal value,3,Thousands,,,,,2,Two,,
DATAFLOW,OECD.ENV.EPI:DSD_AIR_GHG@DF_AIR_GHG(1.0),Air emissions - Greenhouse gas emissions Inventories,I,ITA,Italy,A,Annual,N2O,Nitrous oxide,_T,Total emissions excluding LULUCF,T_CO2E,Tonnes of CO2-equivalent,2024,,13789.072885929,,A,Normal value,3,Thousands,,,,,2,Two,,
DATAFLOW,OECD.ENV.EPI:DSD_AIR_GHG@DF_AIR_GHG(1.0),Air emissions - Greenhouse gas emissions Inventories,I,JPN,Japan,A,Annual,N2O,Nitrous oxide,_T,Total emissions excluding LULUCF,T_CO2E,Tonnes of CO2-equivalent,2024,,14768.080538823,,A,Normal value,3,Thousands,,,,,2,Two,,
DATAFLOW,OECD.ENV.EPI:DSD_AIR_GHG@DF_AIR_GHG(1.0),Air emissions - Greenhouse gas emissions Inventories,I,LVA,Latvia,A,Annual,N2O,Nitrous oxide,_T,Total emissions excluding LULUCF,T_CO2E,Tonnes of CO2-equivalent,2024,,1262.3305474982,,A,Normal value,3,Thousands,,,,,2,Two,,
DATAFLOW,OECD.ENV.EPI:DSD_AIR_GHG@DF_AIR_GHG(1.0),Air emissions - Greenhouse gas emissions Inventories,I,LTU,Lithuania,A,Annual,N2O,Nitrous oxide,_T,Total emissions excluding LULUCF,T_CO2E,Tonnes of CO2-equivalent,2024,,2053.2799053733,,A,Normal value,3,Thousands,,,,,2,Two,,
DATAFLOW,OECD.ENV.EPI:DSD_AIR_GHG@DF_AIR_GHG(1.0),Air emissions - Greenhouse gas emissions Inventories,I,LUX,Luxembourg,A,Annual,N2O,Nitrous oxide,_T,Total emissions excluding LULUCF,T_CO2E,Tonnes of CO2-equivalent,2024,,300.71199369689,,A,Normal value,3,Thousands,,,,,2,Two,,
DATAFLOW,OECD.ENV.EPI:DSD_AIR_GHG@DF_AIR_GHG(1.0),Air emissions - Greenhouse gas emissions Inventories,I,NLD,Netherlands,A,Annual,N2O,Nitrous oxide,_T,Total emissions excluding LULUCF,T_CO2E,Tonnes of CO2-equivalent,2024,,6476.2773271561,,A,Normal value,3,Thousands,,,,,2,Two,,
DATAFLOW,OECD.ENV.EPI:DSD_AIR_GHG@DF_AIR_GHG(1.0),Air emissions - Greenhouse gas emissions Inventories,I,NZL,New Zealand,A,Annual,N2O,Nitrous oxide,_T,Total emissions excluding LULUCF,T_CO2E,Tonnes of CO2-equivalent,2024,,6726.4968432348,,A,Normal value,3,Thousands,,,,,2,Two,,
DATAFLOW,OECD.ENV.EPI:DSD_AIR_GHG@DF_AIR_GHG(1.0),Air emissions - Greenhouse gas emissions Inventories,I,POL,Poland,A,Annual,N2O,Nitrous oxide,_T,Total emissions excluding LULUCF,T_CO2E,Tonnes of CO2-equivalent,2024,,20518.202390169,,A,Normal value,3,Thousands,,,,,2,Two,,
DATAFLOW,OECD.ENV.EPI:DSD_AIR_GHG@DF_AIR_GHG(1.0),Air emissions - Greenhouse gas emissions Inventories,I,PRT,Portugal,A,Annual,N2O,Nitrous oxide,_T,Total emissions excluding LULUCF,T_CO2E,Tonnes of CO2-equivalent,2024,,3452.6413335323,,A,Normal value,3,Thousands,,,,,2,Two,,
DATAFLOW,OECD.ENV.EPI:DSD_AIR_GHG@DF_AIR_GHG(1.0),Air emissions - Greenhouse gas emissions Inventories,I,SVN,Slovenia,A,Annual,N2O,Nitrous oxide,_T,Total emissions excluding LULUCF,T_CO2E,Tonnes of CO2-equivalent,2024,,680.22121782885,,A,Normal value,3,Thousands,,,,,2,Two,,
DATAFLOW,OECD.ENV.EPI:DSD_AIR_GHG@DF_AIR_GHG(1.0),Air emissions - Greenhouse gas emissions Inventories,I,SWE,Sweden,A,Annual,N2O,Nitrous oxide,_T,Total emissions excluding LULUCF,T_CO2E,Tonnes of CO2-equivalent,2024,,3369.5265115128,,A,Normal value,3,Thousands,,,,,2,Two,,
DATAFLOW,OECD.ENV.EPI:DSD_AIR_GHG@DF_AIR_GHG(1.0),Air emissions - Greenhouse gas emissions Inventories,I,CHE,Switzerland,A,Annual,N2O,Nitrous oxide,_T,Total emissions excluding LULUCF,T_CO2E,Tonnes of CO2-equivalent,2024,,2654.7045627633,,A,Normal value,3,Thousands,,,,,2,Two,,
DATAFLOW,OECD.ENV.EPI:DSD_AIR_GHG@DF_AIR_GHG(1.0),Air emissions - Greenhouse gas emissions Inventories,I,TUR,Türkiye,A,Annual,N2O,Nitrous oxide,_T,Total emissions excluding LULUCF,T_CO2E,Tonnes of CO2-equivalent,2024,,36125.862421817,,A,Normal value,3,Thousands,,,,,2,Two,,
DATAFLOW,OECD.ENV.EPI:DSD_AIR_GHG@DF_AIR_GHG(1.0),Air emissions - Greenhouse gas emissions Inventories,I,HRV,Croatia,A,Annual,N2O,Nitrous oxide,_T,Total emissions excluding LULUCF,T_CO2E,Tonnes of CO2-equivalent,2024,,1367.1259951327,,A,Normal value,3,Thousands,,,,,2,Two,,
DATAFLOW,OECD.ENV.EPI:DSD_AIR_GHG@DF_AIR_GHG(1.0),Air emissions - Greenhouse gas emissions Inventories,I,CYP,Cyprus,A,Annual,N2O,Nitrous oxide,_T,Total emissions excluding LULUCF,T_CO2E,Tonnes of CO2-equivalent,2024,,178.69034815622,,A,Normal value,3,Thousands,,,,,2,Two,,
DATAFLOW,OECD.ENV.EPI:DSD_AIR_GHG@DF_AIR_GHG(1.0),Air emissions - Greenhouse gas emissions Inventories,I,KAZ,Kazakhstan,A,Annual,N2O,Nitrous oxide,_T,Total emissions excluding LULUCF,T_CO2E,Tonnes of CO2-equivalent,2024,,15090.869739738,,A,Normal value,3,Thousands,,,,,2,Two,,
DATAFLOW,OECD.ENV.EPI:DSD_AIR_GHG@DF_AIR_GHG(1.0),Air emissions - Greenhouse gas emissions Inventories,I,LIE,Liechtenstein,A,Annual,N2O,Nitrous oxide,_T,Total emissions excluding LULUCF,T_CO2E,Tonnes of CO2-equivalent,2024,,6.9632266791935,,A,Normal value,3,Thousands,,,,,2,Two,,
DATAFLOW,OECD.ENV.EPI:DSD_AIR_GHG@DF_AIR_GHG(1.0),Air emissions - Greenhouse gas emissions Inventories,I,MLT,Malta,A,Annual,N2O,Nitrous oxide,_T,Total emissions excluding LULUCF,T_CO2E,Tonnes of CO2-equivalent,2024,,38.761432113481,,A,Normal value,3,Thousands,,,,,2,Two,,
DATAFLOW,OECD.ENV.EPI:DSD_AIR_GHG@DF_AIR_GHG(1.0),Air emissions - Greenhouse gas emissions Inventories,I,MCO,Monaco,A,Annual,N2O,Nitrous oxide,_T,Total emissions excluding LULUCF,T_CO2E,Tonnes of CO2-equivalent,2024,,1.9491506027525,,A,Normal value,3,Thousands,,,,,2,Two,,
DATAFLOW,OECD.ENV.EPI:DSD_AIR_GHG@DF_AIR_GHG(1.0),Air emissions - Greenhouse gas emissions Inventories,I,ROU,Romania,A,Annual,N2O,Nitrous oxide,_T,Total emissions excluding LULUCF,T_CO2E,Tonnes of CO2-equivalent,2024,,8607.6268516741,,A,Normal value,3,Thousands,,,,,2,Two,,
DATAFLOW,OECD.ENV.EPI:DSD_AIR_GHG@DF_AIR_GHG(1.0),Air emissions - Greenhouse gas emissions Inventories,I,UKR,Ukraine,A,Annual,N2O,Nitrous oxide,_T,Total emissions excluding LULUCF,T_CO2E,Tonnes of CO2-equivalent,2024,,27738.30569676,,A,Normal value,3,Thousands,,,,,2,Two,,
DATAFLOW,OECD.ENV.EPI:DSD_AIR_GHG@DF_AIR_GHG(1.0),Air emissions - Greenhouse gas emissions Inventories,I,AUS,Australia,A,Annual,N2O,Nitrous oxide,_T,Total emissions excluding LULUCF,T_CO2E,Tonnes of CO2-equivalent,2021,,14541.269950414,,A,Normal value,3,Thousands,,,,,2,Two,,
DATAFLOW,OECD.ENV.EPI:DSD_AIR_GHG@DF_AIR_GHG(1.0),Air emissions - Greenhouse gas emissions Inventories,I,AUT,Austria,A,Annual,N2O,Nitrous oxide,_T,Total emissions excluding LULUCF,T_CO2E,Tonnes of CO2-equivalent,2021,,3524.7073639542,,A,Normal value,3,Thousands,,,,,2,Two,,
DATAFLOW,OECD.ENV.EPI:DSD_AIR_GHG@DF_AIR_GHG(1.0),Air emissions - Greenhouse gas emissions Inventories,I,BEL,Belgium,A,Annual,N2O,Nitrous oxide,_T,Total emissions excluding LULUCF,T_CO2E,Tonnes of CO2-equivalent,2021,,4333.9203915175,,A,Normal value,3,Thousands,,,,,2,Two,,
DATAFLOW,OECD.ENV.EPI:DSD_AIR_GHG@DF_AIR_GHG(1.0),Air emissions - Greenhouse gas emissions Inventories,I,CAN,Canada,A,Annual,N2O,Nitrous oxide,_T,Total emissions excluding LULUCF,T_CO2E,Tonnes of CO2-equivalent,2021,,27193.745949556,,A,Normal value,3,Thousands,,,,,2,Two,,
DATAFLOW,OECD.ENV.EPI:DSD_AIR_GHG@DF_AIR_GHG(1.0),Air emissions - Greenhouse gas emissions Inventories,I,CHL,Chile,A,Annual,N2O,Nitrous oxide,_T,Total emissions excluding LULUCF,T_CO2E,Tonnes of CO2-equivalent,2021,,5327,,A,Normal value,3,Thousands,,,,,2,Two,,
DATAFLOW,OECD.ENV.EPI:DSD_AIR_GHG@DF_AIR_GHG(1.0),Air emissions - Greenhouse gas emissions Inventories,I,COL,Colombia,A,Annual,N2O,Nitrous oxide,_T,Total emissions excluding LULUCF,T_CO2E,Tonnes of CO2-equivalent,2021,,13317.37,,A,Normal value,3,Thousands,,,,,2,Two,,
DATAFLOW,OECD.ENV.EPI:DSD_AIR_GHG@DF_AIR_GHG(1.0),Air emissions - Greenhouse gas emissions Inventories,I,CRI,Costa Rica,A,Annual,N2O,Nitrous oxide,_T,Total emissions excluding LULUCF,T_CO2E,Tonnes of CO2-equivalent,2021,,818.12,,A,Normal value,3,Thousands,,,,,2,Two,,
DATAFLOW,OECD.ENV.EPI:DSD_AIR_GHG@DF_AIR_GHG(1.0),Air emissions - Greenhouse gas emissions Inventories,I,CZE,Czechia,A,Annual,N2O,Nitrous oxide,_T,Total emissions excluding LULUCF,T_CO2E,Tonnes of CO2-equivalent,2021,,4469.2456519364,,A,Normal value,3,Thousands,,,,,2,Two,,
DATAFLOW,OECD.ENV.EPI:DSD_AIR_GHG@DF_AIR_GHG(1.0),Air emissions - Greenhouse gas emissions Inventories,I,DNK,Denmark,A,Annual,N2O,Nitrous oxide,_T,Total emissions excluding LULUCF,T_CO2E,Tonnes of CO2-equivalent,2021,,5242.4137982155,,A,Normal value,3,Thousands,,,,,2,Two,,
DATAFLOW,OECD.ENV.EPI:DSD_AIR_GHG@DF_AIR_GHG(1.0),Air emissions - Greenhouse gas emissions Inventories,I,EST,Estonia,A,Annual,N2O,Nitrous oxide,_T,Total emissions excluding LULUCF,T_CO2E,Tonnes of CO2-equivalent,2021,,864.13684722815,,A,Normal value,3,Thousands,,,,,2,Two,,
DATAFLOW,OECD.ENV.EPI:DSD_AIR_GHG@DF_AIR_GHG(1.0),Air emissions - Greenhouse gas emissions Inventories,I,FIN,Finland,A,Annual,N2O,Nitrous oxide,_T,Total emissions excluding LULUCF,T_CO2E,Tonnes of CO2-equivalent,2021,,4356.3198808256,,A,Normal value,3,Thousands,,,,,2,Two,,
DATAFLOW,OECD.ENV.EPI:DSD_AIR_GHG@DF_AIR_GHG(1.0),Air emissions - Greenhouse gas emissions Inventories,I,FRA,France,A,Annual,N2O,Nitrous oxide,_T,Total emissions excluding LULUCF,T_CO2E,Tonnes of CO2-equivalent,2021,,30270.69412017,,A,Normal value,3,Thousands,,,,,2,Two,,
DATAFLOW,OECD.ENV.EPI:DSD_AIR_GHG@DF_AIR_GHG(1.0),Air emissions - Greenhouse gas emissions Inventories,I,DEU,Germany,A,Annual,N2O,Nitrous oxide,_T,Total emissions excluding LULUCF,T_CO2E,Tonnes of CO2-equivalent,2021,,25656.1665049,,A,Normal value,3,Thousands,,,,,2,Two,,
DATAFLOW,OECD.ENV.EPI:DSD_AIR_GHG@DF_AIR_GHG(1.0),Air emissions - Greenhouse gas emissions Inventories,I,GRC,Greece,A,Annual,N2O,Nitrous oxide,_T,Total emissions excluding LULUCF,T_CO2E,Tonnes of CO2-equivalent,2021,,3942.8849686248,,A,Normal value,3,Thousands,,,,,2,Two,,
DATAFLOW,OECD.ENV.EPI:DSD_AIR_GHG@DF_AIR_GHG(1.0),Air emissions - Greenhouse gas emissions Inventories,I,HUN,Hungary,A,Annual,N2O,Nitrous oxide,_T,Total emissions excluding LULUCF,T_CO2E,Tonnes of CO2-equivalent,2021,,4803.3454839174,,A,Normal value,3,Thousands,,,,,2,Two,,
DATAFLOW,OECD.ENV.EPI:DSD_AIR_GHG@DF_AIR_GHG(1.0),Air emissions - Greenhouse gas emissions Inventories,I,ISL,Iceland,A,Annual,N2O,Nitrous oxide,_T,Total emissions excluding LULUCF,T_CO2E,Tonnes of CO2-equivalent,2021,,370.42444568329,,A,Normal value,3,Thousands,,,,,2,Two,,
DATAFLOW,OECD.ENV.EPI:DSD_AIR_GHG@DF_AIR_GHG(1.0),Air emissions - Greenhouse gas emissions Inventories,I,IRL,Ireland,A,Annual,N2O,Nitrous oxide,_T,Total emissions excluding LULUCF,T_CO2E,Tonnes of CO2-equivalent,2021,,5854.4042045188,,A,Normal value,3,Thousands,,,,,2,Two,,
DATAFLOW,OECD.ENV.EPI:DSD_AIR_GHG@DF_AIR_GHG(1.0),Air emissions - Greenhouse gas emissions Inventories,I,ISR,Israel,A,Annual,N2O,Nitrous oxide,_T,Total emissions excluding LULUCF,T_CO2E,Tonnes of CO2-equivalent,2021,,1410.87,,A,Normal value,3,Thousands,,,,,2,Two,,
DATAFLOW,OECD.ENV.EPI:DSD_AIR_GHG@DF_AIR_GHG(1.0),Air emissions - Greenhouse gas emissions Inventories,I,ITA,Italy,A,Annual,N2O,Nitrous oxide,_T,Total emissions excluding LULUCF,T_CO2E,Tonnes of CO2-equivalent,2021,,15210.044625483,,A,Normal value,3,Thousands,,,,,2,Two,,
DATAFLOW,OECD.ENV.EPI:DSD_AIR_GHG@DF_AIR_GHG(1.0),Air emissions - Greenhouse gas emissions Inventories,I,JPN,Japan,A,Annual,N2O,Nitrous oxide,_T,Total emissions excluding LULUCF,T_CO2E,Tonnes of CO2-equivalent,2021,,16820.244766947,,A,Normal value,3,Thousands,,,,,2,Two,,
DATAFLOW,OECD.ENV.EPI:DSD_AIR_GHG@DF_AIR_GHG(1.0),Air emissions - Greenhouse gas emissions Inventories,I,KOR,Korea,A,Annual,N2O,Nitrous oxide,_T,Total emissions excluding LULUCF,T_CO2E,Tonnes of CO2-equivalent,2021,,10679.81,,A,Normal value,3,Thousands,,,,,2,Two,,
DATAFLOW,OECD.ENV.EPI:DSD_AIR_GHG@DF_AIR_GHG(1.0),Air emissions - Greenhouse gas emissions Inventories,I,LVA,Latvia,A,Annual,N2O,Nitrous oxide,_T,Total emissions excluding LULUCF,T_CO2E,Tonnes of CO2-equivalent,2021,,1227.108987388,,A,Normal value,3,Thousands,,,,,2,Two,,
DATAFLOW,OECD.ENV.EPI:DSD_AIR_GHG@DF_AIR_GHG(1.0),Air emissions - Greenhouse gas emissions Inventories,I,LTU,Lithuania,A,Annual,N2O,Nitrous oxide,_T,Total emissions excluding LULUCF,T_CO2E,Tonnes of CO2-equivalent,2021,,2271.2070155843,,A,Normal value,3,Thousands,,,,,2,Two,,
DATAFLOW,OECD.ENV.EPI:DSD_AIR_GHG@DF_AIR_GHG(1.0),Air emissions - Greenhouse gas emissions Inventories,I,LUX,Luxembourg,A,Annual,N2O,Nitrous oxide,_T,Total emissions excluding LULUCF,T_CO2E,Tonnes of CO2-equivalent,2021,,378.61672147391,,A,Normal value,3,Thousands,,,,,2,Two,,
DATAFLOW,OECD.ENV.EPI:DSD_AIR_GHG@DF_AIR_GHG(1.0),Air emissions - Greenhouse gas emissions Inventories,I,MEX,Mexico,A,Annual,N2O,Nitrous oxide,_T,Total emissions excluding LULUCF,T_CO2E,Tonnes of CO2-equivalent,2021,,36962.43,,A,Normal value,3,Thousands,,,,,2,Two,,
DATAFLOW,OECD.ENV.EPI:DSD_AIR_GHG@DF_AIR_GHG(1.0),Air emissions - Greenhouse gas emissions Inventories,I,NLD,Netherlands,A,Annual,N2O,Nitrous oxide,_T,Total emissions excluding LULUCF,T_CO2E,Tonnes of CO2-equivalent,2021,,7108.2447326852,,A,Normal value,3,Thousands,,,,,2,Two,,
DATAFLOW,OECD.ENV.EPI:DSD_AIR_GHG@DF_AIR_GHG(1.0),Air emissions - Greenhouse gas emissions Inventories,I,NZL,New Zealand,A,Annual,N2O,Nitrous oxide,_T,Total emissions excluding LULUCF,T_CO2E,Tonnes of CO2-equivalent,2021,,7024.3976687851,,A,Normal value,3,Thousands,,,,,2,Two,,
DATAFLOW,OECD.ENV.EPI:DSD_AIR_GHG@DF_AIR_GHG(1.0),Air emissions - Greenhouse gas emissions Inventories,I,NOR,Norway,A,Annual,N2O,Nitrous oxide,_T,Total emissions excluding LULUCF,T_CO2E,Tonnes of CO2-equivalent,2021,,2247.7330352583,,A,Normal value,3,Thousands,,,,,2,Two,,
DATAFLOW,OECD.ENV.EPI:DSD_AIR_GHG@DF_AIR_GHG(1.0),Air emissions - Greenhouse gas emissions Inventories,I,POL,Poland,A,Annual,N2O,Nitrous oxide,_T,Total emissions excluding LULUCF,T_CO2E,Tonnes of CO2-equivalent,2021,,20938.105282079,,A,Normal value,3,Thousands,,,,,2,Two,,
DATAFLOW,OECD.ENV.EPI:DSD_AIR_GHG@DF_AIR_GHG(1.0),Air emissions - Greenhouse gas emissions Inventories,I,PRT,Portugal,A,Annual,N2O,Nitrous oxide,_T,Total emissions excluding LULUCF,T_CO2E,Tonnes of CO2-equivalent,2021,,3479.6374755834,,A,Normal value,3,Thousands,,,,,2,Two,,
DATAFLOW,OECD.ENV.EPI:DSD_AIR_GHG@DF_AIR_GHG(1.0),Air emissions - Greenhouse gas emissions Inventories,I,SVK,Slovak Republic,A,Annual,N2O,Nitrous oxide,_T,Total emissions excluding LULUCF,T_CO2E,Tonnes of CO2-equivalent,2021,,1597.5640196337,,A,Normal value,3,Thousands,,,,,2,Two,,
DATAFLOW,OECD.ENV.EPI:DSD_AIR_GHG@DF_AIR_GHG(1.0),Air emissions - Greenhouse gas emissions Inventories,I,SVN,Slovenia,A,Annual,N2O,Nitrous oxide,_T,Total emissions excluding LULUCF,T_CO2E,Tonnes of CO2-equivalent,2021,,757.97256007773,,A,Normal value,3,Thousands,,,,,2,Two,,
DATAFLOW,OECD.ENV.EPI:DSD_AIR_GHG@DF_AIR_GHG(1.0),Air emissions - Greenhouse gas emissions Inventories,I,ESP,Spain,A,Annual,N2O,Nitrous oxide,_T,Total emissions excluding LULUCF,T_CO2E,Tonnes of CO2-equivalent,2021,,13800.148235128,,A,Normal value,3,Thousands,,,,,2,Two,,
DATAFLOW,OECD.ENV.EPI:DSD_AIR_GHG@DF_AIR_GHG(1.0),Air emissions - Greenhouse gas emissions Inventories,I,SWE,Sweden,A,Annual,N2O,Nitrous oxide,_T,Total emissions excluding LULUCF,T_CO2E,Tonnes of CO2-equivalent,2021,,3468.9522307765,,A,Normal value,3,Thousands,,,,,2,Two,,
DATAFLOW,OECD.ENV.EPI:DSD_AIR_GHG@DF_AIR_GHG(1.0),Air emissions - Greenhouse gas emissions Inventories,I,CHE,Switzerland,A,Annual,N2O,Nitrous oxide,_T,Total emissions excluding LULUCF,T_CO2E,Tonnes of CO2-equivalent,2021,,3052.2422109264,,A,Normal value,3,Thousands,,,,,2,Two,,
DATAFLOW,OECD.ENV.EPI:DSD_AIR_GHG@DF_AIR_GHG(1.0),Air emissions - Greenhouse gas emissions Inventories,I,TUR,Türkiye,A,Annual,N2O,Nitrous oxide,_T,Total emissions excluding LULUCF,T_CO2E,Tonnes of CO2-equivalent,2021,,35848.734061824,,A,Normal value,3,Thousands,,,,,2,Two,,
DATAFLOW,OECD.ENV.EPI:DSD_AIR_GHG@DF_AIR_GHG(1.0),Air emissions - Greenhouse gas emissions Inventories,I,GBR,United Kingdom,A,Annual,N2O,Nitrous oxide,_T,Total emissions excluding LULUCF,T_CO2E,Tonnes of CO2-equivalent,2021,,20945.515305619,,A,Normal value,3,Thousands,,,,,2,Two,,
DATAFLOW,OECD.ENV.EPI:DSD_AIR_GHG@DF_AIR_GHG(1.0),Air emissions - Greenhouse gas emissions Inventories,I,USA,United States,A,Annual,N2O,Nitrous oxide,_T,Total emissions excluding LULUCF,T_CO2E,Tonnes of CO2-equivalent,2021,,398167.13,,A,Normal value,3,Thousands,,,,,2,Two,,
DATAFLOW,OECD.ENV.EPI:DSD_AIR_GHG@DF_AIR_GHG(1.0),Air emissions - Greenhouse gas emissions Inventories,I,EU27_2020,European Union (27 countries from 01/02/2020),A,Annual,N2O,Nitrous oxide,_T,Total emissions excluding LULUCF,T_CO2E,Tonnes of CO2-equivalent,2021,,191047.63973973,,A,Normal value,3,Thousands,,,,,2,Two,,
DATAFLOW,OECD.ENV.EPI:DSD_AIR_GHG@DF_AIR_GHG(1.0),Air emissions - Greenhouse gas emissions Inventories,I,DZA,Algeria,A,Annual,N2O,Nitrous oxide,_T,Total emissions excluding LULUCF,T_CO2E,Tonnes of CO2-equivalent,2021,,4792.3245919169,,A,Normal value,3,Thousands,,,,,2,Two,,
DATAFLOW,OECD.ENV.EPI:DSD_AIR_GHG@DF_AIR_GHG(1.0),Air emissions - Greenhouse gas emissions Inventories,I,ARG,Argentina,A,Annual,N2O,Nitrous oxide,_T,Total emissions excluding LULUCF,T_CO2E,Tonnes of CO2-equivalent,2021,,25470.268911349,,A,Normal value,3,Thousands,,,,,2,Two,,
DATAFLOW,OECD.ENV.EPI:DSD_AIR_GHG@DF_AIR_GHG(1.0),Air emissions - Greenhouse gas emissions Inventories,I,AZE,Azerbaijan,A,Annual,N2O,Nitrous oxide,_T,Total emissions excluding LULUCF,T_CO2E,Tonnes of CO2-equivalent,2021,,1498.9121824834,,A,Normal value,3,Thousands,,,,,2,Two,,
DATAFLOW,OECD.ENV.EPI:DSD_AIR_GHG@DF_AIR_GHG(1.0),Air emissions - Greenhouse gas emissions Inventories,I,BTN,Bhutan,A,Annual,N2O,Nitrous oxide,_T,Total emissions excluding LULUCF,T_CO2E,Tonnes of CO2-equivalent,2021,,27.267798156171,,A,Normal value,3,Thousands,,,,,2,Two,,
DATAFLOW,OECD.ENV.EPI:DSD_AIR_GHG@DF_AIR_GHG(1.0),Air emissions - Greenhouse gas emissions Inventories,I,BRA,Brazil,A,Annual,N2O,Nitrous oxide,_T,Total emissions excluding LULUCF,T_CO2E,Tonnes of CO2-equivalent,2021,,158137.69208026,,A,Normal value,3,Thousands,,,,,2,Two,,
DATAFLOW,OECD.ENV.EPI:DSD_AIR_GHG@DF_AIR_GHG(1.0),Air emissions - Greenhouse gas emissions Inventories,I,BRN,Brunei Darussalam,A,Annual,N2O,Nitrous oxide,_T,Total emissions excluding LULUCF,T_CO2E,Tonnes of CO2-equivalent,2021,,59.574945963592,,A,Normal value,3,Thousands,,,,,2,Two,,
DATAFLOW,OECD.ENV.EPI:DSD_AIR_GHG@DF_AIR_GHG(1.0),Air emissions - Greenhouse gas emissions Inventories,I,BGR,Bulgaria,A,Annual,N2O,Nitrous oxide,_T,Total emissions excluding LULUCF,T_CO2E,Tonnes of CO2-equivalent,2021,,4429.8576691873,,A,Normal value,3,Thousands,,,,,2,Two,,
DATAFLOW,OECD.ENV.EPI:DSD_AIR_GHG@DF_AIR_GHG(1.0),Air emissions - Greenhouse gas emissions Inventories,I,CHN,China (People’s Republic of),A,Annual,N2O,Nitrous oxide,_T,Total emissions excluding LULUCF,T_CO2E,Tonnes of CO2-equivalent,2021,,557063.16490252,,A,Normal value,3,Thousands,,,,,2,Two,,
DATAFLOW,OECD.ENV.EPI:DSD_AIR_GHG@DF_AIR_GHG(1.0),Air emissions - Greenhouse gas emissions Inventories,I,CIV,Côte d’Ivoire,A,Annual,N2O,Nitrous oxide,_T,Total emissions excluding LULUCF,T_CO2E,Tonnes of CO2-equivalent,2021,,1815.3788593069,,A,Normal value,3,Thousands,,,,,2,Two,,
DATAFLOW,OECD.ENV.EPI:DSD_AIR_GHG@DF_AIR_GHG(1.0),Air emissions - Greenhouse gas emissions Inventories,I,HRV,Croatia,A,Annual,N2O,Nitrous oxide,_T,Total emissions excluding LULUCF,T_CO2E,Tonnes of CO2-equivalent,2021,,1439.3440569555,,A,Normal value,3,Thousands,,,,,2,Two,,
DATAFLOW,OECD.ENV.EPI:DSD_AIR_GHG@DF_AIR_GHG(1.0),Air emissions - Greenhouse gas emissions Inventories,I,CUB,Cuba,A,Annual,N2O,Nitrous oxide,_T,Total emissions excluding LULUCF,T_CO2E,Tonnes of CO2-equivalent,2021,,4836.044479394,,A,Normal value,3,Thousands,,,,,2,Two,,
DATAFLOW,OECD.ENV.EPI:DSD_AIR_GHG@DF_AIR_GHG(1.0),Air emissions - Greenhouse gas emissions Inventories,I,CYP,Cyprus,A,Annual,N2O,Nitrous oxide,_T,Total emissions excluding LULUCF,T_CO2E,Tonnes of CO2-equivalent,2021,,177.87521998001,,A,Normal value,3,Thousands,,,,,2,Two,,
DATAFLOW,OECD.ENV.EPI:DSD_AIR_GHG@DF_AIR_GHG(1.0),Air emissions - Greenhouse gas emissions Inventories,I,EGY,Egypt,A,Annual,N2O,Nitrous oxide,_T,Total emissions excluding LULUCF,T_CO2E,Tonnes of CO2-equivalent,2021,,29128.684207531,,A,Normal value,3,Thousands,,,,,2,Two,,
DATAFLOW,OECD.ENV.EPI:DSD_AIR_GHG@DF_AIR_GHG(1.0),Air emissions - Greenhouse gas emissions Inventories,I,GEO,Georgia,A,Annual,N2O,Nitrous oxide,_T,Total emissions excluding LULUCF,T_CO2E,Tonnes of CO2-equivalent,2021,,929.1630307034,,A,Normal value,3,Thousands,,,,,2,Two,,
DATAFLOW,OECD.ENV.EPI:DSD_AIR_GHG@DF_AIR_GHG(1.0),Air emissions - Greenhouse gas emissions Inventories,I,GHA,Ghana,A,Annual,N2O,Nitrous oxide,_T,Total emissions excluding LULUCF,T_CO2E,Tonnes of CO2-equivalent,2021,,7308.4708197265,,A,Normal value,3,Thousands,,,,,2,Two,,
DATAFLOW,OECD.ENV.EPI:DSD_AIR_GHG@DF_AIR_GHG(1.0),Air emissions - Greenhouse gas emissions Inventories,I,GTM,Guatemala,A,Annual,N2O,Nitrous oxide,_T,Total emissions excluding LULUCF,T_CO2E,Tonnes of CO2-equivalent,2021,,2162.6206594475,,A,Normal value,3,Thousands,,,,,2,Two,,
DATAFLOW,OECD.ENV.EPI:DSD_AIR_GHG@DF_AIR_GHG(1.0),Air emissions - Greenhouse gas emissions Inventories,I,GNB,Guinea-Bissau,A,Annual,N2O,Nitrous oxide,_T,Total emissions excluding LULUCF,T_CO2E,Tonnes of CO2-equivalent,2021,,61.093578950567,,A,Normal value,3,Thousands,,,,,2,Two,,
DATAFLOW,OECD.ENV.EPI:DSD_AIR_GHG@DF_AIR_GHG(1.0),Air emissions - Greenhouse gas emissions Inventories,I,GUY,Guyana,A,Annual,N2O,Nitrous oxide,_T,Total emissions excluding LULUCF,T_CO2E,Tonnes of CO2-equivalent,2021,,507.44995521257,,A,Normal value,3,Thousands,,,,,2,Two,,
DATAFLOW,OECD.ENV.EPI:DSD_AIR_GHG@DF_AIR_GHG(1.0),Air emissions - Greenhouse gas emissions Inventories,I,VAT,Holy See,A,Annual,N2O,Nitrous oxide,_T,Total emissions excluding LULUCF,T_CO2E,Tonnes of CO2-equivalent,2021,,0.06817129840926,,A,Normal value,3,Thousands,,,,,2,Two,,
DATAFLOW,OECD.ENV.EPI:DSD_AIR_GHG@DF_AIR_GHG(1.0),Air emissions - Greenhouse gas emissions Inventories,I,IND,India,A,Annual,N2O,Nitrous oxide,_T,Total emissions excluding LULUCF,T_CO2E,Tonnes of CO2-equivalent,2021,,120993.7,,A,Normal value,3,Thousands,,,,,2,Two,,
DATAFLOW,OECD.ENV.EPI:DSD_AIR_GHG@DF_AIR_GHG(1.0),Air emissions - Greenhouse gas emissions Inventories,I,IDN,Indonesia,A,Annual,N2O,Nitrous oxide,_T,Total emissions excluding LULUCF,T_CO2E,Tonnes of CO2-equivalent,2021,,52435.127371308,,A,Normal value,3,Thousands,,,,,2,Two,,
DATAFLOW,OECD.ENV.EPI:DSD_AIR_GHG@DF_AIR_GHG(1.0),Air emissions - Greenhouse gas emissions Inventories,I,IRQ,Iraq,A,Annual,N2O,Nitrous oxide,_T,Total emissions excluding LULUCF,T_CO2E,Tonnes of CO2-equivalent,2021,,5917.0687610557,,A,Normal value,3,Thousands,,,,,2,Two,,
DATAFLOW,OECD.ENV.EPI:DSD_AIR_GHG@DF_AIR_GHG(1.0),Air emissions - Greenhouse gas emissions Inventories,I,KAZ,Kazakhstan,A,Annual,N2O,Nitrous oxide,_T,Total emissions excluding LULUCF,T_CO2E,Tonnes of CO2-equivalent,2021,,14734.858282448,,A,Normal value,3,Thousands,,,,,2,Two,,
DATAFLOW,OECD.ENV.EPI:DSD_AIR_GHG@DF_AIR_GHG(1.0),Air emissions - Greenhouse gas emissions Inventories,I,KEN,Kenya,A,Annual,N2O,Nitrous oxide,_T,Total emissions excluding LULUCF,T_CO2E,Tonnes of CO2-equivalent,2021,,3993.915807023,,A,Normal value,3,Thousands,,,,,2,Two,,
DATAFLOW,OECD.ENV.EPI:DSD_AIR_GHG@DF_AIR_GHG(1.0),Air emissions - Greenhouse gas emissions Inventories,I,LBN,Lebanon,A,Annual,N2O,Nitrous oxide,_T,Total emissions excluding LULUCF,T_CO2E,Tonnes of CO2-equivalent,2021,,535.7028487807,,A,Normal value,3,Thousands,,,,,2,Two,,
DATAFLOW,OECD.ENV.EPI:DSD_AIR_GHG@DF_AIR_GHG(1.0),Air emissions - Greenhouse gas emissions Inventories,I,LIE,Liechtenstein,A,Annual,N2O,Nitrous oxide,_T,Total emissions excluding LULUCF,T_CO2E,Tonnes of CO2-equivalent,2021,,7.2301493539509,,A,Normal value,3,Thousands,,,,,2,Two,,
DATAFLOW,OECD.ENV.EPI:DSD_AIR_GHG@DF_AIR_GHG(1.0),Air emissions - Greenhouse gas emissions Inventories,I,MYS,Malaysia,A,Annual,N2O,Nitrous oxide,_T,Total emissions excluding LULUCF,T_CO2E,Tonnes of CO2-equivalent,2021,,5699.3780321293,,A,Normal value,3,Thousands,,,,,2,Two,,
DATAFLOW,OECD.ENV.EPI:DSD_AIR_GHG@DF_AIR_GHG(1.0),Air emissions - Greenhouse gas emissions Inventories,I,MDV,Maldives,A,Annual,N2O,Nitrous oxide,_T,Total emissions excluding LULUCF,T_CO2E,Tonnes of CO2-equivalent,2021,,20.821262664413,,A,Normal value,3,Thousands,,,,,2,Two,,
DATAFLOW,OECD.ENV.EPI:DSD_AIR_GHG@DF_AIR_GHG(1.0),Air emissions - Greenhouse gas emissions Inventories,I,MLT,Malta,A,Annual,N2O,Nitrous oxide,_T,Total emissions excluding LULUCF,T_CO2E,Tonnes of CO2-equivalent,2021,,40.658771160185,,A,Normal value,3,Thousands,,,,,2,Two,,
DATAFLOW,OECD.ENV.EPI:DSD_AIR_GHG@DF_AIR_GHG(1.0),Air emissions - Greenhouse gas emissions Inventories,I,MUS,Mauritius,A,Annual,N2O,Nitrous oxide,_T,Total emissions excluding LULUCF,T_CO2E,Tonnes of CO2-equivalent,2021,,105.44945830823,,A,Normal value,3,Thousands,,,,,2,Two,,
DATAFLOW,OECD.ENV.EPI:DSD_AIR_GHG@DF_AIR_GHG(1.0),Air emissions - Greenhouse gas emissions Inventories,I,MDA,Moldova,A,Annual,N2O,Nitrous oxide,_T,Total emissions excluding LULUCF,T_CO2E,Tonnes of CO2-equivalent,2021,,1349.3325449504,,A,Normal value,3,Thousands,,,,,2,Two,,
DATAFLOW,OECD.ENV.EPI:DSD_AIR_GHG@DF_AIR_GHG(1.0),Air emissions - Greenhouse gas emissions Inventories,I,MCO,Monaco,A,Annual,N2O,Nitrous oxide,_T,Total emissions excluding LULUCF,T_CO2E,Tonnes of CO2-equivalent,2021,,2.516911589195,,A,Normal value,3,Thousands,,,,,2,Two,,
DATAFLOW,OECD.ENV.EPI:DSD_AIR_GHG@DF_AIR_GHG(1.0),Air emissions - Greenhouse gas emissions Inventories,I,MAR,Morocco,A,Annual,N2O,Nitrous oxide,_T,Total emissions excluding LULUCF,T_CO2E,Tonnes of CO2-equivalent,2021,,11342.743229806,,A,Normal value,3,Thousands,,,,,2,Two,,
DATAFLOW,OECD.ENV.EPI:DSD_AIR_GHG@DF_AIR_GHG(1.0),Air emissions - Greenhouse gas emissions Inventories,I,NAM,Namibia,A,Annual,N2O,Nitrous oxide,_T,Total emissions excluding LULUCF,T_CO2E,Tonnes of CO2-equivalent,2021,,1765.393857074,,A,Normal value,3,Thousands,,,,,2,Two,,
DATAFLOW,OECD.ENV.EPI:DSD_AIR_GHG@DF_AIR_GHG(1.0),Air emissions - Greenhouse gas emissions Inventories,I,NPL,Nepal,A,Annual,N2O,Nitrous oxide,_T,Total emissions excluding LULUCF,T_CO2E,Tonnes of CO2-equivalent,2021,,5036.0179748338,,A,Normal value,3,Thousands,,,,,2,Two,,
DATAFLOW,OECD.ENV.EPI:DSD_AIR_GHG@DF_AIR_GHG(1.0),Air emissions - Greenhouse gas emissions Inventories,I,NGA,Nigeria,A,Annual,N2O,Nitrous oxide,_T,Total emissions excluding LULUCF,T_CO2E,Tonnes of CO2-equivalent,2021,,30741.45380336,,A,Normal value,3,Thousands,,,,,2,Two,,
DATAFLOW,OECD.ENV.EPI:DSD_AIR_GHG@DF_AIR_GHG(1.0),Air emissions - Greenhouse gas emissions Inventories,I,PAN,Panama,A,Annual,N2O,Nitrous oxide,_T,Total emissions excluding LULUCF,T_CO2E,Tonnes of CO2-equivalent,2021,,825.28063246629,,A,Normal value,3,Thousands,,,,,2,Two,,
DATAFLOW,OECD.ENV.EPI:DSD_AIR_GHG@DF_AIR_GHG(1.0),Air emissions - Greenhouse gas emissions Inventories,I,PER,Peru,A,Annual,N2O,Nitrous oxide,_T,Total emissions excluding LULUCF,T_CO2E,Tonnes of CO2-equivalent,2021,,12307.836091145,,A,Normal value,3,Thousands,,,,,2,Two,,
DATAFLOW,OECD.ENV.EPI:DSD_AIR_GHG@DF_AIR_GHG(1.0),Air emissions - Greenhouse gas emissions Inventories,I,ROU,Romania,A,Annual,N2O,Nitrous oxide,_T,Total emissions excluding LULUCF,T_CO2E,Tonnes of CO2-equivalent,2021,,9909.8893623107,,A,Normal value,3,Thousands,,,,,2,Two,,
DATAFLOW,OECD.ENV.EPI:DSD_AIR_GHG@DF_AIR_GHG(1.0),Air emissions - Greenhouse gas emissions Inventories,I,RWA,Rwanda,A,Annual,N2O,Nitrous oxide,_T,Total emissions excluding LULUCF,T_CO2E,Tonnes of CO2-equivalent,2021,,1460.604458311,,A,Normal value,3,Thousands,,,,,2,Two,,
DATAFLOW,OECD.ENV.EPI:DSD_AIR_GHG@DF_AIR_GHG(1.0),Air emissions - Greenhouse gas emissions Inventories,I,SAU,Saudi Arabia,A,Annual,N2O,Nitrous oxide,_T,Total emissions excluding LULUCF,T_CO2E,Tonnes of CO2-equivalent,2021,,7677.9828671969,,A,Normal value,3,Thousands,,,,,2,Two,,
DATAFLOW,OECD.ENV.EPI:DSD_AIR_GHG@DF_AIR_GHG(1.0),Air emissions - Greenhouse gas emissions Inventories,I,SRB,Serbia,A,Annual,N2O,Nitrous oxide,_T,Total emissions excluding LULUCF,T_CO2E,Tonnes of CO2-equivalent,2021,,2515.1305911705,,A,Normal value,3,Thousands,,,,,2,Two,,
DATAFLOW,OECD.ENV.EPI:DSD_AIR_GHG@DF_AIR_GHG(1.0),Air emissions - Greenhouse gas emissions Inventories,I,SGP,Singapore,A,Annual,N2O,Nitrous oxide,_T,Total emissions excluding LULUCF,T_CO2E,Tonnes of CO2-equivalent,2021,,588.75479108145,,A,Normal value,3,Thousands,,,,,2,Two,,
DATAFLOW,OECD.ENV.EPI:DSD_AIR_GHG@DF_AIR_GHG(1.0),Air emissions - Greenhouse gas emissions Inventories,I,SLB,Solomon Islands,A,Annual,N2O,Nitrous oxide,_T,Total emissions excluding LULUCF,T_CO2E,Tonnes of CO2-equivalent,2021,,43.720689671823,,A,Normal value,3,Thousands,,,,,2,Two,,
DATAFLOW,OECD.ENV.EPI:DSD_AIR_GHG@DF_AIR_GHG(1.0),Air emissions - Greenhouse gas emissions Inventories,I,ZAF,South Africa,A,Annual,N2O,Nitrous oxide,_T,Total emissions excluding LULUCF,T_CO2E,Tonnes of CO2-equivalent,2021,,16815.429313925,,A,Normal value,3,Thousands,,,,,2,Two,,
DATAFLOW,OECD.ENV.EPI:DSD_AIR_GHG@DF_AIR_GHG(1.0),Air emissions - Greenhouse gas emissions Inventories,I,THA,Thailand,A,Annual,N2O,Nitrous oxide,_T,Total emissions excluding LULUCF,T_CO2E,Tonnes of CO2-equivalent,2021,,15297.961291369,,A,Normal value,3,Thousands,,,,,2,Two,,
DATAFLOW,OECD.ENV.EPI:DSD_AIR_GHG@DF_AIR_GHG(1.0),Air emissions - Greenhouse gas emissions Inventories,I,UKR,Ukraine,A,Annual,N2O,Nitrous oxide,_T,Total emissions excluding LULUCF,T_CO2E,Tonnes of CO2-equivalent,2021,,37589.799132199,,A,Normal value,3,Thousands,,,,,2,Two,,
DATAFLOW,OECD.ENV.EPI:DSD_AIR_GHG@DF_AIR_GHG(1.0),Air emissions - Greenhouse gas emissions Inventories,I,URY,Uruguay,A,Annual,N2O,Nitrous oxide,_T,Total emissions excluding LULUCF,T_CO2E,Tonnes of CO2-equivalent,2021,,8601.3622873805,,A,Normal value,3,Thousands,,,,,2,Two,,
DATAFLOW,OECD.ENV.EPI:DSD_AIR_GHG@DF_AIR_GHG(1.0),Air emissions - Greenhouse gas emissions Inventories,I,UZB,Uzbekistan,A,Annual,N2O,Nitrous oxide,_T,Total emissions excluding LULUCF,T_CO2E,Tonnes of CO2-equivalent,2021,,12170.629332294,,A,Normal value,3,Thousands,,,,,2,Two,,
DATAFLOW,OECD.ENV.EPI:DSD_AIR_GHG@DF_AIR_GHG(1.0),Air emissions - Greenhouse gas emissions Inventories,I,VEN,Venezuela,A,Annual,N2O,Nitrous oxide,_T,Total emissions excluding LULUCF,T_CO2E,Tonnes of CO2-equivalent,2021,,2671.7701357024,,A,Normal value,3,Thousands,,,,,2,Two,,
DATAFLOW,OECD.ENV.EPI:DSD_AIR_GHG@DF_AIR_GHG(1.0),Air emissions - Greenhouse gas emissions Inventories,I,ZWE,Zimbabwe,A,Annual,N2O,Nitrous oxide,_T,Total emissions excluding LULUCF,T_CO2E,Tonnes of CO2-equivalent,2021,,2758.9171047206,,A,Normal value,3,Thousands,,,,,2,Two,,
DATAFLOW,OECD.ENV.EPI:DSD_AIR_GHG@DF_AIR_GHG(1.0),Air emissions - Greenhouse gas emissions Inventories,I,AUS,Australia,A,Annual,N2O,Nitrous oxide,_T,Total emissions excluding LULUCF,T_CO2E,Tonnes of CO2-equivalent,2020,,13692.281675999,,A,Normal value,3,Thousands,,,,,2,Two,,
DATAFLOW,OECD.ENV.EPI:DSD_AIR_GHG@DF_AIR_GHG(1.0),Air emissions - Greenhouse gas emissions Inventories,I,AUT,Austria,A,Annual,N2O,Nitrous oxide,_T,Total emissions excluding LULUCF,T_CO2E,Tonnes of CO2-equivalent,2020,,3507.4886691064,,A,Normal value,3,Thousands,,,,,2,Two,,
DATAFLOW,OECD.ENV.EPI:DSD_AIR_GHG@DF_AIR_GHG(1.0),Air emissions - Greenhouse gas emissions Inventories,I,BEL,Belgium,A,Annual,N2O,Nitrous oxide,_T,Total emissions excluding LULUCF,T_CO2E,Tonnes of CO2-equivalent,2020,,4384.9576441111,,A,Normal value,3,Thousands,,,,,2,Two,,
DATAFLOW,OECD.ENV.EPI:DSD_AIR_GHG@DF_AIR_GHG(1.0),Air emissions - Greenhouse gas emissions Inventories,I,CAN,Canada,A,Annual,N2O,Nitrous oxide,_T,Total emissions excluding LULUCF,T_CO2E,Tonnes of CO2-equivalent,2020,,28147.725899251,,A,Normal value,3,Thousands,,,,,2,Two,,
DATAFLOW,OECD.ENV.EPI:DSD_AIR_GHG@DF_AIR_GHG(1.0),Air emissions - Greenhouse gas emissions Inventories,I,CHL,Chile,A,Annual,N2O,Nitrous oxide,_T,Total emissions excluding LULUCF,T_CO2E,Tonnes of CO2-equivalent,2020,,5294.21,,A,Normal value,3,Thousands,,,,,2,Two,,
DATAFLOW,OECD.ENV.EPI:DSD_AIR_GHG@DF_AIR_GHG(1.0),Air emissions - Greenhouse gas emissions Inventories,I,COL,Colombia,A,Annual,N2O,Nitrous oxide,_T,Total emissions excluding LULUCF,T_CO2E,Tonnes of CO2-equivalent,2020,,13270.15,,A,Normal value,3,Thousands,,,,,2,Two,,
DATAFLOW,OECD.ENV.EPI:DSD_AIR_GHG@DF_AIR_GHG(1.0),Air emissions - Greenhouse gas emissions Inventories,I,CRI,Costa Rica,A,Annual,N2O,Nitrous oxide,_T,Total emissions excluding LULUCF,T_CO2E,Tonnes of CO2-equivalent,2020,,795.47,,A,Normal value,3,Thousands,,,,,2,Two,,
DATAFLOW,OECD.ENV.EPI:DSD_AIR_GHG@DF_AIR_GHG(1.0),Air emissions - Greenhouse gas emissions Inventories,I,CZE,Czechia,A,Annual,N2O,Nitrous oxide,_T,Total emissions excluding LULUCF,T_CO2E,Tonnes of CO2-equivalent,2020,,4289.0545867024,,A,Normal value,3,Thousands,,,,,2,Two,,
DATAFLOW,OECD.ENV.EPI:DSD_AIR_GHG@DF_AIR_GHG(1.0),Air emissions - Greenhouse gas emissions Inventories,I,DNK,Denmark,A,Annual,N2O,Nitrous oxide,_T,Total emissions excluding LULUCF,T_CO2E,Tonnes of CO2-equivalent,2020,,5559.6527964493,,A,Normal value,3,Thousands,,,,,2,Two,,
DATAFLOW,OECD.ENV.EPI:DSD_AIR_GHG@DF_AIR_GHG(1.0),Air emissions - Greenhouse gas emissions Inventories,I,EST,Estonia,A,Annual,N2O,Nitrous oxide,_T,Total emissions excluding LULUCF,T_CO2E,Tonnes of CO2-equivalent,2020,,827.38344559496,,A,Normal value,3,Thousands,,,,,2,Two,,
DATAFLOW,OECD.ENV.EPI:DSD_AIR_GHG@DF_AIR_GHG(1.0),Air emissions - Greenhouse gas emissions Inventories,I,FIN,Finland,A,Annual,N2O,Nitrous oxide,_T,Total emissions excluding LULUCF,T_CO2E,Tonnes of CO2-equivalent,2020,,4227.7636905557,,A,Normal value,3,Thousands,,,,,2,Two,,
DATAFLOW,OECD.ENV.EPI:DSD_AIR_GHG@DF_AIR_GHG(1.0),Air emissions - Greenhouse gas emissions Inventories,I,FRA,France,A,Annual,N2O,Nitrous oxide,_T,Total emissions excluding LULUCF,T_CO2E,Tonnes of CO2-equivalent,2020,,29571.398176332,,A,Normal value,3,Thousands,,,,,2,Two,,
DATAFLOW,OECD.ENV.EPI:DSD_AIR_GHG@DF_AIR_GHG(1.0),Air emissions - Greenhouse gas emissions Inventories,I,DEU,Germany,A,Annual,N2O,Nitrous oxide,_T,Total emissions excluding LULUCF,T_CO2E,Tonnes of CO2-equivalent,2020,,25349.4648223,,A,Normal value,3,Thousands,,,,,2,Two,,
DATAFLOW,OECD.ENV.EPI:DSD_AIR_GHG@DF_AIR_GHG(1.0),Air emissions - Greenhouse gas emissions Inventories,I,GRC,Greece,A,Annual,N2O,Nitrous oxide,_T,Total emissions excluding LULUCF,T_CO2E,Tonnes of CO2-equivalent,2020,,3961.987689358,,A,Normal value,3,Thousands,,,,,2,Two,,
DATAFLOW,OECD.ENV.EPI:DSD_AIR_GHG@DF_AIR_GHG(1.0),Air emissions - Greenhouse gas emissions Inventories,I,HUN,Hungary,A,Annual,N2O,Nitrous oxide,_T,Total emissions excluding LULUCF,T_CO2E,Tonnes of CO2-equivalent,2020,,4761.4527670585,,A,Normal value,3,Thousands,,,,,2,Two,,
DATAFLOW,OECD.ENV.EPI:DSD_AIR_GHG@DF_AIR_GHG(1.0),Air emissions - Greenhouse gas emissions Inventories,I,ISL,Iceland,A,Annual,N2O,Nitrous oxide,_T,Total emissions excluding LULUCF,T_CO2E,Tonnes of CO2-equivalent,2020,,363.43916730173,,A,Normal value,3,Thousands,,,,,2,Two,,
DATAFLOW,OECD.ENV.EPI:DSD_AIR_GHG@DF_AIR_GHG(1.0),Air emissions - Greenhouse gas emissions Inventories,I,IRL,Ireland,A,Annual,N2O,Nitrous oxide,_T,Total emissions excluding LULUCF,T_CO2E,Tonnes of CO2-equivalent,2020,,5675.6789295066,,A,Normal value,3,Thousands,,,,,2,Two,,
DATAFLOW,OECD.ENV.EPI:DSD_AIR_GHG@DF_AIR_GHG(1.0),Air emissions - Greenhouse gas emissions Inventories,I,ISR,Israel,A,Annual,N2O,Nitrous oxide,_T,Total emissions excluding LULUCF,T_CO2E,Tonnes of CO2-equivalent,2020,,1432.43,,A,Normal value,3,Thousands,,,,,2,Two,,
DATAFLOW,OECD.ENV.EPI:DSD_AIR_GHG@DF_AIR_GHG(1.0),Air emissions - Greenhouse gas emissions Inventories,I,ITA,Italy,A,Annual,N2O,Nitrous oxide,_T,Total emissions excluding LULUCF,T_CO2E,Tonnes of CO2-equivalent,2020,,15277.177556622,,A,Normal value,3,Thousands,,,,,2,Two,,
DATAFLOW,OECD.ENV.EPI:DSD_AIR_GHG@DF_AIR_GHG(1.0),Air emissions - Greenhouse gas emissions Inventories,I,JPN,Japan,A,Annual,N2O,Nitrous oxide,_T,Total emissions excluding LULUCF,T_CO2E,Tonnes of CO2-equivalent,2020,,16849.676464688,,A,Normal value,3,Thousands,,,,,2,Two,,
DATAFLOW,OECD.ENV.EPI:DSD_AIR_GHG@DF_AIR_GHG(1.0),Air emissions - Greenhouse gas emissions Inventories,I,KOR,Korea,A,Annual,N2O,Nitrous oxide,_T,Total emissions excluding LULUCF,T_CO2E,Tonnes of CO2-equivalent,2020,,10555.6,,A,Normal value,3,Thousands,,,,,2,Two,,
DATAFLOW,OECD.ENV.EPI:DSD_AIR_GHG@DF_AIR_GHG(1.0),Air emissions - Greenhouse gas emissions Inventories,I,LVA,Latvia,A,Annual,N2O,Nitrous oxide,_T,Total emissions excluding LULUCF,T_CO2E,Tonnes of CO2-equivalent,2020,,1215.2187148488,,A,Normal value,3,Thousands,,,,,2,Two,,
DATAFLOW,OECD.ENV.EPI:DSD_AIR_GHG@DF_AIR_GHG(1.0),Air emissions - Greenhouse gas emissions Inventories,I,LTU,Lithuania,A,Annual,N2O,Nitrous oxide,_T,Total emissions excluding LULUCF,T_CO2E,Tonnes of CO2-equivalent,2020,,2388.4560848075,,A,Normal value,3,Thousands,,,,,2,Two,,
DATAFLOW,OECD.ENV.EPI:DSD_AIR_GHG@DF_AIR_GHG(1.0),Air emissions - Greenhouse gas emissions Inventories,I,LUX,Luxembourg,A,Annual,N2O,Nitrous oxide,_T,Total emissions excluding LULUCF,T_CO2E,Tonnes of CO2-equivalent,2020,,375.9739869544,,A,Normal value,3,Thousands,,,,,2,Two,,
DATAFLOW,OECD.ENV.EPI:DSD_AIR_GHG@DF_AIR_GHG(1.0),Air emissions - Greenhouse gas emissions Inventories,I,MEX,Mexico,A,Annual,N2O,Nitrous oxide,_T,Total emissions excluding LULUCF,T_CO2E,Tonnes of CO2-equivalent,2020,,36271.04,,A,Normal value,3,Thousands,,,,,2,Two,,
DATAFLOW,OECD.ENV.EPI:DSD_AIR_GHG@DF_AIR_GHG(1.0),Air emissions - Greenhouse gas emissions Inventories,I,NLD,Netherlands,A,Annual,N2O,Nitrous oxide,_T,Total emissions excluding LULUCF,T_CO2E,Tonnes of CO2-equivalent,2020,,7413.8888765383,,A,Normal value,3,Thousands,,,,,2,Two,,
DATAFLOW,OECD.ENV.EPI:DSD_AIR_GHG@DF_AIR_GHG(1.0),Air emissions - Greenhouse gas emissions Inventories,I,NZL,New Zealand,A,Annual,N2O,Nitrous oxide,_T,Total emissions excluding LULUCF,T_CO2E,Tonnes of CO2-equivalent,2020,,7074.220035408,,A,Normal value,3,Thousands,,,,,2,Two,,
DATAFLOW,OECD.ENV.EPI:DSD_AIR_GHG@DF_AIR_GHG(1.0),Air emissions - Greenhouse gas emissions Inventories,I,NOR,Norway,A,Annual,N2O,Nitrous oxide,_T,Total emissions excluding LULUCF,T_CO2E,Tonnes of CO2-equivalent,2020,,2238.5984085856,,A,Normal value,3,Thousands,,,,,2,Two,,
DATAFLOW,OECD.ENV.EPI:DSD_AIR_GHG@DF_AIR_GHG(1.0),Air emissions - Greenhouse gas emissions Inventories,I,POL,Poland,A,Annual,N2O,Nitrous oxide,_T,Total emissions excluding LULUCF,T_CO2E,Tonnes of CO2-equivalent,2020,,20692.138160187,,A,Normal value,3,Thousands,,,,,2,Two,,
DATAFLOW,OECD.ENV.EPI:DSD_AIR_GHG@DF_AIR_GHG(1.0),Air emissions - Greenhouse gas emissions Inventories,I,PRT,Portugal,A,Annual,N2O,Nitrous oxide,_T,Total emissions excluding LULUCF,T_CO2E,Tonnes of CO2-equivalent,2020,,3471.9125598288,,A,Normal value,3,Thousands,,,,,2,Two,,
DATAFLOW,OECD.ENV.EPI:DSD_AIR_GHG@DF_AIR_GHG(1.0),Air emissions - Greenhouse gas emissions Inventories,I,SVK,Slovak Republic,A,Annual,N2O,Nitrous oxide,_T,Total emissions excluding LULUCF,T_CO2E,Tonnes of CO2-equivalent,2020,,1802.4768992965,,A,Normal value,3,Thousands,,,,,2,Two,,
DATAFLOW,OECD.ENV.EPI:DSD_AIR_GHG@DF_AIR_GHG(1.0),Air emissions - Greenhouse gas emissions Inventories,I,SVN,Slovenia,A,Annual,N2O,Nitrous oxide,_T,Total emissions excluding LULUCF,T_CO2E,Tonnes of CO2-equivalent,2020,,763.9050392051,,A,Normal value,3,Thousands,,,,,2,Two,,
DATAFLOW,OECD.ENV.EPI:DSD_AIR_GHG@DF_AIR_GHG(1.0),Air emissions - Greenhouse gas emissions Inventories,I,ESP,Spain,A,Annual,N2O,Nitrous oxide,_T,Total emissions excluding LULUCF,T_CO2E,Tonnes of CO2-equivalent,2020,,14168.390737624,,A,Normal value,3,Thousands,,,,,2,Two,,
DATAFLOW,OECD.ENV.EPI:DSD_AIR_GHG@DF_AIR_GHG(1.0),Air emissions - Greenhouse gas emissions Inventories,I,SWE,Sweden,A,Annual,N2O,Nitrous oxide,_T,Total emissions excluding LULUCF,T_CO2E,Tonnes of CO2-equivalent,2020,,3572.8685537219,,A,Normal value,3,Thousands,,,,,2,Two,,
DATAFLOW,OECD.ENV.EPI:DSD_AIR_GHG@DF_AIR_GHG(1.0),Air emissions - Greenhouse gas emissions Inventories,I,CHE,Switzerland,A,Annual,N2O,Nitrous oxide,_T,Total emissions excluding LULUCF,T_CO2E,Tonnes of CO2-equivalent,2020,,3153.5004431747,,A,Normal value,3,Thousands,,,,,2,Two,,
DATAFLOW,OECD.ENV.EPI:DSD_AIR_GHG@DF_AIR_GHG(1.0),Air emissions - Greenhouse gas emissions Inventories,I,TUR,Türkiye,A,Annual,N2O,Nitrous oxide,_T,Total emissions excluding LULUCF,T_CO2E,Tonnes of CO2-equivalent,2020,,36114.788855365,,A,Normal value,3,Thousands,,,,,2,Two,,
DATAFLOW,OECD.ENV.EPI:DSD_AIR_GHG@DF_AIR_GHG(1.0),Air emissions - Greenhouse gas emissions Inventories,I,GBR,United Kingdom,A,Annual,N2O,Nitrous oxide,_T,Total emissions excluding LULUCF,T_CO2E,Tonnes of CO2-equivalent,2020,,20571.237876424,,A,Normal value,3,Thousands,,,,,2,Two,,
DATAFLOW,OECD.ENV.EPI:DSD_AIR_GHG@DF_AIR_GHG(1.0),Air emissions - Greenhouse gas emissions Inventories,I,USA,United States,A,Annual,N2O,Nitrous oxide,_T,Total emissions excluding LULUCF,T_CO2E,Tonnes of CO2-equivalent,2020,,391167.73,,A,Normal value,3,Thousands,,,,,2,Two,,
DATAFLOW,OECD.ENV.EPI:DSD_AIR_GHG@DF_AIR_GHG(1.0),Air emissions - Greenhouse gas emissions Inventories,I,EU27_2020,European Union (27 countries from 01/02/2020),A,Annual,N2O,Nitrous oxide,_T,Total emissions excluding LULUCF,T_CO2E,Tonnes of CO2-equivalent,2020,,189767.81141864,,A,Normal value,3,Thousands,,,,,2,Two,,
DATAFLOW,OECD.ENV.EPI:DSD_AIR_GHG@DF_AIR_GHG(1.0),Air emissions - Greenhouse gas emissions Inventories,I,DZA,Algeria,A,Annual,N2O,Nitrous oxide,_T,Total emissions excluding LULUCF,T_CO2E,Tonnes of CO2-equivalent,2020,,5113.8036969703,,A,Normal value,3,Thousands,,,,,2,Two,,
DATAFLOW,OECD.ENV.EPI:DSD_AIR_GHG@DF_AIR_GHG(1.0),Air emissions - Greenhouse gas emissions Inventories,I,ARG,Argentina,A,Annual,N2O,Nitrous oxide,_T,Total emissions excluding LULUCF,T_CO2E,Tonnes of CO2-equivalent,2020,,24351.235994688,,A,Normal value,3,Thousands,,,,,2,Two,,
DATAFLOW,OECD.ENV.EPI:DSD_AIR_GHG@DF_AIR_GHG(1.0),Air emissions - Greenhouse gas emissions Inventories,I,AZE,Azerbaijan,A,Annual,N2O,Nitrous oxide,_T,Total emissions excluding LULUCF,T_CO2E,Tonnes of CO2-equivalent,2020,,1768.7558005674,,A,Normal value,3,Thousands,,,,,2,Two,,
DATAFLOW,OECD.ENV.EPI:DSD_AIR_GHG@DF_AIR_GHG(1.0),Air emissions - Greenhouse gas emissions Inventories,I,BTN,Bhutan,A,Annual,N2O,Nitrous oxide,_T,Total emissions excluding LULUCF,T_CO2E,Tonnes of CO2-equivalent,2020,,27.304739255094,,A,Normal value,3,Thousands,,,,,2,Two,,
DATAFLOW,OECD.ENV.EPI:DSD_AIR_GHG@DF_AIR_GHG(1.0),Air emissions - Greenhouse gas emissions Inventories,I,BRA,Brazil,A,Annual,N2O,Nitrous oxide,_T,Total emissions excluding LULUCF,T_CO2E,Tonnes of CO2-equivalent,2020,,157168.30524884,,A,Normal value,3,Thousands,,,,,2,Two,,
DATAFLOW,OECD.ENV.EPI:DSD_AIR_GHG@DF_AIR_GHG(1.0),Air emissions - Greenhouse gas emissions Inventories,I,BRN,Brunei Darussalam,A,Annual,N2O,Nitrous oxide,_T,Total emissions excluding LULUCF,T_CO2E,Tonnes of CO2-equivalent,2020,,61.425783337495,,A,Normal value,3,Thousands,,,,,2,Two,,
DATAFLOW,OECD.ENV.EPI:DSD_AIR_GHG@DF_AIR_GHG(1.0),Air emissions - Greenhouse gas emissions Inventories,I,BGR,Bulgaria,A,Annual,N2O,Nitrous oxide,_T,Total emissions excluding LULUCF,T_CO2E,Tonnes of CO2-equivalent,2020,,4325.7331103208,,A,Normal value,3,Thousands,,,,,2,Two,,
DATAFLOW,OECD.ENV.EPI:DSD_AIR_GHG@DF_AIR_GHG(1.0),Air emissions - Greenhouse gas emissions Inventories,I,CHN,China (People’s Republic of),A,Annual,N2O,Nitrous oxide,_T,Total emissions excluding LULUCF,T_CO2E,Tonnes of CO2-equivalent,2020,,524440.24604733,,A,Normal value,3,Thousands,,,,,2,Two,,
DATAFLOW,OECD.ENV.EPI:DSD_AIR_GHG@DF_AIR_GHG(1.0),Air emissions - Greenhouse gas emissions Inventories,I,CIV,Côte d’Ivoire,A,Annual,N2O,Nitrous oxide,_T,Total emissions excluding LULUCF,T_CO2E,Tonnes of CO2-equivalent,2020,,1296.171542592,,A,Normal value,3,Thousands,,,,,2,Two,,
DATAFLOW,OECD.ENV.EPI:DSD_AIR_GHG@DF_AIR_GHG(1.0),Air emissions - Greenhouse gas emissions Inventories,I,HRV,Croatia,A,Annual,N2O,Nitrous oxide,_T,Total emissions excluding LULUCF,T_CO2E,Tonnes of CO2-equivalent,2020,,1446.7663440648,,A,Normal value,3,Thousands,,,,,2,Two,,
DATAFLOW,OECD.ENV.EPI:DSD_AIR_GHG@DF_AIR_GHG(1.0),Air emissions - Greenhouse gas emissions Inventories,I,CUB,Cuba,A,Annual,N2O,Nitrous oxide,_T,Total emissions excluding LULUCF,T_CO2E,Tonnes of CO2-equivalent,2020,,5041.0636826198,,A,Normal value,3,Thousands,,,,,2,Two,,
DATAFLOW,OECD.ENV.EPI:DSD_AIR_GHG@DF_AIR_GHG(1.0),Air emissions - Greenhouse gas emissions Inventories,I,CYP,Cyprus,A,Annual,N2O,Nitrous oxide,_T,Total emissions excluding LULUCF,T_CO2E,Tonnes of CO2-equivalent,2020,,175.16834808019,,A,Normal value,3,Thousands,,,,,2,Two,,
DATAFLOW,OECD.ENV.EPI:DSD_AIR_GHG@DF_AIR_GHG(1.0),Air emissions - Greenhouse gas emissions Inventories,I,EGY,Egypt,A,Annual,N2O,Nitrous oxide,_T,Total emissions excluding LULUCF,T_CO2E,Tonnes of CO2-equivalent,2020,,26149.220268769,,A,Normal value,3,Thousands,,,,,2,Two,,
DATAFLOW,OECD.ENV.EPI:DSD_AIR_GHG@DF_AIR_GHG(1.0),Air emissions - Greenhouse gas emissions Inventories,I,GEO,Georgia,A,Annual,N2O,Nitrous oxide,_T,Total emissions excluding LULUCF,T_CO2E,Tonnes of CO2-equivalent,2020,,942.96294969043,,A,Normal value,3,Thousands,,,,,2,Two,,
DATAFLOW,OECD.ENV.EPI:DSD_AIR_GHG@DF_AIR_GHG(1.0),Air emissions - Greenhouse gas emissions Inventories,I,GHA,Ghana,A,Annual,N2O,Nitrous oxide,_T,Total emissions excluding LULUCF,T_CO2E,Tonnes of CO2-equivalent,2020,,7649.5224821021,,A,Normal value,3,Thousands,,,,,2,Two,,
DATAFLOW,OECD.ENV.EPI:DSD_AIR_GHG@DF_AIR_GHG(1.0),Air emissions - Greenhouse gas emissions Inventories,I,GTM,Guatemala,A,Annual,N2O,Nitrous oxide,_T,Total emissions excluding LULUCF,T_CO2E,Tonnes of CO2-equivalent,2020,,2217.4276285508,,A,Normal value,3,Thousands,,,,,2,Two,,
DATAFLOW,OECD.ENV.EPI:DSD_AIR_GHG@DF_AIR_GHG(1.0),Air emissions - Greenhouse gas emissions Inventories,I,GNB,Guinea-Bissau,A,Annual,N2O,Nitrous oxide,_T,Total emissions excluding LULUCF,T_CO2E,Tonnes of CO2-equivalent,2020,,69.115378990916,,A,Normal value,3,Thousands,,,,,2,Two,,
DATAFLOW,OECD.ENV.EPI:DSD_AIR_GHG@DF_AIR_GHG(1.0),Air emissions - Greenhouse gas emissions Inventories,I,GUY,Guyana,A,Annual,N2O,Nitrous oxide,_T,Total emissions excluding LULUCF,T_CO2E,Tonnes of CO2-equivalent,2020,,548.7373017023,,A,Normal value,3,Thousands,,,,,2,Two,,
DATAFLOW,OECD.ENV.EPI:DSD_AIR_GHG@DF_AIR_GHG(1.0),Air emissions - Greenhouse gas emissions Inventories,I,VAT,Holy See,A,Annual,N2O,Nitrous oxide,_T,Total emissions excluding LULUCF,T_CO2E,Tonnes of CO2-equivalent,2020,,0.06318505842233,,A,Normal value,3,Thousands,,,,,2,Two,,
DATAFLOW,OECD.ENV.EPI:DSD_AIR_GHG@DF_AIR_GHG(1.0),Air emissions - Greenhouse gas emissions Inventories,I,IND,India,A,Annual,N2O,Nitrous oxide,_T,Total emissions excluding LULUCF,T_CO2E,Tonnes of CO2-equivalent,2020,,121460.1,,A,Normal value,3,Thousands,,,,,2,Two,,
DATAFLOW,OECD.ENV.EPI:DSD_AIR_GHG@DF_AIR_GHG(1.0),Air emissions - Greenhouse gas emissions Inventories,I,IDN,Indonesia,A,Annual,N2O,Nitrous oxide,_T,Total emissions excluding LULUCF,T_CO2E,Tonnes of CO2-equivalent,2020,,50648.360112119,,A,Normal value,3,Thousands,,,,,2,Two,,
DATAFLOW,OECD.ENV.EPI:DSD_AIR_GHG@DF_AIR_GHG(1.0),Air emissions - Greenhouse gas emissions Inventories,I,IRQ,Iraq,A,Annual,N2O,Nitrous oxide,_T,Total emissions excluding LULUCF,T_CO2E,Tonnes of CO2-equivalent,2020,,6423.3039884548,,A,Normal value,3,Thousands,,,,,2,Two,,
DATAFLOW,OECD.ENV.EPI:DSD_AIR_GHG@DF_AIR_GHG(1.0),Air emissions - Greenhouse gas emissions Inventories,I,KAZ,Kazakhstan,A,Annual,N2O,Nitrous oxide,_T,Total emissions excluding LULUCF,T_CO2E,Tonnes of CO2-equivalent,2020,,14821.956641708,,A,Normal value,3,Thousands,,,,,2,Two,,
DATAFLOW,OECD.ENV.EPI:DSD_AIR_GHG@DF_AIR_GHG(1.0),Air emissions - Greenhouse gas emissions Inventories,I,KEN,Kenya,A,Annual,N2O,Nitrous oxide,_T,Total emissions excluding LULUCF,T_CO2E,Tonnes of CO2-equivalent,2020,,3972.6816178355,,A,Normal value,3,Thousands,,,,,2,Two,,
DATAFLOW,OECD.ENV.EPI:DSD_AIR_GHG@DF_AIR_GHG(1.0),Air emissions - Greenhouse gas emissions Inventories,I,LBN,Lebanon,A,Annual,N2O,Nitrous oxide,_T,Total emissions excluding LULUCF,T_CO2E,Tonnes of CO2-equivalent,2020,,585.20922174119,,A,Normal value,3,Thousands,,,,,2,Two,,
DATAFLOW,OECD.ENV.EPI:DSD_AIR_GHG@DF_AIR_GHG(1.0),Air emissions - Greenhouse gas emissions Inventories,I,LIE,Liechtenstein,A,Annual,N2O,Nitrous oxide,_T,Total emissions excluding LULUCF,T_CO2E,Tonnes of CO2-equivalent,2020,,7.2285531144768,,A,Normal value,3,Thousands,,,,,2,Two,,
DATAFLOW,OECD.ENV.EPI:DSD_AIR_GHG@DF_AIR_GHG(1.0),Air emissions - Greenhouse gas emissions Inventories,I,MYS,Malaysia,A,Annual,N2O,Nitrous oxide,_T,Total emissions excluding LULUCF,T_CO2E,Tonnes of CO2-equivalent,2020,,6185.645958988,,A,Normal value,3,Thousands,,,,,2,Two,,
DATAFLOW,OECD.ENV.EPI:DSD_AIR_GHG@DF_AIR_GHG(1.0),Air emissions - Greenhouse gas emissions Inventories,I,MDV,Maldives,A,Annual,N2O,Nitrous oxide,_T,Total emissions excluding LULUCF,T_CO2E,Tonnes of CO2-equivalent,2020,,15.244917016406,,A,Normal value,3,Thousands,,,,,2,Two,,
DATAFLOW,OECD.ENV.EPI:DSD_AIR_GHG@DF_AIR_GHG(1.0),Air emissions - Greenhouse gas emissions Inventories,I,MLT,Malta,A,Annual,N2O,Nitrous oxide,_T,Total emissions excluding LULUCF,T_CO2E,Tonnes of CO2-equivalent,2020,,41.657797151129,,A,Normal value,3,Thousands,,,,,2,Two,,
DATAFLOW,OECD.ENV.EPI:DSD_AIR_GHG@DF_AIR_GHG(1.0),Air emissions - Greenhouse gas emissions Inventories,I,MUS,Mauritius,A,Annual,N2O,Nitrous oxide,_T,Total emissions excluding LULUCF,T_CO2E,Tonnes of CO2-equivalent,2020,,95.981795654212,,A,Normal value,3,Thousands,,,,,2,Two,,
DATAFLOW,OECD.ENV.EPI:DSD_AIR_GHG@DF_AIR_GHG(1.0),Air emissions - Greenhouse gas emissions Inventories,I,MDA,Moldova,A,Annual,N2O,Nitrous oxide,_T,Total emissions excluding LULUCF,T_CO2E,Tonnes of CO2-equivalent,2020,,1103.0345514171,,A,Normal value,3,Thousands,,,,,2,Two,,
DATAFLOW,OECD.ENV.EPI:DSD_AIR_GHG@DF_AIR_GHG(1.0),Air emissions - Greenhouse gas emissions Inventories,I,MCO,Monaco,A,Annual,N2O,Nitrous oxide,_T,Total emissions excluding LULUCF,T_CO2E,Tonnes of CO2-equivalent,2020,,2.4338194475343,,A,Normal value,3,Thousands,,,,,2,Two,,
DATAFLOW,OECD.ENV.EPI:DSD_AIR_GHG@DF_AIR_GHG(1.0),Air emissions - Greenhouse gas emissions Inventories,I,MAR,Morocco,A,Annual,N2O,Nitrous oxide,_T,Total emissions excluding LULUCF,T_CO2E,Tonnes of CO2-equivalent,2020,,10829.551826946,,A,Normal value,3,Thousands,,,,,2,Two,,
DATAFLOW,OECD.ENV.EPI:DSD_AIR_GHG@DF_AIR_GHG(1.0),Air emissions - Greenhouse gas emissions Inventories,I,NAM,Namibia,A,Annual,N2O,Nitrous oxide,_T,Total emissions excluding LULUCF,T_CO2E,Tonnes of CO2-equivalent,2020,,1457.3765449119,,A,Normal value,3,Thousands,,,,,2,Two,,
DATAFLOW,OECD.ENV.EPI:DSD_AIR_GHG@DF_AIR_GHG(1.0),Air emissions - Greenhouse gas emissions Inventories,I,NPL,Nepal,A,Annual,N2O,Nitrous oxide,_T,Total emissions excluding LULUCF,T_CO2E,Tonnes of CO2-equivalent,2020,,4801.9980317155,,A,Normal value,3,Thousands,,,,,2,Two,,
DATAFLOW,OECD.ENV.EPI:DSD_AIR_GHG@DF_AIR_GHG(1.0),Air emissions - Greenhouse gas emissions Inventories,I,NGA,Nigeria,A,Annual,N2O,Nitrous oxide,_T,Total emissions excluding LULUCF,T_CO2E,Tonnes of CO2-equivalent,2020,,31024.432304503,,A,Normal value,3,Thousands,,,,,2,Two,,
DATAFLOW,OECD.ENV.EPI:DSD_AIR_GHG@DF_AIR_GHG(1.0),Air emissions - Greenhouse gas emissions Inventories,I,PAN,Panama,A,Annual,N2O,Nitrous oxide,_T,Total emissions excluding LULUCF,T_CO2E,Tonnes of CO2-equivalent,2020,,772.0554186286,,A,Normal value,3,Thousands,,,,,2,Two,,
DATAFLOW,OECD.ENV.EPI:DSD_AIR_GHG@DF_AIR_GHG(1.0),Air emissions - Greenhouse gas emissions Inventories,I,PER,Peru,A,Annual,N2O,Nitrous oxide,_T,Total emissions excluding LULUCF,T_CO2E,Tonnes of CO2-equivalent,2020,,11906.300128498,,A,Normal value,3,Thousands,,,,,2,Two,,
DATAFLOW,OECD.ENV.EPI:DSD_AIR_GHG@DF_AIR_GHG(1.0),Air emissions - Greenhouse gas emissions Inventories,I,ROU,Romania,A,Annual,N2O,Nitrous oxide,_T,Total emissions excluding LULUCF,T_CO2E,Tonnes of CO2-equivalent,2020,,9148.1211179984,,A,Normal value,3,Thousands,,,,,2,Two,,
DATAFLOW,OECD.ENV.EPI:DSD_AIR_GHG@DF_AIR_GHG(1.0),Air emissions - Greenhouse gas emissions Inventories,I,RWA,Rwanda,A,Annual,N2O,Nitrous oxide,_T,Total emissions excluding LULUCF,T_CO2E,Tonnes of CO2-equivalent,2020,,1410.6291138775,,A,Normal value,3,Thousands,,,,,2,Two,,
DATAFLOW,OECD.ENV.EPI:DSD_AIR_GHG@DF_AIR_GHG(1.0),Air emissions - Greenhouse gas emissions Inventories,I,SAU,Saudi Arabia,A,Annual,N2O,Nitrous oxide,_T,Total emissions excluding LULUCF,T_CO2E,Tonnes of CO2-equivalent,2020,,7076.6077904515,,A,Normal value,3,Thousands,,,,,2,Two,,
DATAFLOW,OECD.ENV.EPI:DSD_AIR_GHG@DF_AIR_GHG(1.0),Air emissions - Greenhouse gas emissions Inventories,I,SRB,Serbia,A,Annual,N2O,Nitrous oxide,_T,Total emissions excluding LULUCF,T_CO2E,Tonnes of CO2-equivalent,2020,,3249.699277252,,A,Normal value,3,Thousands,,,,,2,Two,,
DATAFLOW,OECD.ENV.EPI:DSD_AIR_GHG@DF_AIR_GHG(1.0),Air emissions - Greenhouse gas emissions Inventories,I,SGP,Singapore,A,Annual,N2O,Nitrous oxide,_T,Total emissions excluding LULUCF,T_CO2E,Tonnes of CO2-equivalent,2020,,567.2307608648,,A,Normal value,3,Thousands,,,,,2,Two,,
DATAFLOW,OECD.ENV.EPI:DSD_AIR_GHG@DF_AIR_GHG(1.0),Air emissions - Greenhouse gas emissions Inventories,I,SLB,Solomon Islands,A,Annual,N2O,Nitrous oxide,_T,Total emissions excluding LULUCF,T_CO2E,Tonnes of CO2-equivalent,2020,,43.288677378099,,A,Normal value,3,Thousands,,,,,2,Two,,
DATAFLOW,OECD.ENV.EPI:DSD_AIR_GHG@DF_AIR_GHG(1.0),Air emissions - Greenhouse gas emissions Inventories,I,ZAF,South Africa,A,Annual,N2O,Nitrous oxide,_T,Total emissions excluding LULUCF,T_CO2E,Tonnes of CO2-equivalent,2020,,16914.925087246,,A,Normal value,3,Thousands,,,,,2,Two,,
DATAFLOW,OECD.ENV.EPI:DSD_AIR_GHG@DF_AIR_GHG(1.0),Air emissions - Greenhouse gas emissions Inventories,I,THA,Thailand,A,Annual,N2O,Nitrous oxide,_T,Total emissions excluding LULUCF,T_CO2E,Tonnes of CO2-equivalent,2020,,14848.730449497,,A,Normal value,3,Thousands,,,,,2,Two,,
DATAFLOW,OECD.ENV.EPI:DSD_AIR_GHG@DF_AIR_GHG(1.0),Air emissions - Greenhouse gas emissions Inventories,I,UKR,Ukraine,A,Annual,N2O,Nitrous oxide,_T,Total emissions excluding LULUCF,T_CO2E,Tonnes of CO2-equivalent,2020,,32795.234562955,,A,Normal value,3,Thousands,,,,,2,Two,,
DATAFLOW,OECD.ENV.EPI:DSD_AIR_GHG@DF_AIR_GHG(1.0),Air emissions - Greenhouse gas emissions Inventories,I,URY,Uruguay,A,Annual,N2O,Nitrous oxide,_T,Total emissions excluding LULUCF,T_CO2E,Tonnes of CO2-equivalent,2020,,7779.7029399493,,A,Normal value,3,Thousands,,,,,2,Two,,
DATAFLOW,OECD.ENV.EPI:DSD_AIR_GHG@DF_AIR_GHG(1.0),Air emissions - Greenhouse gas emissions Inventories,I,UZB,Uzbekistan,A,Annual,N2O,Nitrous oxide,_T,Total emissions excluding LULUCF,T_CO2E,Tonnes of CO2-equivalent,2020,,11671.102899189,,A,Normal value,3,Thousands,,,,,2,Two,,
DATAFLOW,OECD.ENV.EPI:DSD_AIR_GHG@DF_AIR_GHG(1.0),Air emissions - Greenhouse gas emissions Inventories,I,VEN,Venezuela,A,Annual,N2O,Nitrous oxide,_T,Total emissions excluding LULUCF,T_CO2E,Tonnes of CO2-equivalent,2020,,2937.2866259765,,A,Normal value,3,Thousands,,,,,2,Two,,
DATAFLOW,OECD.ENV.EPI:DSD_AIR_GHG@DF_AIR_GHG(1.0),Air emissions - Greenhouse gas emissions Inventories,I,ZWE,Zimbabwe,A,Annual,N2O,Nitrous oxide,_T,Total emissions excluding LULUCF,T_CO2E,Tonnes of CO2-equivalent,2020,,2582.9516750532,,A,Normal value,3,Thousands,,,,,2,Two,,
DATAFLOW,OECD.ENV.EPI:DSD_AIR_GHG@DF_AIR_GHG(1.0),Air emissions - Greenhouse gas emissions Inventories,I,OECDE,OECD Europe,A,Annual,CO2,Carbon dioxide,_T,Total emissions excluding LULUCF,T_CO2E,Tonnes of CO2-equivalent,2015,,3850372,,E,Estimated value,3,Thousands,,,,,2,Two,,
DATAFLOW,OECD.ENV.EPI:DSD_AIR_GHG@DF_AIR_GHG(1.0),Air emissions - Greenhouse gas emissions Inventories,I,OECDE,OECD Europe,A,Annual,GHG,Greenhouse gases,_T,Total emissions excluding LULUCF,T_CO2E,Tonnes of CO2-equivalent,2015,,4701914,,E,Estimated value,3,Thousands,,,,,2,Two,,
DATAFLOW,OECD.ENV.EPI:DSD_AIR_GHG@DF_AIR_GHG(1.0),Air emissions - Greenhouse gas emissions Inventories,I,OECDE,OECD Europe,A,Annual,N2O,Nitrous oxide,_T,Total emissions excluding LULUCF,T_CO2E,Tonnes of CO2-equivalent,2015,,221298,,E,Estimated value,3,Thousands,,,,,2,Two,,
DATAFLOW,OECD.ENV.EPI:DSD_AIR_GHG@DF_AIR_GHG(1.0),Air emissions - Greenhouse gas emissions Inventories,I,OECDE,OECD Europe,A,Annual,N2O,Nitrous oxide,_T,Total emissions excluding LULUCF,T_CO2E,Tonnes of CO2-equivalent,2016,,224711,,E,Estimated value,3,Thousands,,,,,2,Two,,
DATAFLOW,OECD.ENV.EPI:DSD_AIR_GHG@DF_AIR_GHG(1.0),Air emissions - Greenhouse gas emissions Inventories,I,OECDE,OECD Europe,A,Annual,GHG,Greenhouse gases,_T,Total emissions excluding LULUCF,T_CO2E,Tonnes of CO2-equivalent,2016,,4705408,,E,Estimated value,3,Thousands,,,,,2,Two,,
DATAFLOW,OECD.ENV.EPI:DSD_AIR_GHG@DF_AIR_GHG(1.0),Air emissions - Greenhouse gas emissions Inventories,I,OECDE,OECD Europe,A,Annual,CO2,Carbon dioxide,_T,Total emissions excluding LULUCF,T_CO2E,Tonnes of CO2-equivalent,2016,,3853371,,E,Estimated value,3,Thousands,,,,,2,Two,,
DATAFLOW,OECD.ENV.EPI:DSD_AIR_GHG@DF_AIR_GHG(1.0),Air emissions - Greenhouse gas emissions Inventories,I,OECDE,OECD Europe,A,Annual,CO2,Carbon dioxide,_T,Total emissions excluding LULUCF,T_CO2E,Tonnes of CO2-equivalent,2017,,3884472,,E,Estimated value,3,Thousands,,,,,2,Two,,
DATAFLOW,OECD.ENV.EPI:DSD_AIR_GHG@DF_AIR_GHG(1.0),Air emissions - Greenhouse gas emissions Inventories,I,OECDE,OECD Europe,A,Annual,GHG,Greenhouse gases,_T,Total emissions excluding LULUCF,T_CO2E,Tonnes of CO2-equivalent,2017,,4737348,,E,Estimated value,3,Thousands,,,,,2,Two,,
DATAFLOW,OECD.ENV.EPI:DSD_AIR_GHG@DF_AIR_GHG(1.0),Air emissions - Greenhouse gas emissions Inventories,I,OECDE,OECD Europe,A,Annual,N2O,Nitrous oxide,_T,Total emissions excluding LULUCF,T_CO2E,Tonnes of CO2-equivalent,2017,,228765,,E,Estimated value,3,Thousands,,,,,2,Two,,
DATAFLOW,OECD.ENV.EPI:DSD_AIR_GHG@DF_AIR_GHG(1.0),Air emissions - Greenhouse gas emissions Inventories,I,OECDE,OECD Europe,A,Annual,N2O,Nitrous oxide,_T,Total emissions excluding LULUCF,T_CO2E,Tonnes of CO2-equivalent,2018,,223228,,E,Estimated value,3,Thousands,,,,,2,Two,,
DATAFLOW,OECD.ENV.EPI:DSD_AIR_GHG@DF_AIR_GHG(1.0),Air emissions - Greenhouse gas emissions Inventories,I,OECDE,OECD Europe,A,Annual,GHG,Greenhouse gases,_T,Total emissions excluding LULUCF,T_CO2E,Tonnes of CO2-equivalent,2018,,4642961,,E,Estimated value,3,Thousands,,,,,2,Two,,
DATAFLOW,OECD.ENV.EPI:DSD_AIR_GHG@DF_AIR_GHG(1.0),Air emissions - Greenhouse gas emissions Inventories,I,OECDE,OECD Europe,A,Annual,CO2,Carbon dioxide,_T,Total emissions excluding LULUCF,T_CO2E,Tonnes of CO2-equivalent,2018,,3802208,,E,Estimated value,3,Thousands,,,,,2,Two,,
DATAFLOW,OECD.ENV.EPI:DSD_AIR_GHG@DF_AIR_GHG(1.0),Air emissions - Greenhouse gas emissions Inventories,I,OECDE,OECD Europe,A,Annual,CO2,Carbon dioxide,_T,Total emissions excluding LULUCF,T_CO2E,Tonnes of CO2-equivalent,2019,,3626868,,E,Estimated value,3,Thousands,,,,,2,Two,,
DATAFLOW,OECD.ENV.EPI:DSD_AIR_GHG@DF_AIR_GHG(1.0),Air emissions - Greenhouse gas emissions Inventories,I,OECDE,OECD Europe,A,Annual,GHG,Greenhouse gases,_T,Total emissions excluding LULUCF,T_CO2E,Tonnes of CO2-equivalent,2019,,4455935,,E,Estimated value,3,Thousands,,,,,2,Two,,
DATAFLOW,OECD.ENV.EPI:DSD_AIR_GHG@DF_AIR_GHG(1.0),Air emissions - Greenhouse gas emissions Inventories,I,OECDE,OECD Europe,A,Annual,N2O,Nitrous oxide,_T,Total emissions excluding LULUCF,T_CO2E,Tonnes of CO2-equivalent,2019,,223669,,E,Estimated value,3,Thousands,,,,,2,Two,,
DATAFLOW,OECD.ENV.EPI:DSD_AIR_GHG@DF_AIR_GHG(1.0),Air emissions - Greenhouse gas emissions Inventories,I,OECDE,OECD Europe,A,Annual,N2O,Nitrous oxide,_T,Total emissions excluding LULUCF,T_CO2E,Tonnes of CO2-equivalent,2020,,225700,,E,Estimated value,3,Thousands,,,,,2,Two,,
DATAFLOW,OECD.ENV.EPI:DSD_AIR_GHG@DF_AIR_GHG(1.0),Air emissions - Greenhouse gas emissions Inventories,I,OECDE,OECD Europe,A,Annual,GHG,Greenhouse gases,_T,Total emissions excluding LULUCF,T_CO2E,Tonnes of CO2-equivalent,2020,,4144137,,E,Estimated value,3,Thousands,,,,,2,Two,,
DATAFLOW,OECD.ENV.EPI:DSD_AIR_GHG@DF_AIR_GHG(1.0),Air emissions - Greenhouse gas emissions Inventories,I,OECDE,OECD Europe,A,Annual,CO2,Carbon dioxide,_T,Total emissions excluding LULUCF,T_CO2E,Tonnes of CO2-equivalent,2020,,3325959,,E,Estimated value,3,Thousands,,,,,2,Two,,
DATAFLOW,OECD.ENV.EPI:DSD_AIR_GHG@DF_AIR_GHG(1.0),Air emissions - Greenhouse gas emissions Inventories,I,OECDE,OECD Europe,A,Annual,CO2,Carbon dioxide,_T,Total emissions excluding LULUCF,T_CO2E,Tonnes of CO2-equivalent,2021,,3551056,,E,Estimated value,3,Thousands,,,,,2,Two,,
DATAFLOW,OECD.ENV.EPI:DSD_AIR_GHG@DF_AIR_GHG(1.0),Air emissions - Greenhouse gas emissions Inventories,I,OECDE,OECD Europe,A,Annual,GHG,Greenhouse gases,_T,Total emissions excluding LULUCF,T_CO2E,Tonnes of CO2-equivalent,2021,,4361504,,E,Estimated value,3,Thousands,,,,,2,Two,,
DATAFLOW,OECD.ENV.EPI:DSD_AIR_GHG@DF_AIR_GHG(1.0),Air emissions - Greenhouse gas emissions Inventories,I,OECDE,OECD Europe,A,Annual,N2O,Nitrous oxide,_T,Total emissions excluding LULUCF,T_CO2E,Tonnes of CO2-equivalent,2021,,226020,,E,Estimated value,3,Thousands,,,,,2,Two,,
DATAFLOW,OECD.ENV.EPI:DSD_AIR_GHG@DF_AIR_GHG(1.0),Air emissions - Greenhouse gas emissions Inventories,I,OECDE,OECD Europe,A,Annual,N2O,Nitrous oxide,_T,Total emissions excluding LULUCF,T_CO2E,Tonnes of CO2-equivalent,2022,,212368,,E,Estimated value,3,Thousands,,,,,2,Two,,
DATAFLOW,OECD.ENV.EPI:DSD_AIR_GHG@DF_AIR_GHG(1.0),Air emissions - Greenhouse gas emissions Inventories,I,OECDE,OECD Europe,A,Annual,GHG,Greenhouse gases,_T,Total emissions excluding LULUCF,T_CO2E,Tonnes of CO2-equivalent,2022,,4233549,,E,Estimated value,3,Thousands,,,,,2,Two,,
DATAFLOW,OECD.ENV.EPI:DSD_AIR_GHG@DF_AIR_GHG(1.0),Air emissions - Greenhouse gas emissions Inventories,I,OECDE,OECD Europe,A,Annual,CO2,Carbon dioxide,_T,Total emissions excluding LULUCF,T_CO2E,Tonnes of CO2-equivalent,2022,,3448027,,E,Estimated value,3,Thousands,,,,,2,Two,,
DATAFLOW,OECD.ENV.EPI:DSD_AIR_GHG@DF_AIR_GHG(1.0),Air emissions - Greenhouse gas emissions Inventories,I,OECDE,OECD Europe,A,Annual,CO2,Carbon dioxide,_T,Total emissions excluding LULUCF,T_CO2E,Tonnes of CO2-equivalent,2023,,3183862,,E,Estimated value,3,Thousands,,,,,2,Two,,
DATAFLOW,OECD.ENV.EPI:DSD_AIR_GHG@DF_AIR_GHG(1.0),Air emissions - Greenhouse gas emissions Inventories,I,OECDE,OECD Europe,A,Annual,GHG,Greenhouse gases,_T,Total emissions excluding LULUCF,T_CO2E,Tonnes of CO2-equivalent,2023,,3948750,,E,Estimated value,3,Thousands,,,,,2,Two,,
DATAFLOW,OECD.ENV.EPI:DSD_AIR_GHG@DF_AIR_GHG(1.0),Air emissions - Greenhouse gas emissions Inventories,I,OECDE,OECD Europe,A,Annual,N2O,Nitrous oxide,_T,Total emissions excluding LULUCF,T_CO2E,Tonnes of CO2-equivalent,2023,,212761,,E,Estimated value,3,Thousands,,,,,2,Two,,
DATAFLOW,OECD.ENV.EPI:DSD_AIR_GHG@DF_AIR_GHG(1.0),Air emissions - Greenhouse gas emissions Inventories,I,OECDE,OECD Europe,A,Annual,N2O,Nitrous oxide,_T,Total emissions excluding LULUCF,T_CO2E,Tonnes of CO2-equivalent,2024,,212381,,E,Estimated value,3,Thousands,,,,,2,Two,,
DATAFLOW,OECD.ENV.EPI:DSD_AIR_GHG@DF_AIR_GHG(1.0),Air emissions - Greenhouse gas emissions Inventories,I,OECDE,OECD Europe,A,Annual,GHG,Greenhouse gases,_T,Total emissions excluding LULUCF,T_CO2E,Tonnes of CO2-equivalent,2024,,3893890,,E,Estimated value,3,Thousands,,,,,2,Two,,
DATAFLOW,OECD.ENV.EPI:DSD_AIR_GHG@DF_AIR_GHG(1.0),Air emissions - Greenhouse gas emissions Inventories,I,OECDE,OECD Europe,A,Annual,CO2,Carbon dioxide,_T,Total emissions excluding LULUCF,T_CO2E,Tonnes of CO2-equivalent,2024,,3134595,,E,Estimated value,3,Thousands,,,,,2,Two,,
DATAFLOW,OECD.ENV.EPI:DSD_AIR_GHG@DF_AIR_GHG(1.0),Air emissions - Greenhouse gas emissions Inventories,I,OECDSO,OECD Asia Oceania,A,Annual,N2O,Nitrous oxide,_T,Total emissions excluding LULUCF,T_CO2E,Tonnes of CO2-equivalent,2015,,51384,,E,Estimated value,3,Thousands,,,,,2,Two,,
DATAFLOW,OECD.ENV.EPI:DSD_AIR_GHG@DF_AIR_GHG(1.0),Air emissions - Greenhouse gas emissions Inventories,I,OECDSO,OECD Asia Oceania,A,Annual,GHG,Greenhouse gases,_T,Total emissions excluding LULUCF,T_CO2E,Tonnes of CO2-equivalent,2015,,2732913,,E,Estimated value,3,Thousands,,,,,2,Two,,
DATAFLOW,OECD.ENV.EPI:DSD_AIR_GHG@DF_AIR_GHG(1.0),Air emissions - Greenhouse gas emissions Inventories,I,OECDSO,OECD Asia Oceania,A,Annual,CO2,Carbon dioxide,_T,Total emissions excluding LULUCF,T_CO2E,Tonnes of CO2-equivalent,2015,,2370912,,E,Estimated value,3,Thousands,,,,,2,Two,,
DATAFLOW,OECD.ENV.EPI:DSD_AIR_GHG@DF_AIR_GHG(1.0),Air emissions - Greenhouse gas emissions Inventories,I,OECDSO,OECD Asia Oceania,A,Annual,CO2,Carbon dioxide,_T,Total emissions excluding LULUCF,T_CO2E,Tonnes of CO2-equivalent,2016,,2367605,,E,Estimated value,3,Thousands,,,,,2,Two,,
DATAFLOW,OECD.ENV.EPI:DSD_AIR_GHG@DF_AIR_GHG(1.0),Air emissions - Greenhouse gas emissions Inventories,I,OECDSO,OECD Asia Oceania,A,Annual,GHG,Greenhouse gases,_T,Total emissions excluding LULUCF,T_CO2E,Tonnes of CO2-equivalent,2016,,2730567,,E,Estimated value,3,Thousands,,,,,2,Two,,
DATAFLOW,OECD.ENV.EPI:DSD_AIR_GHG@DF_AIR_GHG(1.0),Air emissions - Greenhouse gas emissions Inventories,I,OECDSO,OECD Asia Oceania,A,Annual,N2O,Nitrous oxide,_T,Total emissions excluding LULUCF,T_CO2E,Tonnes of CO2-equivalent,2016,,51074,,E,Estimated value,3,Thousands,,,,,2,Two,,
DATAFLOW,OECD.ENV.EPI:DSD_AIR_GHG@DF_AIR_GHG(1.0),Air emissions - Greenhouse gas emissions Inventories,I,OECDSO,OECD Asia Oceania,A,Annual,N2O,Nitrous oxide,_T,Total emissions excluding LULUCF,T_CO2E,Tonnes of CO2-equivalent,2017,,52467,,E,Estimated value,3,Thousands,,,,,2,Two,,
DATAFLOW,OECD.ENV.EPI:DSD_AIR_GHG@DF_AIR_GHG(1.0),Air emissions - Greenhouse gas emissions Inventories,I,OECDSO,OECD Asia Oceania,A,Annual,GHG,Greenhouse gases,_T,Total emissions excluding LULUCF,T_CO2E,Tonnes of CO2-equivalent,2017,,2745673,,E,Estimated value,3,Thousands,,,,,2,Two,,
DATAFLOW,OECD.ENV.EPI:DSD_AIR_GHG@DF_AIR_GHG(1.0),Air emissions - Greenhouse gas emissions Inventories,I,OECDSO,OECD Asia Oceania,A,Annual,CO2,Carbon dioxide,_T,Total emissions excluding LULUCF,T_CO2E,Tonnes of CO2-equivalent,2017,,2373393,,E,Estimated value,3,Thousands,,,,,2,Two,,
DATAFLOW,OECD.ENV.EPI:DSD_AIR_GHG@DF_AIR_GHG(1.0),Air emissions - Greenhouse gas emissions Inventories,I,OECDSO,OECD Asia Oceania,A,Annual,CO2,Carbon dioxide,_T,Total emissions excluding LULUCF,T_CO2E,Tonnes of CO2-equivalent,2018,,2349624,,E,Estimated value,3,Thousands,,,,,2,Two,,
DATAFLOW,OECD.ENV.EPI:DSD_AIR_GHG@DF_AIR_GHG(1.0),Air emissions - Greenhouse gas emissions Inventories,I,OECDSO,OECD Asia Oceania,A,Annual,GHG,Greenhouse gases,_T,Total emissions excluding LULUCF,T_CO2E,Tonnes of CO2-equivalent,2018,,2724201,,E,Estimated value,3,Thousands,,,,,2,Two,,
DATAFLOW,OECD.ENV.EPI:DSD_AIR_GHG@DF_AIR_GHG(1.0),Air emissions - Greenhouse gas emissions Inventories,I,OECDSO,OECD Asia Oceania,A,Annual,N2O,Nitrous oxide,_T,Total emissions excluding LULUCF,T_CO2E,Tonnes of CO2-equivalent,2018,,51353,,E,Estimated value,3,Thousands,,,,,2,Two,,
DATAFLOW,OECD.ENV.EPI:DSD_AIR_GHG@DF_AIR_GHG(1.0),Air emissions - Greenhouse gas emissions Inventories,I,OECDSO,OECD Asia Oceania,A,Annual,N2O,Nitrous oxide,_T,Total emissions excluding LULUCF,T_CO2E,Tonnes of CO2-equivalent,2019,,50578,,E,Estimated value,3,Thousands,,,,,2,Two,,
DATAFLOW,OECD.ENV.EPI:DSD_AIR_GHG@DF_AIR_GHG(1.0),Air emissions - Greenhouse gas emissions Inventories,I,OECDSO,OECD Asia Oceania,A,Annual,GHG,Greenhouse gases,_T,Total emissions excluding LULUCF,T_CO2E,Tonnes of CO2-equivalent,2019,,2660232,,E,Estimated value,3,Thousands,,,,,2,Two,,
DATAFLOW,OECD.ENV.EPI:DSD_AIR_GHG@DF_AIR_GHG(1.0),Air emissions - Greenhouse gas emissions Inventories,I,OECDSO,OECD Asia Oceania,A,Annual,CO2,Carbon dioxide,_T,Total emissions excluding LULUCF,T_CO2E,Tonnes of CO2-equivalent,2019,,2290444,,E,Estimated value,3,Thousands,,,,,2,Two,,
DATAFLOW,OECD.ENV.EPI:DSD_AIR_GHG@DF_AIR_GHG(1.0),Air emissions - Greenhouse gas emissions Inventories,I,OECDSO,OECD Asia Oceania,A,Annual,CO2,Carbon dioxide,_T,Total emissions excluding LULUCF,T_CO2E,Tonnes of CO2-equivalent,2020,,2155996,,E,Estimated value,3,Thousands,,,,,2,Two,,
DATAFLOW,OECD.ENV.EPI:DSD_AIR_GHG@DF_AIR_GHG(1.0),Air emissions - Greenhouse gas emissions Inventories,I,OECDSO,OECD Asia Oceania,A,Annual,GHG,Greenhouse gases,_T,Total emissions excluding LULUCF,T_CO2E,Tonnes of CO2-equivalent,2020,,2526915,,E,Estimated value,3,Thousands,,,,,2,Two,,
DATAFLOW,OECD.ENV.EPI:DSD_AIR_GHG@DF_AIR_GHG(1.0),Air emissions - Greenhouse gas emissions Inventories,I,OECDSO,OECD Asia Oceania,A,Annual,N2O,Nitrous oxide,_T,Total emissions excluding LULUCF,T_CO2E,Tonnes of CO2-equivalent,2020,,49604,,E,Estimated value,3,Thousands,,,,,2,Two,,
DATAFLOW,OECD.ENV.EPI:DSD_AIR_GHG@DF_AIR_GHG(1.0),Air emissions - Greenhouse gas emissions Inventories,I,OECDSO,OECD Asia Oceania,A,Annual,N2O,Nitrous oxide,_T,Total emissions excluding LULUCF,T_CO2E,Tonnes of CO2-equivalent,2021,,50477,,E,Estimated value,3,Thousands,,,,,2,Two,,
DATAFLOW,OECD.ENV.EPI:DSD_AIR_GHG@DF_AIR_GHG(1.0),Air emissions - Greenhouse gas emissions Inventories,I,OECDSO,OECD Asia Oceania,A,Annual,GHG,Greenhouse gases,_T,Total emissions excluding LULUCF,T_CO2E,Tonnes of CO2-equivalent,2021,,2569419,,E,Estimated value,3,Thousands,,,,,2,Two,,
DATAFLOW,OECD.ENV.EPI:DSD_AIR_GHG@DF_AIR_GHG(1.0),Air emissions - Greenhouse gas emissions Inventories,I,OECDSO,OECD Asia Oceania,A,Annual,CO2,Carbon dioxide,_T,Total emissions excluding LULUCF,T_CO2E,Tonnes of CO2-equivalent,2021,,2194511,,E,Estimated value,3,Thousands,,,,,2,Two,,
DATAFLOW,OECD.ENV.EPI:DSD_AIR_GHG@DF_AIR_GHG(1.0),Air emissions - Greenhouse gas emissions Inventories,I,OECDSO,OECD Asia Oceania,A,Annual,CO2,Carbon dioxide,_T,Total emissions excluding LULUCF,T_CO2E,Tonnes of CO2-equivalent,2022,,2145461,,E,Estimated value,3,Thousands,,,,,2,Two,,
DATAFLOW,OECD.ENV.EPI:DSD_AIR_GHG@DF_AIR_GHG(1.0),Air emissions - Greenhouse gas emissions Inventories,I,OECDSO,OECD Asia Oceania,A,Annual,GHG,Greenhouse gases,_T,Total emissions excluding LULUCF,T_CO2E,Tonnes of CO2-equivalent,2022,,2515062,,E,Estimated value,3,Thousands,,,,,2,Two,,
DATAFLOW,OECD.ENV.EPI:DSD_AIR_GHG@DF_AIR_GHG(1.0),Air emissions - Greenhouse gas emissions Inventories,I,OECDSO,OECD Asia Oceania,A,Annual,N2O,Nitrous oxide,_T,Total emissions excluding LULUCF,T_CO2E,Tonnes of CO2-equivalent,2022,,50111,,E,Estimated value,3,Thousands,,,,,2,Two,,
DATAFLOW,OECD.ENV.EPI:DSD_AIR_GHG@DF_AIR_GHG(1.0),Air emissions - Greenhouse gas emissions Inventories,I,OECDSO,OECD Asia Oceania,A,Annual,N2O,Nitrous oxide,_T,Total emissions excluding LULUCF,T_CO2E,Tonnes of CO2-equivalent,2023,,49066,,E,Estimated value,3,Thousands,,,,,2,Two,,
DATAFLOW,OECD.ENV.EPI:DSD_AIR_GHG@DF_AIR_GHG(1.0),Air emissions - Greenhouse gas emissions Inventories,I,OECDSO,OECD Asia Oceania,A,Annual,GHG,Greenhouse gases,_T,Total emissions excluding LULUCF,T_CO2E,Tonnes of CO2-equivalent,2023,,2451080,,E,Estimated value,3,Thousands,,,,,2,Two,,
DATAFLOW,OECD.ENV.EPI:DSD_AIR_GHG@DF_AIR_GHG(1.0),Air emissions - Greenhouse gas emissions Inventories,I,OECDSO,OECD Asia Oceania,A,Annual,CO2,Carbon dioxide,_T,Total emissions excluding LULUCF,T_CO2E,Tonnes of CO2-equivalent,2023,,2087117,,E,Estimated value,3,Thousands,,,,,2,Two,,
DATAFLOW,OECD.ENV.EPI:DSD_AIR_GHG@DF_AIR_GHG(1.0),Air emissions - Greenhouse gas emissions Inventories,I,OECDSO,OECD Asia Oceania,A,Annual,CO2,Carbon dioxide,_T,Total emissions excluding LULUCF,T_CO2E,Tonnes of CO2-equivalent,2024,,2069027,,E,Estimated value,3,Thousands,,,,,2,Two,,
DATAFLOW,OECD.ENV.EPI:DSD_AIR_GHG@DF_AIR_GHG(1.0),Air emissions - Greenhouse gas emissions Inventories,I,OECDSO,OECD Asia Oceania,A,Annual,GHG,Greenhouse gases,_T,Total emissions excluding LULUCF,T_CO2E,Tonnes of CO2-equivalent,2024,,2424647,,E,Estimated value,3,Thousands,,,,,2,Two,,
DATAFLOW,OECD.ENV.EPI:DSD_AIR_GHG@DF_AIR_GHG(1.0),Air emissions - Greenhouse gas emissions Inventories,I,OECDSO,OECD Asia Oceania,A,Annual,N2O,Nitrous oxide,_T,Total emissions excluding LULUCF,T_CO2E,Tonnes of CO2-equivalent,2024,,46588,,E,Estimated value,3,Thousands,,,,,2,Two,,
DATAFLOW,OECD.ENV.EPI:DSD_AIR_GHG@DF_AIR_GHG(1.0),Air emissions - Greenhouse gas emissions Inventories,I,OECDA,OECD America,A,Annual,CO2,Carbon dioxide,_T,Total emissions excluding LULUCF,T_CO2E,Tonnes of CO2-equivalent,2015,,6444990,,E,Estimated value,3,Thousands,,,,,2,Two,,
DATAFLOW,OECD.ENV.EPI:DSD_AIR_GHG@DF_AIR_GHG(1.0),Air emissions - Greenhouse gas emissions Inventories,I,OECDA,OECD America,A,Annual,GHG,Greenhouse gases,_T,Total emissions excluding LULUCF,T_CO2E,Tonnes of CO2-equivalent,2015,,8509646,,E,Estimated value,3,Thousands,,,,,2,Two,,
DATAFLOW,OECD.ENV.EPI:DSD_AIR_GHG@DF_AIR_GHG(1.0),Air emissions - Greenhouse gas emissions Inventories,I,OECDA,OECD America,A,Annual,N2O,Nitrous oxide,_T,Total emissions excluding LULUCF,T_CO2E,Tonnes of CO2-equivalent,2015,,509737,,E,Estimated value,3,Thousands,,,,,2,Two,,
DATAFLOW,OECD.ENV.EPI:DSD_AIR_GHG@DF_AIR_GHG(1.0),Air emissions - Greenhouse gas emissions Inventories,I,OECDA,OECD America,A,Annual,N2O,Nitrous oxide,_T,Total emissions excluding LULUCF,T_CO2E,Tonnes of CO2-equivalent,2016,,494212,,E,Estimated value,3,Thousands,,,,,2,Two,,
DATAFLOW,OECD.ENV.EPI:DSD_AIR_GHG@DF_AIR_GHG(1.0),Air emissions - Greenhouse gas emissions Inventories,I,OECDA,OECD America,A,Annual,GHG,Greenhouse gases,_T,Total emissions excluding LULUCF,T_CO2E,Tonnes of CO2-equivalent,2016,,8385100,,E,Estimated value,3,Thousands,,,,,2,Two,,
DATAFLOW,OECD.ENV.EPI:DSD_AIR_GHG@DF_AIR_GHG(1.0),Air emissions - Greenhouse gas emissions Inventories,I,OECDA,OECD America,A,Annual,CO2,Carbon dioxide,_T,Total emissions excluding LULUCF,T_CO2E,Tonnes of CO2-equivalent,2016,,6367159,,E,Estimated value,3,Thousands,,,,,2,Two,,
DATAFLOW,OECD.ENV.EPI:DSD_AIR_GHG@DF_AIR_GHG(1.0),Air emissions - Greenhouse gas emissions Inventories,I,OECDA,OECD America,A,Annual,CO2,Carbon dioxide,_T,Total emissions excluding LULUCF,T_CO2E,Tonnes of CO2-equivalent,2017,,6298223,,E,Estimated value,3,Thousands,,,,,2,Two,,
DATAFLOW,OECD.ENV.EPI:DSD_AIR_GHG@DF_AIR_GHG(1.0),Air emissions - Greenhouse gas emissions Inventories,I,OECDA,OECD America,A,Annual,GHG,Greenhouse gases,_T,Total emissions excluding LULUCF,T_CO2E,Tonnes of CO2-equivalent,2017,,8336388,,E,Estimated value,3,Thousands,,,,,2,Two,,
DATAFLOW,OECD.ENV.EPI:DSD_AIR_GHG@DF_AIR_GHG(1.0),Air emissions - Greenhouse gas emissions Inventories,I,OECDA,OECD America,A,Annual,N2O,Nitrous oxide,_T,Total emissions excluding LULUCF,T_CO2E,Tonnes of CO2-equivalent,2017,,498996,,E,Estimated value,3,Thousands,,,,,2,Two,,
DATAFLOW,OECD.ENV.EPI:DSD_AIR_GHG@DF_AIR_GHG(1.0),Air emissions - Greenhouse gas emissions Inventories,I,OECDA,OECD America,A,Annual,N2O,Nitrous oxide,_T,Total emissions excluding LULUCF,T_CO2E,Tonnes of CO2-equivalent,2018,,524274,,E,Estimated value,3,Thousands,,,,,2,Two,,
DATAFLOW,OECD.ENV.EPI:DSD_AIR_GHG@DF_AIR_GHG(1.0),Air emissions - Greenhouse gas emissions Inventories,I,OECDA,OECD America,A,Annual,GHG,Greenhouse gases,_T,Total emissions excluding LULUCF,T_CO2E,Tonnes of CO2-equivalent,2018,,8559344,,E,Estimated value,3,Thousands,,,,,2,Two,,
DATAFLOW,OECD.ENV.EPI:DSD_AIR_GHG@DF_AIR_GHG(1.0),Air emissions - Greenhouse gas emissions Inventories,I,OECDA,OECD America,A,Annual,CO2,Carbon dioxide,_T,Total emissions excluding LULUCF,T_CO2E,Tonnes of CO2-equivalent,2018,,6476173,,E,Estimated value,3,Thousands,,,,,2,Two,,
DATAFLOW,OECD.ENV.EPI:DSD_AIR_GHG@DF_AIR_GHG(1.0),Air emissions - Greenhouse gas emissions Inventories,I,OECDA,OECD America,A,Annual,CO2,Carbon dioxide,_T,Total emissions excluding LULUCF,T_CO2E,Tonnes of CO2-equivalent,2019,,6359244,,E,Estimated value,3,Thousands,,,,,2,Two,,
DATAFLOW,OECD.ENV.EPI:DSD_AIR_GHG@DF_AIR_GHG(1.0),Air emissions - Greenhouse gas emissions Inventories,I,OECDA,OECD America,A,Annual,GHG,Greenhouse gases,_T,Total emissions excluding LULUCF,T_CO2E,Tonnes of CO2-equivalent,2019,,8409263,,E,Estimated value,3,Thousands,,,,,2,Two,,
DATAFLOW,OECD.ENV.EPI:DSD_AIR_GHG@DF_AIR_GHG(1.0),Air emissions - Greenhouse gas emissions Inventories,I,OECDA,OECD America,A,Annual,N2O,Nitrous oxide,_T,Total emissions excluding LULUCF,T_CO2E,Tonnes of CO2-equivalent,2019,,501048,,E,Estimated value,3,Thousands,,,,,2,Two,,
DATAFLOW,OECD.ENV.EPI:DSD_AIR_GHG@DF_AIR_GHG(1.0),Air emissions - Greenhouse gas emissions Inventories,I,OECDA,OECD America,A,Annual,N2O,Nitrous oxide,_T,Total emissions excluding LULUCF,T_CO2E,Tonnes of CO2-equivalent,2020,,474946,,E,Estimated value,3,Thousands,,,,,2,Two,,
DATAFLOW,OECD.ENV.EPI:DSD_AIR_GHG@DF_AIR_GHG(1.0),Air emissions - Greenhouse gas emissions Inventories,I,OECDA,OECD America,A,Annual,GHG,Greenhouse gases,_T,Total emissions excluding LULUCF,T_CO2E,Tonnes of CO2-equivalent,2020,,7696364,,E,Estimated value,3,Thousands,,,,,2,Two,,
DATAFLOW,OECD.ENV.EPI:DSD_AIR_GHG@DF_AIR_GHG(1.0),Air emissions - Greenhouse gas emissions Inventories,I,OECDA,OECD America,A,Annual,CO2,Carbon dioxide,_T,Total emissions excluding LULUCF,T_CO2E,Tonnes of CO2-equivalent,2020,,5674114,,E,Estimated value,3,Thousands,,,,,2,Two,,
DATAFLOW,OECD.ENV.EPI:DSD_AIR_GHG@DF_AIR_GHG(1.0),Air emissions - Greenhouse gas emissions Inventories,I,OECDA,OECD America,A,Annual,CO2,Carbon dioxide,_T,Total emissions excluding LULUCF,T_CO2E,Tonnes of CO2-equivalent,2021,,6024377,,E,Estimated value,3,Thousands,,,,,2,Two,,
DATAFLOW,OECD.ENV.EPI:DSD_AIR_GHG@DF_AIR_GHG(1.0),Air emissions - Greenhouse gas emissions Inventories,I,OECDA,OECD America,A,Annual,GHG,Greenhouse gases,_T,Total emissions excluding LULUCF,T_CO2E,Tonnes of CO2-equivalent,2021,,8049444,,E,Estimated value,3,Thousands,,,,,2,Two,,
DATAFLOW,OECD.ENV.EPI:DSD_AIR_GHG@DF_AIR_GHG(1.0),Air emissions - Greenhouse gas emissions Inventories,I,OECDA,OECD America,A,Annual,N2O,Nitrous oxide,_T,Total emissions excluding LULUCF,T_CO2E,Tonnes of CO2-equivalent,2021,,481786,,E,Estimated value,3,Thousands,,,,,2,Two,,
DATAFLOW,OECD.ENV.EPI:DSD_AIR_GHG@DF_AIR_GHG(1.0),Air emissions - Greenhouse gas emissions Inventories,I,OECDA,OECD America,A,Annual,N2O,Nitrous oxide,_T,Total emissions excluding LULUCF,T_CO2E,Tonnes of CO2-equivalent,2022,,475957,,E,Estimated value,3,Thousands,,,,,2,Two,,
DATAFLOW,OECD.ENV.EPI:DSD_AIR_GHG@DF_AIR_GHG(1.0),Air emissions - Greenhouse gas emissions Inventories,I,OECDA,OECD America,A,Annual,GHG,Greenhouse gases,_T,Total emissions excluding LULUCF,T_CO2E,Tonnes of CO2-equivalent,2022,,8111120,,E,Estimated value,3,Thousands,,,,,2,Two,,
DATAFLOW,OECD.ENV.EPI:DSD_AIR_GHG@DF_AIR_GHG(1.0),Air emissions - Greenhouse gas emissions Inventories,I,OECDA,OECD America,A,Annual,CO2,Carbon dioxide,_T,Total emissions excluding LULUCF,T_CO2E,Tonnes of CO2-equivalent,2022,,6120823,,E,Estimated value,3,Thousands,,,,,2,Two,,
DATAFLOW,OECD.ENV.EPI:DSD_AIR_GHG@DF_AIR_GHG(1.0),Air emissions - Greenhouse gas emissions Inventories,I,OECDA,OECD America,A,Annual,CO2,Carbon dioxide,_T,Total emissions excluding LULUCF,T_CO2E,Tonnes of CO2-equivalent,2023,,6116236,,E,Estimated value,3,Thousands,,,,,2,Two,,
DATAFLOW,OECD.ENV.EPI:DSD_AIR_GHG@DF_AIR_GHG(1.0),Air emissions - Greenhouse gas emissions Inventories,I,OECDA,OECD America,A,Annual,GHG,Greenhouse gases,_T,Total emissions excluding LULUCF,T_CO2E,Tonnes of CO2-equivalent,2023,,8102150,,E,Estimated value,3,Thousands,,,,,2,Two,,
DATAFLOW,OECD.ENV.EPI:DSD_AIR_GHG@DF_AIR_GHG(1.0),Air emissions - Greenhouse gas emissions Inventories,I,OECDA,OECD America,A,Annual,N2O,Nitrous oxide,_T,Total emissions excluding LULUCF,T_CO2E,Tonnes of CO2-equivalent,2023,,475625,,E,Estimated value,3,Thousands,,,,,2,Two,,
DATAFLOW,OECD.ENV.EPI:DSD_AIR_GHG@DF_AIR_GHG(1.0),Air emissions - Greenhouse gas emissions Inventories,I,OECDA,OECD America,A,Annual,N2O,Nitrous oxide,_T,Total emissions excluding LULUCF,T_CO2E,Tonnes of CO2-equivalent,2024,,476348,,E,Estimated value,3,Thousands,,,,,2,Two,,
DATAFLOW,OECD.ENV.EPI:DSD_AIR_GHG@DF_AIR_GHG(1.0),Air emissions - Greenhouse gas emissions Inventories,I,OECDA,OECD America,A,Annual,GHG,Greenhouse gases,_T,Total emissions excluding LULUCF,T_CO2E,Tonnes of CO2-equivalent,2024,,8099974,,E,Estimated value,3,Thousands,,,,,2,Two,,
DATAFLOW,OECD.ENV.EPI:DSD_AIR_GHG@DF_AIR_GHG(1.0),Air emissions - Greenhouse gas emissions Inventories,I,OECDA,OECD America,A,Annual,CO2,Carbon dioxide,_T,Total emissions excluding LULUCF,T_CO2E,Tonnes of CO2-equivalent,2024,,6115096,,E,Estimated value,3,Thousands,,,,,2,Two,,
DATAFLOW,OECD.ENV.EPI:DSD_AIR_GHG@DF_AIR_GHG(1.0),Air emissions - Greenhouse gas emissions Inventories,I,OECD,OECD,A,Annual,N2O,Nitrous oxide,_T,Total emissions excluding LULUCF,T_CO2E,Tonnes of CO2-equivalent,2015,,782419,,E,Estimated value,3,Thousands,,,,,2,Two,,
DATAFLOW,OECD.ENV.EPI:DSD_AIR_GHG@DF_AIR_GHG(1.0),Air emissions - Greenhouse gas emissions Inventories,I,OECD,OECD,A,Annual,CO2,Carbon dioxide,_T,Total emissions excluding LULUCF,T_CO2E,Tonnes of CO2-equivalent,2015,,12666274,,E,Estimated value,3,Thousands,,,,,2,Two,,
DATAFLOW,OECD.ENV.EPI:DSD_AIR_GHG@DF_AIR_GHG(1.0),Air emissions - Greenhouse gas emissions Inventories,I,OECD,OECD,A,Annual,CO2,Carbon dioxide,_T,Total emissions excluding LULUCF,T_CO2E,Tonnes of CO2-equivalent,2016,,12588134,,E,Estimated value,3,Thousands,,,,,2,Two,,
DATAFLOW,OECD.ENV.EPI:DSD_AIR_GHG@DF_AIR_GHG(1.0),Air emissions - Greenhouse gas emissions Inventories,I,OECD,OECD,A,Annual,N2O,Nitrous oxide,_T,Total emissions excluding LULUCF,T_CO2E,Tonnes of CO2-equivalent,2016,,769997,,E,Estimated value,3,Thousands,,,,,2,Two,,
DATAFLOW,OECD.ENV.EPI:DSD_AIR_GHG@DF_AIR_GHG(1.0),Air emissions - Greenhouse gas emissions Inventories,I,OECD,OECD,A,Annual,N2O,Nitrous oxide,_T,Total emissions excluding LULUCF,T_CO2E,Tonnes of CO2-equivalent,2017,,780228,,E,Estimated value,3,Thousands,,,,,2,Two,,
DATAFLOW,OECD.ENV.EPI:DSD_AIR_GHG@DF_AIR_GHG(1.0),Air emissions - Greenhouse gas emissions Inventories,I,OECD,OECD,A,Annual,CO2,Carbon dioxide,_T,Total emissions excluding LULUCF,T_CO2E,Tonnes of CO2-equivalent,2017,,12556088,,E,Estimated value,3,Thousands,,,,,2,Two,,
DATAFLOW,OECD.ENV.EPI:DSD_AIR_GHG@DF_AIR_GHG(1.0),Air emissions - Greenhouse gas emissions Inventories,I,OECD,OECD,A,Annual,CO2,Carbon dioxide,_T,Total emissions excluding LULUCF,T_CO2E,Tonnes of CO2-equivalent,2018,,12628005,,E,Estimated value,3,Thousands,,,,,2,Two,,
DATAFLOW,OECD.ENV.EPI:DSD_AIR_GHG@DF_AIR_GHG(1.0),Air emissions - Greenhouse gas emissions Inventories,I,OECD,OECD,A,Annual,N2O,Nitrous oxide,_T,Total emissions excluding LULUCF,T_CO2E,Tonnes of CO2-equivalent,2018,,798855,,E,Estimated value,3,Thousands,,,,,2,Two,,
DATAFLOW,OECD.ENV.EPI:DSD_AIR_GHG@DF_AIR_GHG(1.0),Air emissions - Greenhouse gas emissions Inventories,I,OECD,OECD,A,Annual,N2O,Nitrous oxide,_T,Total emissions excluding LULUCF,T_CO2E,Tonnes of CO2-equivalent,2019,,775295,,E,Estimated value,3,Thousands,,,,,2,Two,,
DATAFLOW,OECD.ENV.EPI:DSD_AIR_GHG@DF_AIR_GHG(1.0),Air emissions - Greenhouse gas emissions Inventories,I,OECD,OECD,A,Annual,CO2,Carbon dioxide,_T,Total emissions excluding LULUCF,T_CO2E,Tonnes of CO2-equivalent,2019,,12276555,,E,Estimated value,3,Thousands,,,,,2,Two,,
DATAFLOW,OECD.ENV.EPI:DSD_AIR_GHG@DF_AIR_GHG(1.0),Air emissions - Greenhouse gas emissions Inventories,I,OECD,OECD,A,Annual,CO2,Carbon dioxide,_T,Total emissions excluding LULUCF,T_CO2E,Tonnes of CO2-equivalent,2020,,11156069,,E,Estimated value,3,Thousands,,,,,2,Two,,
DATAFLOW,OECD.ENV.EPI:DSD_AIR_GHG@DF_AIR_GHG(1.0),Air emissions - Greenhouse gas emissions Inventories,I,OECD,OECD,A,Annual,N2O,Nitrous oxide,_T,Total emissions excluding LULUCF,T_CO2E,Tonnes of CO2-equivalent,2020,,750251,,E,Estimated value,3,Thousands,,,,,2,Two,,
DATAFLOW,OECD.ENV.EPI:DSD_AIR_GHG@DF_AIR_GHG(1.0),Air emissions - Greenhouse gas emissions Inventories,I,OECD,OECD,A,Annual,N2O,Nitrous oxide,_T,Total emissions excluding LULUCF,T_CO2E,Tonnes of CO2-equivalent,2021,,758283,,E,Estimated value,3,Thousands,,,,,2,Two,,
DATAFLOW,OECD.ENV.EPI:DSD_AIR_GHG@DF_AIR_GHG(1.0),Air emissions - Greenhouse gas emissions Inventories,I,OECD,OECD,A,Annual,CO2,Carbon dioxide,_T,Total emissions excluding LULUCF,T_CO2E,Tonnes of CO2-equivalent,2021,,11769943,,E,Estimated value,3,Thousands,,,,,2,Two,,
DATAFLOW,OECD.ENV.EPI:DSD_AIR_GHG@DF_AIR_GHG(1.0),Air emissions - Greenhouse gas emissions Inventories,I,OECD,OECD,A,Annual,CO2,Carbon dioxide,_T,Total emissions excluding LULUCF,T_CO2E,Tonnes of CO2-equivalent,2022,,11714311,,E,Estimated value,3,Thousands,,,,,2,Two,,
DATAFLOW,OECD.ENV.EPI:DSD_AIR_GHG@DF_AIR_GHG(1.0),Air emissions - Greenhouse gas emissions Inventories,I,OECD,OECD,A,Annual,N2O,Nitrous oxide,_T,Total emissions excluding LULUCF,T_CO2E,Tonnes of CO2-equivalent,2022,,738435,,E,Estimated value,3,Thousands,,,,,2,Two,,
DATAFLOW,OECD.ENV.EPI:DSD_AIR_GHG@DF_AIR_GHG(1.0),Air emissions - Greenhouse gas emissions Inventories,I,OECD,OECD,A,Annual,N2O,Nitrous oxide,_T,Total emissions excluding LULUCF,T_CO2E,Tonnes of CO2-equivalent,2023,,737452,,E,Estimated value,3,Thousands,,,,,2,Two,,
DATAFLOW,OECD.ENV.EPI:DSD_AIR_GHG@DF_AIR_GHG(1.0),Air emissions - Greenhouse gas emissions Inventories,I,OECD,OECD,A,Annual,CO2,Carbon dioxide,_T,Total emissions excluding LULUCF,T_CO2E,Tonnes of CO2-equivalent,2023,,11387215,,E,Estimated value,3,Thousands,,,,,2,Two,,
DATAFLOW,OECD.ENV.EPI:DSD_AIR_GHG@DF_AIR_GHG(1.0),Air emissions - Greenhouse gas emissions Inventories,I,OECD,OECD,A,Annual,CO2,Carbon dioxide,_T,Total emissions excluding LULUCF,T_CO2E,Tonnes of CO2-equivalent,2024,,11318718,,E,Estimated value,3,Thousands,,,,,2,Two,,
DATAFLOW,OECD.ENV.EPI:DSD_AIR_GHG@DF_AIR_GHG(1.0),Air emissions - Greenhouse gas emissions Inventories,I,OECD,OECD,A,Annual,N2O,Nitrous oxide,_T,Total emissions excluding LULUCF,T_CO2E,Tonnes of CO2-equivalent,2024,,735318,,E,Estimated value,3,Thousands,,,,,2,Two,,
DATAFLOW,OECD.ENV.EPI:DSD_AIR_GHG@DF_AIR_GHG(1.0),Air emissions - Greenhouse gas emissions Inventories,I,OECD,OECD,A,Annual,GHG,Greenhouse gases,_T,Total emissions excluding LULUCF,T_CO2E,Tonnes of CO2-equivalent,2015,,15944472,,E,Estimated value,3,Thousands,,,,,2,Two,,
DATAFLOW,OECD.ENV.EPI:DSD_AIR_GHG@DF_AIR_GHG(1.0),Air emissions - Greenhouse gas emissions Inventories,I,OECD,OECD,A,Annual,GHG,Greenhouse gases,_T,Total emissions excluding LULUCF,T_CO2E,Tonnes of CO2-equivalent,2016,,15821074,,E,Estimated value,3,Thousands,,,,,2,Two,,
DATAFLOW,OECD.ENV.EPI:DSD_AIR_GHG@DF_AIR_GHG(1.0),Air emissions - Greenhouse gas emissions Inventories,I,OECD,OECD,A,Annual,GHG,Greenhouse gases,_T,Total emissions excluding LULUCF,T_CO2E,Tonnes of CO2-equivalent,2017,,15819408,,E,Estimated value,3,Thousands,,,,,2,Two,,
DATAFLOW,OECD.ENV.EPI:DSD_AIR_GHG@DF_AIR_GHG(1.0),Air emissions - Greenhouse gas emissions Inventories,I,OECD,OECD,A,Annual,GHG,Greenhouse gases,_T,Total emissions excluding LULUCF,T_CO2E,Tonnes of CO2-equivalent,2018,,15926506,,E,Estimated value,3,Thousands,,,,,2,Two,,
DATAFLOW,OECD.ENV.EPI:DSD_AIR_GHG@DF_AIR_GHG(1.0),Air emissions - Greenhouse gas emissions Inventories,I,OECD,OECD,A,Annual,GHG,Greenhouse gases,_T,Total emissions excluding LULUCF,T_CO2E,Tonnes of CO2-equivalent,2019,,15525430,,E,Estimated value,3,Thousands,,,,,2,Two,,
DATAFLOW,OECD.ENV.EPI:DSD_AIR_GHG@DF_AIR_GHG(1.0),Air emissions - Greenhouse gas emissions Inventories,I,OECD,OECD,A,Annual,GHG,Greenhouse gases,_T,Total emissions excluding LULUCF,T_CO2E,Tonnes of CO2-equivalent,2020,,14367416,,E,Estimated value,3,Thousands,,,,,2,Two,,
DATAFLOW,OECD.ENV.EPI:DSD_AIR_GHG@DF_AIR_GHG(1.0),Air emissions - Greenhouse gas emissions Inventories,I,OECD,OECD,A,Annual,GHG,Greenhouse gases,_T,Total emissions excluding LULUCF,T_CO2E,Tonnes of CO2-equivalent,2021,,14980367,,E,Estimated value,3,Thousands,,,,,2,Two,,
DATAFLOW,OECD.ENV.EPI:DSD_AIR_GHG@DF_AIR_GHG(1.0),Air emissions - Greenhouse gas emissions Inventories,I,OECD,OECD,A,Annual,GHG,Greenhouse gases,_T,Total emissions excluding LULUCF,T_CO2E,Tonnes of CO2-equivalent,2022,,14859731,,E,Estimated value,3,Thousands,,,,,2,Two,,
DATAFLOW,OECD.ENV.EPI:DSD_AIR_GHG@DF_AIR_GHG(1.0),Air emissions - Greenhouse gas emissions Inventories,I,OECD,OECD,A,Annual,GHG,Greenhouse gases,_T,Total emissions excluding LULUCF,T_CO2E,Tonnes of CO2-equivalent,2023,,14501979,,E,Estimated value,3,Thousands,,,,,2,Two,,
DATAFLOW,OECD.ENV.EPI:DSD_AIR_GHG@DF_AIR_GHG(1.0),Air emissions - Greenhouse gas emissions Inventories,I,OECD,OECD,A,Annual,GHG,Greenhouse gases,_T,Total emissions excluding LULUCF,T_CO2E,Tonnes of CO2-equivalent,2024,,14418511,,E,Estimated value,3,Thousands,,,,,2,Two,,
